-100.0000000000000000 68.3177610861160645
-99.9799979997999770 21.6465240395246603
-99.9599959995999541 56.9939646861516991
-99.9399939993999453 27.3670110231559498
-99.9199919991999224 29.0245499643437235
-99.8999899989998994 16.5234919655124131
-99.8799879987998764 41.3600954001151422
-99.8599859985998535 47.0035003242691332
-99.8399839983998447 30.4996190459665115
-99.8199819981998218 53.1668006999930611
-99.7999799979997988 84.2371546139717822
-99.7799779977997758 55.8029572807248258
-99.7599759975997529 36.6768394080895916
-99.7399739973997441 27.0054036228584735
-99.7199719971997212 13.6641118625782561
-99.6999699969996982 16.1420352206895323
-99.6799679967996752 26.4404588953094546
-99.6599659965996665 56.6229225264074501
-99.6399639963996435 52.2661811047136595
-99.6199619961996206 0.9041468827666250
-99.5999599959995976 68.1184703535091671
-99.5799579957995746 -3.5785987823556979
-99.5599559955995659 67.1933877026512221
-99.5399539953995429 57.1060621527342818
-99.5199519951995200 29.0845640794908533
-99.4999499949994970 19.4604306597814585
-99.4799479947994740 11.1979290502287654
-99.4599459945994653 20.9494020996861998
-99.4399439943994423 31.4869629038544900
-99.4199419941994194 84.1645890228688813
-99.3999399939993964 65.2086136966087366
-99.3799379937993734 26.0799337059884095
-99.3599359935993647 69.9611742869079336
-99.3399339933993417 63.8257588744451354
-99.3199319931993188 98.0446670105184666
-99.2999299929992958 69.8224072218138474
-99.2799279927992870 82.3875103082345674
-99.2599259925992641 35.9868716908956685
-99.2399239923992411 70.7462242136715389
-99.2199219921992182 21.9630061703040376
-99.1999199919991952 94.1698169676877797
-99.1799179917991864 46.4262665065991342
-99.1599159915991635 55.0723059119295542
-99.1399139913991405 67.5982530205280057
-99.1199119911991176 58.3822717782578025
-99.0999099909990946 57.4247398944356036
-99.0799079907990858 11.8989838884805863
-99.0599059905990629 99.9019500056135996
-99.0399039903990399 36.7967572702041963
-99.0199019901990170 56.2066097097371369
-98.9998999899989940 5.2212579475544345
-98.9798979897989852 36.2292198302836823
-98.9598959895989623 11.0986920153967397
-98.9398939893989393 13.0722515240603983
-98.9198919891989163 9.5604596103701454
-98.8998899889988934 -12.2875431436136395
-98.8798879887988846 0.6801010992482261
-98.8598859885988617 1.6314421224539828
-98.8398839883988387 23.7037232891673497
-98.8198819881988157 59.6211270135090530
-98.7998799879987928 25.9800991624274538
-98.7798779877987840 7.6416014333834958
-98.7598759875987611 31.8700990690609238
-98.7398739873987381 65.1543216707580370
-98.7198719871987151 67.9807572640057174
-98.6998699869987064 77.4434100728291384
-98.6798679867986834 78.2493562444146278
-98.6598659865986605 45.1840865222143577
-98.6398639863986375 56.6726226430173767
-98.6198619861986145 46.5024542239016014
-98.5998599859986058 48.5659154241039772
-98.5798579857985828 59.2351615252724031
-98.5598559855985599 74.0152902115650733
-98.5398539853985369 72.3486646943539995
-98.5198519851985139 34.0422357604693815
-98.4998499849985052 32.1150388982135127
-98.4798479847984822 74.3639048334198094
-98.4598459845984593 77.5314834217528528
-98.4398439843984363 54.6495591790039299
-98.4198419841984133 28.2611493105600680
-98.3998399839984046 25.8776940229413128
-98.3798379837983816 38.2661625106497354
-98.3598359835983587 51.7146809988437610
-98.3398339833983357 28.2853372294978875
-98.3198319831983270 52.2006725152521582
-98.2998299829983040 13.7730687452662117
-98.2798279827982810 64.1711415423753238
-98.2598259825982581 21.2727051736429260
-98.2398239823982351 44.7354903655807732
-98.2198219821982264 70.1589399998209728
-98.1998199819982034 20.9152982877267988
-98.1798179817981804 36.9923751155668867
-98.1598159815981575 49.6320486743021405
-98.1398139813981345 49.9628437734432964
-98.1198119811981257 3.9638760878359740
-98.0998099809981028 23.2546810002476931
-98.0798079807980798 24.6418048920671353
-98.0598059805980569 29.9520179556264523
-98.0398039803980339 7.1278436538947929
-98.0198019801980251 37.1934284598232168
-97.9997999799980022 66.2925997725942011
-97.9797979797979792 33.4558037230872216
-97.9597959795979563 70.4900289530591238
-97.9397939793979333 18.2323787860701430
-97.9197919791979245 34.6953800362740168
-97.8997899789979016 7.8497627385936433
-97.8797879787978786 4.8620110963340935
-97.8597859785978557 9.7439980080128947
-97.8397839783978327 -2.7460144029769751
-97.8197819781978239 29.5444832037451732
-97.7997799779978010 45.2246756896041333
-97.7797779777977780 67.0939331492222948
-97.7597759775977551 52.6339746949815108
-97.7397739773977463 24.1431192769066421
-97.7197719771977233 36.2849114837901254
-97.6997699769977004 23.0469755310798021
-97.6797679767976774 39.9411344719594297
-97.6597659765976545 85.7442820856177832
-97.6397639763976457 24.0271335048075727
-97.6197619761976227 54.5309335000025328
-97.5997599759975998 -42.5663835090023355
-97.5797579757975768 21.8006852548453658
-97.5597559755975539 29.4611879526666378
-97.5397539753975451 -11.5495637473895343
-97.5197519751975221 -8.4305101387771870
-97.4997499749974992 -2.6794242372831292
-97.4797479747974762 3.2733728816052938
-97.4597459745974533 68.6530807772898299
-97.4397439743974445 37.6234020361817372
-97.4197419741974215 69.9349157082213537
-97.3997399739973986 13.5902736494619845
-97.3797379737973756 -11.9038084329378293
-97.3597359735973669 31.2238159402475759
-97.3397339733973439 37.6920977639704660
-97.3197319731973209 -33.8544646705340639
-97.2997299729972980 29.1338866495606830
-97.2797279727972750 36.1070434569505139
-97.2597259725972663 49.2849928025498087
-97.2397239723972433 30.8142584120751444
-97.2197219721972203 21.9909327030385704
-97.1997199719971974 20.2086907394046840
-97.1797179717971744 -2.5207249805057010
-97.1597159715971657 -1.1215764804864534
-97.1397139713971427 64.3362087431926284
-97.1197119711971197 -16.0427374518988906
-97.0997099709970968 34.5407272707907111
-97.0797079707970738 25.1780708775185538
-97.0597059705970651 -2.0230178436720685
-97.0397039703970421 -26.3430850904112397
-97.0197019701970191 -0.7572601914341810
-96.9996999699969962 33.5565588071274661
-96.9796979697969732 34.6305730030424712
-96.9596959695969645 54.0363682818038029
-96.9396939693969415 31.9555594643858711
-96.9196919691969185 46.7788888254617987
-96.8996899689968956 19.1011460867264518
-96.8796879687968726 48.6951435961977666
-96.8596859685968639 11.6093239000508994
-96.8396839683968409 9.5550088623034348
-96.8196819681968179 0.2854079340277060
-96.7996799679967950 45.0087637616199245
-96.7796779677967862 62.0812884176645809
-96.7596759675967633 31.6993708811310810
-96.7396739673967403 -17.2954504873336603
-96.7196719671967173 20.4772349573073491
-96.6996699669966944 58.5099937838181248
-96.6796679667966856 15.4186895863891031
-96.6596659665966627 43.5519722890234391
-96.6396639663966397 12.6684753887180541
-96.6196619661966167 38.7260897688488370
-96.5996599659965938 -18.5417860796091816
-96.5796579657965850 64.2160980064650886
-96.5596559655965621 5.4051746727259022
-96.5396539653965391 42.0664479543778427
-96.5196519651965161 12.3703014063253942
-96.4996499649964932 32.7005850932098170
-96.4796479647964844 8.9951026615579224
-96.4596459645964615 43.5190106269207533
-96.4396439643964385 17.7513191809252859
-96.4196419641964155 25.1781651019189781
-96.3996399639964068 23.0170069199270415
-96.3796379637963838 -2.0932953037682367
-96.3596359635963609 4.7000388130702717
-96.3396339633963379 42.1912998996741919
-96.3196319631963149 38.4769385331261660
-96.2996299629963062 47.5905347951627959
-96.2796279627962832 32.5838224345001137
-96.2596259625962603 40.6448702638057853
-96.2396239623962373 -27.9223475557309122
-96.2196219621962143 -12.5458812377210656
-96.1996199619962056 16.4063644348112589
-96.1796179617961826 32.7630887903069379
-96.1596159615961597 37.9911955195656574
-96.1396139613961367 34.6613168794495721
-96.1196119611961137 17.1709524653452696
-96.0996099609961050 44.6266304673085870
-96.0796079607960820 5.6100279700665219
-96.0596059605960590 23.3154021694988600
-96.0396039603960361 -10.9166684440520854
-96.0196019601960131 -0.4954829603295217
-95.9995999599960044 46.7866670399533362
-95.9795979597959814 60.4530009231304746
-95.9595959595959584 13.8000922253413840
-95.9395939593959355 11.7880766218171260
-95.9195919591959125 30.4003096911261252
-95.8995899589959038 62.0950997950915209
-95.8795879587958808 64.7812993700028272
-95.8595859585958578 32.1747152688705569
-95.8395839583958349 33.6756997555071251
-95.8195819581958119 0.0008555675588191
-95.7995799579958032 29.8619896052399838
-95.7795779577957802 20.9971938099343269
-95.7595759575957572 38.6634919994341004
-95.7395739573957343 16.0621813125843254
-95.7195719571957255 65.0152212256909792
-95.6995699569957026 9.7458960865501343
-95.6795679567956796 4.6809695092592278
-95.6595659565956566 6.3934987036936342
-95.6395639563956337 5.8931495835850214
-95.6195619561956249 -12.2211785517493681
-95.5995599559956020 -14.7260060391218559
-95.5795579557955790 -3.3829628846420654
-95.5595559555955560 50.9718433718674930
-95.5395539553955331 -35.8862724839774501
-95.5195519551955243 -10.5745881652921945
-95.4995499549955014 41.4420052011241893
-95.4795479547954784 8.4405265265828451
-95.4595459545954554 27.6123139374441990
-95.4395439543954467 20.2600145508588518
-95.4195419541954237 27.2846625903316529
-95.3995399539954008 41.3951101285048537
-95.3795379537953778 14.9808117454641696
-95.3595359535953548 -4.3644585204592303
-95.3395339533953461 46.2106055178911390
-95.3195319531953231 8.3726832197404146
-95.2995299529953002 23.7508369326187392
-95.2795279527952772 48.1453858022235934
-95.2595259525952542 23.1005283773414156
-95.2395239523952455 70.3261910863093931
-95.2195219521952225 53.9110909613802534
-95.1995199519951996 12.4543711021374968
-95.1795179517951766 6.6090615981273899
-95.1595159515951536 38.3420200553337338
-95.1395139513951449 29.0882439862425990
-95.1195119511951219 34.7715131859385025
-95.0995099509950990 18.6074087588208315
-95.0795079507950760 -17.3575534231241129
-95.0595059505950530 6.6324545589119968
-95.0395039503950443 34.9587369233507843
-95.0195019501950213 17.9374300530552446
-94.9994999499949984 5.9280971721524640
-94.9794979497949754 38.6190691595383484
-94.9594959495949524 -17.9019391090248590
-94.9394939493949437 42.3571331857218780
-94.9194919491949207 24.4290037976890773
-94.8994899489948978 -14.1998105292146626
-94.8794879487948748 32.8928317701512896
-94.8594859485948518 12.3149559279535801
-94.8394839483948431 55.1166559149154409
-94.8194819481948201 32.8769401139390425
-94.7994799479947972 10.5945863712007888
-94.7794779477947742 36.5139276169435476
-94.7594759475947654 -25.4439015124379502
-94.7394739473947425 -20.9715373167944676
-94.7194719471947195 18.1079218214540525
-94.6994699469946966 32.9315927964596540
-94.6794679467946736 -45.6867980523098680
-94.6594659465946648 12.5256048025697453
-94.6394639463946419 2.0162535456328321
-94.6194619461946189 11.1186873956763108
-94.5994599459945960 18.3333838522428714
-94.5794579457945730 14.2921799796171314
-94.5594559455945642 28.5201276098317038
-94.5394539453945413 25.7331402537119232
-94.5194519451945183 13.1654666979319970
-94.4994499449944954 37.8824363474562773
-94.4794479447944866 25.1793585499068762
-94.4594459445944636 60.4316499268140603
-94.4394439443944407 7.9153706220119968
-94.4194419441944177 30.7718644050660970
-94.3994399439943948 40.8068576276884301
-94.3794379437943860 -0.2471804687185148
-94.3594359435943630 28.7405198948606326
-94.3394339433943401 27.5707170697450081
-94.3194319431943171 46.0226709452938820
-94.2994299429942942 49.0010771305412476
-94.2794279427942854 39.5528251047860309
-94.2594259425942624 46.8182042762845043
-94.2394239423942395 -0.4539315721135040
-94.2194219421942165 15.8073925852144885
-94.1994199419941936 30.9913905305253223
-94.1794179417941848 64.9605288421251430
-94.1594159415941618 -4.7668473239927831
-94.1394139413941389 -20.1669769389398184
-94.1194119411941159 -0.3772423923599053
-94.0994099409940929 38.0745988244762827
-94.0794079407940842 -27.5342326919873592
-94.0594059405940612 33.6439686746253912
-94.0394039403940383 -10.8677098707090902
-94.0194019401940153 -26.2502669067136765
-93.9993999399939923 6.8738835285382507
-93.9793979397939836 31.2989172372829287
-93.9593959395939606 10.6695855117660230
-93.9393939393939377 -17.2464085578432318
-93.9193919391939147 19.6041938929538375
-93.8993899389938917 25.5149372483105736
-93.8793879387938830 -9.4499931080329578
-93.8593859385938600 52.7411232109293735
-93.8393839383938371 -8.7557761677789152
-93.8193819381938141 12.7150200462959315
-93.7993799379938054 9.6331500360216680
-93.7793779377937824 76.0501882921262080
-93.7593759375937594 -46.4121164713144339
-93.7393739373937365 19.8240829104121161
-93.7193719371937135 7.2638259927451205
-93.6993699369937048 39.8670413209028638
-93.6793679367936818 -36.9310665776793030
-93.6593659365936588 7.1015433767794214
-93.6393639363936359 49.8681712709359672
-93.6193619361936129 -5.4490511707412672
-93.5993599359936042 10.0390504070041793
-93.5793579357935812 1.7347042465068405
-93.5593559355935582 2.9717608183210853
-93.5393539353935353 25.3234230321296110
-93.5193519351935265 24.6610225522203166
-93.4993499349935036 1.2204766431453855
-93.4793479347934806 11.1909034425829645
-93.4593459345934576 -31.0671466136099923
-93.4393439343934347 -12.0315942025846745
-93.4193419341934259 37.2634893558774323
-93.3993399339934030 48.3183734105260143
-93.3793379337933800 15.7586603616944902
-93.3593359335933570 43.9692908397338016
-93.3393339333933341 34.2718388294054677
-93.3193319331933253 7.5127146030937864
-93.2993299329933024 6.0551474738634337
-93.2793279327932794 23.1398658033498918
-93.2593259325932564 8.7920658407621257
-93.2393239323932335 -8.2065983242389162
-93.2193219321932247 7.7114200031809528
-93.1993199319932017 40.6907292938343161
-93.1793179317931788 -9.0282883039952058
-93.1593159315931558 11.2125274673299007
-93.1393139313931329 -14.6319392831688013
-93.1193119311931241 4.8699943217331798
-93.0993099309931011 -2.4149386623783133
-93.0793079307930782 40.5764943902780573
-93.0593059305930552 18.4632389843407196
-93.0393039303930323 -10.6740957042784306
-93.0193019301930235 31.2694192101855286
-92.9992999299930005 9.4587701945113025
-92.9792979297929776 10.7093873783855216
-92.9592959295929546 58.6651924399469351
-92.9392939293929317 -58.8082423784822339
-92.9192919291929229 30.6379199182198931
-92.8992899289928999 3.5581585144726491
-92.8792879287928770 -0.0458375965977300
-92.8592859285928540 -17.8306000876918098
-92.8392839283928453 4.0777163729547228
-92.8192819281928223 11.5290095624869338
-92.7992799279927993 14.8530739977870994
-92.7792779277927764 4.9890074098516681
-92.7592759275927534 60.0459307136005478
-92.7392739273927447 -6.3019968374534869
-92.7192719271927217 16.1607115455754666
-92.6992699269926987 14.0588538423062008
-92.6792679267926758 -3.4655028037058635
-92.6592659265926528 11.4732420412308667
-92.6392639263926441 11.0387768717751911
-92.6192619261926211 -7.2281115470648611
-92.5992599259925981 -10.4961386908571725
-92.5792579257925752 36.6543855523438751
-92.5592559255925664 38.0392733619969050
-92.5392539253925435 -9.9621164864740788
-92.5192519251925205 10.7219633559801366
-92.4992499249924975 22.2770705726153508
-92.4792479247924746 58.0465439235088425
-92.4592459245924658 51.3755762799710638
-92.4392439243924429 -20.9725534310025239
-92.4192419241924199 14.9658606035749919
-92.3992399239923969 -46.1099826311492507
-92.3792379237923740 -20.2813468689615384
-92.3592359235923652 13.0874075707742890
-92.3392339233923423 19.7778520403980203
-92.3192319231923193 25.2784033163449706
-92.2992299229922963 13.7578801868252079
-92.2792279227922734 -13.3118611116831822
-92.2592259225922646 36.0016653162112590
-92.2392239223922417 -30.3756793917819614
-92.2192219221922187 -28.5618331970355896
-92.1992199219921957 14.6806169414816416
-92.1792179217921728 37.6100022844991457
-92.1592159215921640 -10.0217323674526320
-92.1392139213921411 -19.8498804803803637
-92.1192119211921181 24.8055199979973864
-92.0992099209920951 -17.0003956198798818
-92.0792079207920722 -27.6863308831106494
-92.0592059205920634 29.3008233089086936
-92.0392039203920405 19.0376620688355622
-92.0192019201920175 13.6208333683016871
-91.9991999199919945 4.5699949089149969
-91.9791979197919716 -19.3341479816988162
-91.9591959195919628 -5.4117473189049461
-91.9391939193919399 28.3819823980531716
-91.9191919191919169 20.5369847517739963
-91.8991899189918939 -37.0504384778137066
-91.8791879187918710 -15.5394633702285709
-91.8591859185918622 -6.9527955620448916
-91.8391839183918393 -7.6123111670303274
-91.8191819181918163 37.1133006579618225
-91.7991799179917933 -8.9572666426945755
-91.7791779177917846 11.3253327329016571
-91.7591759175917616 7.6110519348536663
-91.7391739173917387 41.3420138017504044
-91.7191719171917157 -7.3233782242309653
-91.6991699169916927 -19.6500056559174929
-91.6791679167916840 -25.0681188915136204
-91.6591659165916610 25.8050316277300631
-91.6391639163916381 10.6443941758615317
-91.6191619161916151 -11.1881224062526350
-91.5991599159916063 24.8783967716423220
-91.5791579157915834 23.3560530946028067
-91.5591559155915604 -25.5076955352212558
-91.5391539153915375 -21.6268209419576394
-91.5191519151915145 -10.3072363646719918
-91.4991499149915057 -24.8086297345626967
-91.4791479147914828 -11.7596098602850976
-91.4591459145914598 -38.5568254551408316
-91.4391439143914369 13.4720702856485097
-91.4191419141914139 -18.2282629045618130
-91.3991399139914051 1.6715299367531153
-91.3791379137913822 -16.1860231321036210
-91.3591359135913592 53.3005081309040634
-91.3391339133913363 -15.6735289831334672
-91.3191319131913133 34.3790055559185248
-91.2991299129913045 26.0722388945182004
-91.2791279127912816 -13.8544973369161291
-91.2591259125912586 -3.0299834291245338
-91.2391239123912356 -3.0283869540206876
-91.2191219121912127 1.3039641566769593
-91.1991199119912039 -31.8141622235601247
-91.1791179117911810 -22.0443346305488461
-91.1591159115911580 10.9619588348715027
-91.1391139113911350 35.6967971752257256
-91.1191119111911121 -33.5475258407730479
-91.0991099109911033 25.2213067097091148
-91.0791079107910804 -23.7180005480559366
-91.0591059105910574 36.8839240341825558
-91.0391039103910344 -27.7667390654037547
-91.0191019101910115 -20.5245983262033569
-90.9990999099910027 -17.2296332806939247
-90.9790979097909798 -21.3956292234273384
-90.9590959095909568 -10.5214857265695301
-90.9390939093909338 16.2319699779279887
-90.9190919091909109 -22.4497512033415632
-90.8990899089909021 -49.4321515363742421
-90.8790879087908792 25.0366696841754646
-90.8590859085908562 16.9411659943160835
-90.8390839083908332 -31.4484673246835200
-90.8190819081908245 -4.8784759840945044
-90.7990799079908015 11.4366972216971412
-90.7790779077907786 -40.5479882090951733
-90.7590759075907556 -37.4994216442938466
-90.7390739073907326 -23.3934992521790655
-90.7190719071907239 -31.5668360856630805
-90.6990699069907009 -41.8250034675589220
-90.6790679067906780 -11.8160192420263694
-90.6590659065906550 19.5843578321076528
-90.6390639063906463 11.6938803090606385
-90.6190619061906233 18.5464112634572942
-90.5990599059906003 -6.7432443361986083
-90.5790579057905774 -22.9760116856967826
-90.5590559055905544 -24.5784360227358185
-90.5390539053905457 -38.6012178997732462
-90.5190519051905227 -9.9803254160742174
-90.4990499049904997 -3.3586558330916865
-90.4790479047904768 -34.9752768460918233
-90.4590459045904538 38.5836568713890529
-90.4390439043904451 24.2807975235901274
-90.4190419041904221 -24.7975384494482611
-90.3990399039903991 -25.7515719111990471
-90.3790379037903762 18.8546038321431304
-90.3590359035903532 39.6998755955633413
-90.3390339033903444 -39.1792865058117670
-90.3190319031903215 17.1367983064608183
-90.2990299029902985 -44.6623060977870310
-90.2790279027902756 -35.1571833309425159
-90.2590259025902526 -12.0998382967019307
-90.2390239023902438 -37.1488959367096143
-90.2190219021902209 -0.8335568771022563
-90.1990199019901979 -48.6360454834311042
-90.1790179017901750 -30.3906810700760346
-90.1590159015901520 -13.2001362940645883
-90.1390139013901432 -40.1537175122649614
-90.1190119011901203 -18.1726241068597147
-90.0990099009900973 4.1556591311785898
-90.0790079007900744 -1.0267189529988525
-90.0590059005900514 -15.8821519745873996
-90.0390039003900426 7.7745742438453318
-90.0190019001900197 25.1974915636715870
-89.9989998999899967 -38.5803574273636087
-89.9789978997899738 -10.6264217093735578
-89.9589958995899508 34.1611054082317693
-89.9389938993899420 -7.8630549445132027
-89.9189918991899191 -40.4035664655103588
-89.8989898989898961 -6.6941461339694648
-89.8789878987898732 -27.4811382315802035
-89.8589858985898644 3.2568969627617133
-89.8389838983898414 -50.7385877925784072
-89.8189818981898185 -9.8779572498974630
-89.7989798979897955 32.5049939746910326
-89.7789778977897726 -33.0312896162868270
-89.7589758975897638 19.8817391151095073
-89.7389738973897408 -6.5777882492240760
-89.7189718971897179 -33.0962847625522727
-89.6989698969896949 4.7650928316414536
-89.6789678967896862 -21.8056093395203376
-89.6589658965896632 -38.1239745131054946
-89.6389638963896402 32.9254378175571674
-89.6189618961896173 8.7682020108291656
-89.5989598959895943 -2.5486374217555139
-89.5789578957895856 0.2425861503970159
-89.5589558955895626 -25.8800821359406612
-89.5389538953895396 -2.4967476898872296
-89.5189518951895167 -25.3739748766523903
-89.4989498949894937 8.0408063606305333
-89.4789478947894850 -6.5212378838946758
-89.4589458945894620 -19.6516876858917051
-89.4389438943894390 13.7309994012374119
-89.4189418941894161 11.1391418686414632
-89.3989398939893931 -14.0169772330981068
-89.3789378937893844 2.1703594251639942
-89.3589358935893614 23.9905400332034660
-89.3389338933893384 -35.5792688147743874
-89.3189318931893155 -40.4921001062664700
-89.2989298929892925 -6.4381770067449962
-89.2789278927892838 -30.4617464874809194
-89.2589258925892608 -20.2128272902388311
-89.2389238923892378 22.2939995497644396
-89.2189218921892149 -13.5552176447856958
-89.1989198919891919 -2.8175454156470625
-89.1789178917891832 36.8038427334781773
-89.1589158915891602 24.5070186844077860
-89.1389138913891372 -55.7477473572868121
-89.1189118911891143 4.7789883650630580
-89.0989098909890913 16.5314179620741477
-89.0789078907890826 -4.4336956719033580
-89.0589058905890596 -0.7710617656253733
-89.0389038903890366 0.2452326348400788
-89.0189018901890137 -16.7955011612875111
-88.9988998899889907 -15.7042145715693806
-88.9788978897889820 7.1528049409377594
-88.9588958895889590 3.1446376325257432
-88.9388938893889360 3.2880402209617632
-88.9188918891889131 -6.3798866461450192
-88.8988898889889043 44.7331556091384925
-88.8788878887888814 69.3166591268183225
-88.8588858885888584 1.7663082679682969
-88.8388838883888354 17.9457190978588557
-88.8188818881888125 -52.2261697030658780
-88.7988798879888037 -37.4094334757907347
-88.7788778877887808 21.2148665909808400
-88.7588758875887578 27.9349280926699528
-88.7388738873887348 -11.5715579320272255
-88.7188718871887261 -43.1939374461885066
-88.6988698869887031 3.3235819707456358
-88.6788678867886802 6.2560374420216185
-88.6588658865886572 -10.8720453567432500
-88.6388638863886342 -12.7424567894819205
-88.6188618861886255 16.8481119194059232
-88.5988598859886025 14.9268784345072127
-88.5788578857885796 -9.4223476007925218
-88.5588558855885566 -13.7847321759779788
-88.5388538853885336 14.4505099589031349
-88.5188518851885249 13.6546868330004081
-88.4988498849885019 -4.6615538547534960
-88.4788478847884790 -59.2367728223297263
-88.4588458845884560 -11.9711561523229282
-88.4388438843884330 16.7720378345205887
-88.4188418841884243 -28.7117898775157094
-88.3988398839884013 -32.7580067018001486
-88.3788378837883783 -30.6055362663728872
-88.3588358835883554 -26.6570257341950914
-88.3388338833883324 -21.5280445618371132
-88.3188318831883237 -9.3372700730703020
-88.2988298829883007 -0.2525335478201765
-88.2788278827882777 -3.9459240985561754
-88.2588258825882548 -21.3867496336099627
-88.2388238823882318 5.1171812697364203
-88.2188218821882231 -54.3221914863041917
-88.1988198819882001 -42.7261727084051657
-88.1788178817881771 -22.6907520641724929
-88.1588158815881542 -29.8279592433238250
-88.1388138813881312 -29.8292017010107138
-88.1188118811881225 -36.3104136143407601
-88.0988098809880995 -13.9441459954026392
-88.0788078807880765 -1.9971596529644540
-88.0588058805880536 -19.2987729436133009
-88.0388038803880306 -58.1380787623159989
-88.0188018801880219 -21.4907552919477922
-87.9987998799879989 -22.4479241562806493
-87.9787978797879759 -34.4584771752020416
-87.9587958795879530 -24.3521093551869221
-87.9387938793879442 -22.8187650732493026
-87.9187918791879213 -79.1125169043467338
-87.8987898789878983 -19.9402113461612025
-87.8787878787878753 -33.8801143437138066
-87.8587858785878524 -56.0658618873655428
-87.8387838783878436 -16.5734740807107883
-87.8187818781878207 0.8539476958249583
-87.7987798779877977 -5.8490650119872267
-87.7787778777877747 -55.5136100553069269
-87.7587758775877660 -2.7106715246772186
-87.7387738773877430 -25.3950828683181413
-87.7187718771877201 0.1956284184071020
-87.6987698769876971 32.9037071808570118
-87.6787678767876741 -22.2958702487940030
-87.6587658765876654 -3.9011293631888311
-87.6387638763876424 18.0699434082525627
-87.6187618761876195 -6.8077599265263045
-87.5987598759875965 -19.1820352680116955
-87.5787578757875735 -4.8230500627322535
-87.5587558755875648 -36.6607222239241111
-87.5387538753875418 -56.4189485942167792
-87.5187518751875189 4.4198920373539270
-87.4987498749874959 -64.3348269410039251
-87.4787478747874729 -2.8666606459162853
-87.4587458745874642 -5.6667596616254272
-87.4387438743874412 13.4662617539726703
-87.4187418741874183 -21.6991380312981228
-87.3987398739873953 -29.7792661347552894
-87.3787378737873723 0.4420536750239830
-87.3587358735873636 19.2067554248306820
-87.3387338733873406 16.8825767344842106
-87.3187318731873177 7.7294623963030702
-87.2987298729872947 -15.2834064137996215
-87.2787278727872717 18.6658394912641619
-87.2587258725872630 -6.0382316363275450
-87.2387238723872400 -1.7093520200494883
-87.2187218721872171 1.0884780642730227
-87.1987198719871941 -14.2664606183367120
-87.1787178717871711 -17.5518481021027348
-87.1587158715871624 -36.3656924886597395
-87.1387138713871394 12.5285921818332131
-87.1187118711871165 -9.5015665145741899
-87.0987098709870935 21.2942691537817446
-87.0787078707870705 -25.5797099913716401
-87.0587058705870618 -35.3118927419977311
-87.0387038703870388 -2.4666504021424487
-87.0187018701870159 -44.2013183248868842
-86.9986998699869929 10.9457382796425087
-86.9786978697869841 -17.1088878975133412
-86.9586958695869612 -16.2415959224021158
-86.9386938693869382 8.5967622954690910
-86.9186918691869153 -24.1478389736399208
-86.8986898689868923 -9.2470333972234044
-86.8786878687868835 -23.0903919756727412
-86.8586858685868606 11.6703155237964040
-86.8386838683868376 -15.6195344992118272
-86.8186818681868147 -7.6082688621044703
-86.7986798679868059 -12.8899915444561017
-86.7786778677867829 -51.3266295549552467
-86.7586758675867600 -38.0096098346335367
-86.7386738673867370 -24.9981739855736578
-86.7186718671867141 4.1700059445085174
-86.6986698669867053 -7.9037028089174832
-86.6786678667866823 -11.0448771677787327
-86.6586658665866594 -10.8017012163013497
-86.6386638663866364 10.6481411621057376
-86.6186618661866135 -11.3299297563365169
-86.5986598659866047 -34.9260129205970173
-86.5786578657865817 -22.0180392440092945
-86.5586558655865588 -34.9145990982990782
-86.5386538653865358 -23.0440788463895814
-86.5186518651865129 -12.0668235178831100
-86.4986498649865041 -23.8103577912871920
-86.4786478647864811 -40.5715843286205029
-86.4586458645864582 -40.1401669906294671
-86.4386438643864352 -12.3859240777405795
-86.4186418641864122 55.8064871625534522
-86.3986398639864035 -54.9819822733522585
-86.3786378637863805 -27.0623618416368430
-86.3586358635863576 6.0830303865677138
-86.3386338633863346 -45.7441918647407491
-86.3186318631863116 -10.7098197218950588
-86.2986298629863029 -76.4879574221565832
-86.2786278627862799 52.0244227314023249
-86.2586258625862570 22.0762533535904950
-86.2386238623862340 -1.0270742961400856
-86.2186218621862110 -2.0177272570036919
-86.1986198619862023 6.9889609050810755
-86.1786178617861793 9.9921351347063236
-86.1586158615861564 46.2238507655005364
-86.1386138613861334 -18.0023040874155562
-86.1186118611861104 -6.4370753931048323
-86.0986098609861017 -70.2438317974682320
-86.0786078607860787 -17.6915819045391167
-86.0586058605860558 -17.3473127080353109
-86.0386038603860328 35.0330404649299680
-86.0186018601860241 -57.0221605176440818
-85.9985998599860011 4.1137271625802860
-85.9785978597859781 -13.3110970342365853
-85.9585958595859552 -15.4527673808503270
-85.9385938593859322 3.9407833947373376
-85.9185918591859235 -52.7656071230557089
-85.8985898589859005 1.8275886620415918
-85.8785878587858775 -48.4326858784825163
-85.8585858585858546 0.2235185703558074
-85.8385838583858458 -34.6911529118728197
-85.8185818581858229 -15.8854689901662880
-85.7985798579857999 -0.8535535478589793
-85.7785778577857769 -44.6246444554163162
-85.7585758575857540 -23.0103609056427345
-85.7385738573857452 32.3586057423280238
-85.7185718571857223 -2.9327304913803687
-85.6985698569856993 -47.3181880351167834
-85.6785678567856763 26.1591458759617446
-85.6585658565856534 -32.7096524248565075
-85.6385638563856446 38.6220517348314303
-85.6185618561856217 0.4674203601761704
-85.5985598559855987 -18.3185407956228552
-85.5785578557855757 -60.3959088275231153
-85.5585558555855528 -3.7271117020828974
-85.5385538553855440 1.7310119361674374
-85.5185518551855210 -11.1377547651280899
-85.4985498549854981 -13.6349463793577961
-85.4785478547854751 29.5735743068974308
-85.4585458545854522 -22.9658551179523087
-85.4385438543854434 -58.1043711529005549
-85.4185418541854204 6.2588867442716207
-85.3985398539853975 -1.5721858826976174
-85.3785378537853745 -7.5251750997535627
-85.3585358535853516 -7.0388219994382339
-85.3385338533853428 -40.8378002572892171
-85.3185318531853198 -50.4901434971852581
-85.2985298529852969 -45.3710028721818972
-85.2785278527852739 -39.4901556736739394
-85.2585258525852510 2.6354740665292660
-85.2385238523852422 -0.9757622241701895
-85.2185218521852192 -54.6740931236461734
-85.1985198519851963 -47.7630467108331800
-85.1785178517851733 -65.2843163474394714
-85.1585158515851504 -53.7977198563914598
-85.1385138513851416 -71.4907625677090834
-85.1185118511851186 -33.5111258872116693
-85.0985098509850957 -86.6010554843834939
-85.0785078507850727 -21.7694111819955261
-85.0585058505850640 -22.1762565512665262
-85.0385038503850410 11.3543605106809657
-85.0185018501850180 12.7472084882328964
-84.9984998499849951 -16.5379947417581903
-84.9784978497849721 -58.6799429862410733
-84.9584958495849634 4.6593592478248738
-84.9384938493849404 12.8148596101742385
-84.9184918491849174 -34.9179477017585711
-84.8984898489848945 -28.2717836799254769
-84.8784878487848857 0.5126854086493182
-84.8584858485848628 -24.5958675369713156
-84.8384838483848398 -51.6651164053554339
-84.8184818481848168 -57.3068626535166743
-84.7984798479847939 -15.1492314504191015
-84.7784778477847851 -47.8931426931423658
-84.7584758475847622 -19.6344759979743877
-84.7384738473847392 2.2278487793791477
-84.7184718471847162 -12.2686380537801032
-84.6984698469846933 -21.8412561804238337
-84.6784678467846845 12.7343866833310670
-84.6584658465846616 -38.9964347673602134
-84.6384638463846386 -38.4148835805187545
-84.6184618461846156 -36.0303690818143707
-84.5984598459845927 -37.9496333704024664
-84.5784578457845839 -24.6207030253078827
-84.5584558455845610 -51.6191921451012661
-84.5384538453845380 -76.1439096374164137
-84.5184518451845150 1.3377613735659395
-84.4984498449844921 -61.7013920667494915
-84.4784478447844833 -29.5607121439602842
-84.4584458445844604 -25.3712426958617456
-84.4384438443844374 -31.5032962793824751
-84.4184418441844144 26.2474903149180392
-84.3984398439843915 -49.7030166189983902
-84.3784378437843827 -20.1209244589367557
-84.3584358435843598 16.8130770512515006
-84.3384338433843368 -16.8414554618571231
-84.3184318431843138 -45.3634389856883047
-84.2984298429842909 3.1291281537533386
-84.2784278427842821 1.4069537927713291
-84.2584258425842592 -60.8392793392703553
-84.2384238423842362 -5.7106821340667402
-84.2184218421842132 -53.7987409573916153
-84.1984198419841903 -35.8373695924242810
-84.1784178417841815 -37.6896329558375385
-84.1584158415841586 -37.8269344763041673
-84.1384138413841356 -13.7959645043815939
-84.1184118411841126 -10.7788106579759599
-84.0984098409840897 6.3330978924886807
-84.0784078407840809 -17.8070840354451754
-84.0584058405840580 -11.9826135453825309
-84.0384038403840350 -16.8396185858906904
-84.0184018401840120 -48.6606871045802905
-83.9983998399839891 -0.3465211358352462
-83.9783978397839803 -39.0706021229499498
-83.9583958395839574 -23.7146564590158064
-83.9383938393839344 -14.8183591170761648
-83.9183918391839256 -21.4117352638218001
-83.8983898389839027 -60.9374018126333112
-83.8783878387838797 -45.4130154036312987
-83.8583858385838568 -15.0263092458353196
-83.8383838383838338 -51.2637290833286627
-83.8183818381838250 14.1660076398223751
-83.7983798379838021 -48.1526444981494848
-83.7783778377837791 2.4735245327620063
-83.7583758375837562 -18.8264943731628804
-83.7383738373837332 -73.1414984246168700
-83.7183718371837244 -22.1463391928943736
-83.6983698369837015 5.3255966180309962
-83.6783678367836785 -22.2697651130840235
-83.6583658365836556 -53.3791724176084301
-83.6383638363836326 -72.5784192102941148
-83.6183618361836238 -30.4707706495252033
-83.5983598359836009 -7.3831969565309059
-83.5783578357835779 -74.0256751359392950
-83.5583558355835549 -50.6651862023594646
-83.5383538353835320 -41.3253891759100966
-83.5183518351835232 57.7639944248427000
-83.4983498349835003 32.1300574097334106
-83.4783478347834773 -7.4611627438596031
-83.4583458345834543 -63.1774679879644623
-83.4383438343834314 -26.9004171105375711
-83.4183418341834226 6.5900176604643406
-83.3983398339833997 -87.0924443960669521
-83.3783378337833767 -26.7048448716353803
-83.3583358335833537 -40.1520711616206754
-83.3383338333833308 -16.9686469027853057
-83.3183318331833220 -26.7450821523063063
-83.2983298329832991 -46.0215833413370206
-83.2783278327832761 -14.0943786606043489
-83.2583258325832531 -11.1379494194896829
-83.2383238323832302 -59.8621752876887143
-83.2183218321832214 -6.3672218476769693
-83.1983198319831985 28.6013095876655861
-83.1783178317831755 -21.6567600660341029
-83.1583158315831525 -0.3139635116590362
-83.1383138313831296 -6.2747840517560860
-83.1183118311831208 -22.1771035002702774
-83.0983098309830979 -8.1642913882916801
-83.0783078307830749 -62.7560267716556197
-83.0583058305830662 4.4551750460255057
-83.0383038303830290 -21.2015372690349793
-83.0183018301830202 -69.5487505401155914
-82.9982998299829973 -31.4704788697257989
-82.9782978297829743 -17.5204097224075852
-82.9582958295829656 -34.8853222675218717
-82.9382938293829426 -9.2954751928452666
-82.9182918291829196 -21.9622679036213846
-82.8982898289828967 5.1716387965761150
-82.8782878287828737 -57.5528593192424438
-82.8582858285828650 -43.6694718856334418
-82.8382838283828420 -8.5087255470857031
-82.8182818281828190 30.9399046658062531
-82.7982798279827961 -3.0202991768521201
-82.7782778277827731 -62.6303706534962359
-82.7582758275827644 -5.8980221730919524
-82.7382738273827414 -45.7781213630847077
-82.7182718271827184 -30.6546489443795664
-82.6982698269826955 -51.0102215007811779
-82.6782678267826725 -3.4249598252279370
-82.6582658265826637 9.8043722037507699
-82.6382638263826408 -49.6916404132522516
-82.6182618261826178 2.2150154166554969
-82.5982598259825949 -42.2637023541374006
-82.5782578257825719 -13.0060835689596850
-82.5582558255825631 -43.0729638121913467
-82.5382538253825402 -13.4349738236683773
-82.5182518251825172 1.6428963533254546
-82.4982498249824943 -0.8277488281508489
-82.4782478247824713 -28.6838978449200930
-82.4582458245824625 -13.2674000014385491
-82.4382438243824396 -13.6013649579166547
-82.4182418241824166 -25.0054054839359772
-82.3982398239823937 -35.6085109524991665
-82.3782378237823707 -21.2222197564511958
-82.3582358235823619 -46.2347755830932954
-82.3382338233823390 -6.7708329298736167
-82.3182318231823160 -6.0846218015501847
-82.2982298229822931 -5.1224010861068408
-82.2782278227822701 -64.6228614403163277
-82.2582258225822613 -54.8389636531603557
-82.2382238223822384 -32.8799544813873581
-82.2182218221822154 -61.8285970260133979
-82.1982198219821925 -51.1990894126339242
-82.1782178217821695 -39.1410332092367454
-82.1582158215821607 -10.9485469279808534
-82.1382138213821378 -26.5678104139293367
-82.1182118211821148 -48.6562961226992741
-82.0982098209821061 -22.4483593167309579
-82.0782078207820689 -57.8605976442404568
-82.0582058205820601 -46.6210466032699813
-82.0382038203820372 -20.3807702320025399
-82.0182018201820142 -45.8313241958757374
-81.9981998199820055 -47.1893284107636148
-81.9781978197819825 -27.0653829599745634
-81.9581958195819595 -7.1778498160775186
-81.9381938193819366 -4.8333891100031110
-81.9181918191819136 -34.5884995975971492
-81.8981898189819049 -23.6490941257849983
-81.8781878187818819 -24.4530834027410009
-81.8581858185818589 -19.7073716196020676
-81.8381838183818360 -18.7599014834608937
-81.8181818181818130 -39.2143481128726847
-81.7981798179818043 -11.5385777705044283
-81.7781778177817813 -48.3179572826458212
-81.7581758175817583 17.1697775684284508
-81.7381738173817354 -39.4755535364549388
-81.7181718171817124 -32.5839360880695281
-81.6981698169817037 50.3365227629054743
-81.6781678167816807 -24.6751670830623588
-81.6581658165816577 -58.3061395074514337
-81.6381638163816348 26.2536299143475098
-81.6181618161816118 -48.6621787393699208
-81.5981598159816031 -25.5435834055907733
-81.5781578157815801 -57.3076780922253874
-81.5581558155815571 -32.2654270472315616
-81.5381538153815342 -27.3837643658228629
-81.5181518151815112 -20.8317733018710349
-81.4981498149815025 -38.3658455586091662
-81.4781478147814795 -17.5593074756707814
-81.4581458145814565 -14.9314946712045238
-81.4381438143814336 -41.6397481895801533
-81.4181418141814106 -26.0805912941547753
-81.3981398139814019 -11.0003624260105681
-81.3781378137813789 -53.0414340785206804
-81.3581358135813559 -62.2268612125870959
-81.3381338133813330 -49.2352449151887370
-81.3181318131813100 -9.5152187312272716
-81.2981298129813013 -3.6516915565332972
-81.2781278127812783 -15.5479909078047633
-81.2581258125812553 -17.6245638967514253
-81.2381238123812324 -53.8779641192873129
-81.2181218121812094 -16.6498747848844886
-81.1981198119812007 18.9486810853643028
-81.1781178117811777 -6.5152206918887394
-81.1581158115811547 -20.9007703457737115
-81.1381138113811460 -27.8034694659364519
-81.1181118111811088 -36.9640757440187002
-81.0981098109811001 -41.1318324321150683
-81.0781078107810771 20.5444319758449225
-81.0581058105810541 -9.0834015201601730
-81.0381038103810454 -42.2704063783481416
-81.0181018101810224 -45.2785281463656801
-80.9980998099809995 -64.0317164575296971
-80.9780978097809765 -20.3089851595761210
-80.9580958095809535 -43.0563806363487629
-80.9380938093809448 -34.7399395315770505
-80.9180918091809218 -30.0291788906040438
-80.8980898089808989 20.7716531606119403
-80.8780878087808759 -24.9834265583677713
-80.8580858085808529 -10.5707847074001009
-80.8380838083808442 -31.4017073396969550
-80.8180818081808212 2.4112161476456855
-80.7980798079807983 12.8630395205541710
-80.7780778077807753 -5.0001387604741510
-80.7580758075807523 -28.5672784994697437
-80.7380738073807436 -57.8070636527708075
-80.7180718071807206 -49.3495468212363377
-80.6980698069806976 -17.8253925064964172
-80.6780678067806747 -40.8985492899806218
-80.6580658065806517 -31.6283685960735781
-80.6380638063806430 -49.5104611965913364
-80.6180618061806200 26.7813152427213836
-80.5980598059805970 -51.0122833198973069
-80.5780578057805741 -60.3445225881450824
-80.5580558055805511 -19.9521773308341963
-80.5380538053805424 -18.0408194919830294
-80.5180518051805194 -31.8425098913996081
-80.4980498049804964 -22.0792351909514828
-80.4780478047804735 -36.5949614213535170
-80.4580458045804505 -20.1969029840473340
-80.4380438043804418 -49.6838075515169422
-80.4180418041804188 -14.8002659877538072
-80.3980398039803958 -16.0309213061310203
-80.3780378037803729 -11.2697379819356058
-80.3580358035803499 -51.8641333978507362
-80.3380338033803412 -14.9706269467642326
-80.3180318031803182 -1.7929720296349956
-80.2980298029802952 -4.4795768379314893
-80.2780278027802723 -43.6883255420926773
-80.2580258025802493 -61.0759138855219490
-80.2380238023802406 -44.2354548998900796
-80.2180218021802176 -73.1419262575771114
-80.1980198019801946 -35.6019122524434479
-80.1780178017801859 -45.5625427791287905
-80.1580158015801487 -13.8596299966752685
-80.1380138013801400 -35.9910338447178688
-80.1180118011801170 -6.0682892784168914
-80.0980098009800940 -54.3278705568143323
-80.0780078007800853 2.8612347423675395
-80.0580058005800623 -12.2114521775338183
-80.0380038003800394 9.3329533662081801
-80.0180018001800164 -49.5037584064207223
-79.9979997999799934 13.8716080795922068
-79.9779977997799847 -38.3791719284909760
-79.9579957995799617 15.6997065390572708
-79.9379937993799388 -57.8901770192409657
-79.9179917991799158 -58.1749167436162367
-79.8979897989798928 -32.6641361990976478
-79.8779877987798841 -37.3983773868198099
-79.8579857985798611 -47.3549501607784009
-79.8379837983798382 -26.9425054420396002
-79.8179817981798152 -34.6738516545845386
-79.7979797979797922 -33.6891313388631488
-79.7779777977797835 -23.0648468794923041
-79.7579757975797605 -26.1542126084652367
-79.7379737973797376 -19.9848421656741877
-79.7179717971797146 -25.0115059961487169
-79.6979697969796916 -45.7047104415148411
-79.6779677967796829 -28.6330880760052366
-79.6579657965796599 -47.2745290651471777
-79.6379637963796370 -28.6116945896489732
-79.6179617961796140 -24.0750506025571447
-79.5979597959795910 -34.8617922565366172
-79.5779577957795823 -6.4057779804247268
-79.5579557955795593 -75.2785035895383174
-79.5379537953795364 44.7416372758420664
-79.5179517951795134 -44.7661847228387870
-79.4979497949794904 -30.7829689976851100
-79.4779477947794817 -19.9165108861125084
-79.4579457945794587 -58.3630399456989295
-79.4379437943794358 -56.2373651937541723
-79.4179417941794128 -78.4090586862371879
-79.3979397939793898 5.0539157519505942
-79.3779377937793811 -19.2975996472097684
-79.3579357935793581 -19.6210574940885429
-79.3379337933793352 -4.4498955748737039
-79.3179317931793122 -54.1090941992758161
-79.2979297929792892 -55.9744058626464422
-79.2779277927792805 -68.3155105281010719
-79.2579257925792575 -9.3851573127784071
-79.2379237923792346 -1.1559954234930352
-79.2179217921792116 -64.2671204763243935
-79.1979197919791886 -42.3844663255059686
-79.1779177917791799 -4.7119278926004462
-79.1579157915791569 -24.1062986840310849
-79.1379137913791340 -18.1105937251928779
-79.1179117911791252 -67.6417101144704560
-79.0979097909790880 -40.4592059551988683
-79.0779077907790793 -59.1737659650692791
-79.0579057905790563 4.0851552408827132
-79.0379037903790334 -61.5440507289024481
-79.0179017901790246 -17.9600497132958168
-78.9978997899790016 -30.4157379128958070
-78.9778977897789787 -34.5931541078304576
-78.9578957895789557 4.8411705616174991
-78.9378937893789328 -61.8514175431171083
-78.9178917891789240 -20.0758068041516893
-78.8978897889789010 -4.3339213266619296
-78.8778877887788781 -69.3172103088626983
-78.8578857885788551 -8.6252150912951748
-78.8378837883788322 -24.3650209046840729
-78.8178817881788234 -15.4919117370329715
-78.7978797879788004 -39.9591633888461004
-78.7778777877787775 -27.1655745531316839
-78.7578757875787545 -27.4226838435873930
-78.7378737873787315 -12.4853776967268892
-78.7178717871787228 -22.2448548236011803
-78.6978697869786998 7.9935130939448982
-78.6778677867786769 -53.9787908502613618
-78.6578657865786539 -58.1848334577468478
-78.6378637863786309 -13.7051197891871510
-78.6178617861786222 -29.3622875842280315
-78.5978597859785992 -3.3595879333411496
-78.5778577857785763 -57.1557913920052698
-78.5578557855785533 -15.3772305603832375
-78.5378537853785303 14.0115069929113503
-78.5178517851785216 -11.7414015514988606
-78.4978497849784986 -67.6685357058943850
-78.4778477847784757 -14.7475974593834884
-78.4578457845784527 -11.9128143485252060
-78.4378437843784297 -63.5591663028819767
-78.4178417841784210 -17.6178004724946753
-78.3978397839783980 -12.0058439786398914
-78.3778377837783751 -26.4225578193121464
-78.3578357835783521 -11.8002893614019193
-78.3378337833783291 -27.5678803020770786
-78.3178317831783204 -14.4302889080734715
-78.2978297829782974 -17.9501816875350428
-78.2778277827782745 -31.0985749702732228
-78.2578257825782515 -8.5575407887843120
-78.2378237823782285 -30.0667590916831848
-78.2178217821782198 6.3610882258348056
-78.1978197819781968 -23.2142841128165500
-78.1778177817781739 -47.2415511753069950
-78.1578157815781651 3.0605649050185022
-78.1378137813781279 -24.2505471932175851
-78.1178117811781192 -1.3405299869361933
-78.0978097809780962 -81.3298244493530547
-78.0778077807780733 -22.8024978739496689
-78.0578057805780645 -51.8354236870889409
-78.0378037803780416 -50.2507709892281440
-78.0178017801780186 5.7442890225804568
-77.9977997799779956 -72.6417882004016064
-77.9777977797779727 -6.9105704751535946
-77.9577957795779639 -72.7608121888902275
-77.9377937793779410 -21.6141615585646676
-77.9177917791779180 -55.5662022579050472
-77.8977897789778950 -12.8466225357771044
-77.8777877787778721 -27.9844759718993821
-77.8577857785778633 -36.9721536617491964
-77.8377837783778403 -58.5969079986772101
-77.8177817781778174 -0.1806980455575022
-77.7977797779777944 -21.3025197636575747
-77.7777777777777715 -7.9038908360520246
-77.7577757775777627 -46.4238511348048419
-77.7377737773777397 30.8075883128433006
-77.7177717771777168 -17.0613647268344053
-77.6977697769776938 -16.0785963620108774
-77.6777677767776709 -82.8017610694601984
-77.6577657765776621 -30.8452737345430776
-77.6377637763776391 -51.2995634799341644
-77.6177617761776162 -23.7413004312617915
-77.5977597759775932 13.6873454212060786
-77.5777577757775703 -1.9460459700017587
-77.5577557755775615 -27.1653155579588486
-77.5377537753775385 -23.1300148957708629
-77.5177517751775156 -42.7922056550731753
-77.4977497749774926 -8.2125727507567525
-77.4777477747774697 -32.6257459776815040
-77.4577457745774609 -57.4360211592255467
-77.4377437743774379 -52.8210048413381656
-77.4177417741774150 -5.4573155323220739
-77.3977397739773920 -42.0355033772411417
-77.3777377737773691 -47.2484075908067425
-77.3577357735773603 -22.6560465202129677
-77.3377337733773373 -42.2625569301521580
-77.3177317731773144 -8.9196612880583181
-77.2977297729772914 -73.7083990652707541
-77.2777277727772685 -12.7349428475662556
-77.2577257725772597 -23.5312356759234653
-77.2377237723772367 -36.2864567103015077
-77.2177217721772138 -30.9136634834273565
-77.1977197719772050 -23.5902984416285406
-77.1777177717771679 -40.1621955016307197
-77.1577157715771591 -3.2526127109870515
-77.1377137713771361 11.4155492795061981
-77.1177117711771132 -33.7301926284181235
-77.0977097709771044 -24.7811259174229761
-77.0777077707770815 24.2935820742132620
-77.0577057705770585 -21.4708164333778058
-77.0377037703770355 -21.0966358097014641
-77.0177017701770126 -30.5993417328485506
-76.9976997699770038 -21.1399725909145886
-76.9776977697769809 -35.5660338564410594
-76.9576957695769579 -51.8982388235857712
-76.9376937693769349 -17.7971934370500762
-76.9176917691769120 -29.8460310084837666
-76.8976897689769032 -20.1638827943195977
-76.8776877687768803 -63.5433599686788284
-76.8576857685768573 -43.2161099299867004
-76.8376837683768343 -48.9239302459014667
-76.8176817681768114 -25.3774741302100821
-76.7976797679768026 -18.4017615393720000
-76.7776777677767797 -16.8672681330078227
-76.7576757675767567 -66.3931143199833542
-76.7376737673767337 37.6714580417412463
-76.7176717671767108 24.6363080843834013
-76.6976697669767020 -56.2890784865966083
-76.6776677667766791 -57.5864055157752546
-76.6576657665766561 -31.5224905751330482
-76.6376637663766331 -24.5798894972978026
-76.6176617661766102 -14.5738549255887175
-76.5976597659766014 -32.6227656084492139
-76.5776577657765785 -32.4983461859258682
-76.5576557655765555 -25.2995974489652902
-76.5376537653765325 -43.9110355899375691
-76.5176517651765096 -30.8323585162925227
-76.4976497649765008 -27.0162936379682037
-76.4776477647764779 -43.3418605059305193
-76.4576457645764549 -42.1977158852570753
-76.4376437643764319 -34.5312315396900686
-76.4176417641764090 -9.7330763430712679
-76.3976397639764002 -63.7963788012402020
-76.3776377637763773 -35.0880952763260154
-76.3576357635763543 24.7086189991584355
-76.3376337633763313 -61.1914812915994943
-76.3176317631763084 -19.9693890469540065
-76.2976297629762996 -3.0090894770709617
-76.2776277627762767 -53.2165168091293026
-76.2576257625762537 -11.7472029340125594
-76.2376237623762449 -21.8903315715549205
-76.2176217621762078 -67.8647259235417550
-76.1976197619761990 -45.9227134733835314
-76.1776177617761761 5.3356971319163193
-76.1576157615761531 -4.8377870490427384
-76.1376137613761443 -39.3449945818471889
-76.1176117611761214 -69.7612687559135765
-76.0976097609760984 -20.7131903545897202
-76.0776077607760755 -32.2099345204411662
-76.0576057605760525 -33.7264195030567890
-76.0376037603760437 -28.9620316781130143
-76.0176017601760208 -40.7909517662734942
-75.9975997599759978 26.2158049716159205
-75.9775977597759749 -24.6969272166395868
-75.9575957595759519 -37.3722072756120269
-75.9375937593759431 -11.3499666840733386
-75.9175917591759202 -8.5307468970359572
-75.8975897589758972 -95.2073083219058987
-75.8775877587758742 -79.4526655688308665
-75.8575857585758513 -66.4637446432659829
-75.8375837583758425 -50.7319728510232011
-75.8175817581758196 -44.4948122571600919
-75.7975797579757966 -47.2917686619296234
-75.7775777577757736 -29.9704299316064109
-75.7575757575757507 16.7355630731709653
-75.7375737573757419 -50.6466422969652754
-75.7175717571757190 -27.1842979493060177
-75.6975697569756960 -46.9899548848025148
-75.6775677567756730 7.4268305061566515
-75.6575657565756501 -30.5093786672594476
-75.6375637563756413 -36.7725088915632199
-75.6175617561756184 -57.3329589118822440
-75.5975597559755954 -29.7922102864181717
-75.5775577557755724 -36.0092408452671506
-75.5575557555755495 -3.3951784953545818
-75.5375537553755407 -8.6902482193232125
-75.5175517551755178 -56.2562131055517796
-75.4975497549754948 -8.0345644971839825
-75.4775477547754718 -15.3741228940184360
-75.4575457545754489 -32.2541894362869499
-75.4375437543754401 -3.3621999207597426
-75.4175417541754172 -51.0384155914158839
-75.3975397539753942 -13.9839036177119098
-75.3775377537753712 -49.7989736940309626
-75.3575357535753483 -56.5502022143209970
-75.3375337533753395 9.4572818793795967
-75.3175317531753166 -18.1852572290809924
-75.2975297529752936 -17.7228936810528168
-75.2775277527752849 27.1657475469046723
-75.2575257525752477 -12.3586977505446729
-75.2375237523752389 -15.7759333532491901
-75.2175217521752160 20.6759601938852917
-75.1975197519751930 -21.7562907342542431
-75.1775177517751843 3.2214472527596456
-75.1575157515751613 -30.6018300482141576
-75.1375137513751383 -70.8272358055182423
-75.1175117511751154 -22.6820040900366919
-75.0975097509750924 -34.5779593822481601
-75.0775077507750837 -69.1214795174513341
-75.0575057505750607 -73.8540084294859156
-75.0375037503750377 -62.2200418316258919
-75.0175017501750148 -26.4174149223656336
-74.9974997499749918 -45.5303721440793367
-74.9774977497749830 -40.6059968222161203
-74.9574957495749601 -60.3116672074572904
-74.9374937493749371 -34.4895645686454486
-74.9174917491749142 -23.8171993073538459
-74.8974897489748912 0.9620422156308521
-74.8774877487748824 -28.8624315360816404
-74.8574857485748595 -63.7336018167267611
-74.8374837483748365 -37.7123725422827647
-74.8174817481748136 -19.9655943529728397
-74.7974797479747906 -3.0634357575229636
-74.7774777477747818 -56.1359769986877239
-74.7574757475747589 -19.2040064680120182
-74.7374737473747359 -19.9920971625015014
-74.7174717471747130 -50.3520963056010942
-74.6974697469746900 -12.7168533785812521
-74.6774677467746812 -25.4925969466729470
-74.6574657465746583 -43.9621231149959044
-74.6374637463746353 -28.6027220258584478
-74.6174617461746124 -75.2163422963758421
-74.5974597459745894 -36.0625401635217102
-74.5774577457745806 -44.7836228560421574
-74.5574557455745577 -16.9697945026992940
-74.5374537453745347 -2.7012431536846364
-74.5174517451745118 -22.8501987167912262
-74.4974497449744888 -31.2358786928431584
-74.4774477447744800 0.1194706725526800
-74.4574457445744571 -55.6309395811930116
-74.4374437443744341 -23.9991755205623001
-74.4174417441744112 -48.0178318842191914
-74.3974397439743882 -32.2849817347652461
-74.3774377437743794 -11.6592725762035094
-74.3574357435743565 14.8168776400721249
-74.3374337433743335 -55.7928145312102259
-74.3174317431743248 5.6651508307492158
-74.2974297429742876 13.8348931804763957
-74.2774277427742788 -19.5154560889281754
-74.2574257425742559 -5.5160499882285912
-74.2374237423742329 -27.8485545100399818
-74.2174217421742242 -44.3474361399630084
-74.1974197419742012 -49.7522837977134813
-74.1774177417741782 -57.3124738497095052
-74.1574157415741553 -53.8903481161473223
-74.1374137413741323 -44.1731851443227725
-74.1174117411741236 -21.5655514504964358
-74.0974097409741006 -41.7224483966299289
-74.0774077407740776 8.9178740822534905
-74.0574057405740547 -9.1642533888186062
-74.0374037403740317 -31.3599410315533156
-74.0174017401740230 -25.1581744642649916
-73.9973997399740000 -82.9580445692886599
-73.9773977397739770 -31.8605943522893185
-73.9573957395739541 -17.0496774172300647
-73.9373937393739311 -12.0759469004665387
-73.9173917391739224 -15.5686014839994549
-73.8973897389738994 -25.7677127811875870
-73.8773877387738764 -42.2639506048607956
-73.8573857385738535 -28.3858225544133447
-73.8373837383738305 -56.8970705218468282
-73.8173817381738218 17.4358543441411520
-73.7973797379737988 8.0311140557235632
-73.7773777377737758 -43.4754798368074091
-73.7573757375737529 -39.2043255237108923
-73.7373737373737299 -42.3083971311689453
-73.7173717371737212 -27.3896346994647999
-73.6973697369736982 -14.4050961618259130
-73.6773677367736752 16.1394721896206050
-73.6573657365736523 -21.1027963209472382
-73.6373637363736293 -20.2721012031865229
-73.6173617361736206 -27.5251812130606481
-73.5973597359735976 -41.4941864230555524
-73.5773577357735746 -10.3226236615885760
-73.5573557355735517 -16.0667686989648821
-73.5373537353735287 -54.4121336836285252
-73.5173517351735200 -22.5534690260395330
-73.4973497349734970 -35.7963516855571697
-73.4773477347734740 -50.6150888039138636
-73.4573457345734511 -19.2251787051439749
-73.4373437343734281 -28.4762207183491327
-73.4173417341734194 -35.3708234146821496
-73.3973397339733964 -27.7490364278637109
-73.3773377337733734 -21.9144670929603897
-73.3573357335733647 4.3817084166708078
-73.3373337333733275 -78.9520156601075627
-73.3173317331733188 -24.3796242934630385
-73.2973297329732958 -28.0473411724776867
-73.2773277327732728 -14.1327259940609409
-73.2573257325732641 -21.3551517268826458
-73.2373237323732411 -32.7096671384609650
-73.2173217321732182 -68.6953255179250419
-73.1973197319731952 -11.7247595936108837
-73.1773177317731722 -3.1680666708065246
-73.1573157315731635 -15.5641312605983213
-73.1373137313731405 -1.4089835728321134
-73.1173117311731176 -3.4165926276301555
-73.0973097309730946 -5.9991630756094843
-73.0773077307730716 5.4920198377294192
-73.0573057305730629 18.5768155074119861
-73.0373037303730399 -17.6324700696373142
-73.0173017301730169 -12.9327210545292157
-72.9972997299729940 -24.6863110417523011
-72.9772977297729710 12.5099919875758339
-72.9572957295729623 -22.5715782030829004
-72.9372937293729393 -47.2434933471705634
-72.9172917291729163 -37.3983299414263399
-72.8972897289728934 -55.6004271277949869
-72.8772877287728704 -29.8473008962436097
-72.8572857285728617 -51.5035660663110235
-72.8372837283728387 -15.9602769118281156
-72.8172817281728157 -21.0589424273768131
-72.7972797279727928 -2.1029117284650489
-72.7772777277727698 -70.2037225478320863
-72.7572757275727611 -27.1924211525307626
-72.7372737273727381 -22.5877938441253292
-72.7172717271727151 -29.6084248679424888
-72.6972697269726922 -73.9305785358712910
-72.6772677267726692 3.7385254202559963
-72.6572657265726605 -25.4169133052811986
-72.6372637263726375 -21.7236377305476225
-72.6172617261726145 -34.6940879796036654
-72.5972597259725916 -34.1576121954782153
-72.5772577257725686 -40.3023027119847228
-72.5572557255725599 -54.4540077051619136
-72.5372537253725369 3.5106034481182142
-72.5172517251725139 -22.4122409447264950
-72.4972497249724910 -30.9278602265830216
-72.4772477247724680 3.0103287251653867
-72.4572457245724593 4.1796827442557039
-72.4372437243724363 -26.4986853706048855
-72.4172417241724133 -3.1790917229162226
-72.3972397239724046 18.5006770093568385
-72.3772377237723674 -0.7851601636449175
-72.3572357235723587 37.9556549660636904
-72.3372337233723357 4.3878966709911964
-72.3172317231723127 -27.1902978770653476
-72.2972297229723040 14.1597371111085373
-72.2772277227722810 -49.7392427002587780
-72.2572257225722581 -34.7012373779921859
-72.2372237223722351 13.8521091941344885
-72.2172217221722121 -12.8368308888983638
-72.1972197219722034 -18.2903922496884235
-72.1772177217721804 4.9326060607688511
-72.1572157215721575 -67.5584129306509880
-72.1372137213721345 -29.6926720345426318
-72.1172117211721115 -27.3613684426856381
-72.0972097209721028 -20.2686717135756567
-72.0772077207720798 -39.6667139117508043
-72.0572057205720569 -40.2920422694483307
-72.0372037203720339 -17.6714215916709634
-72.0172017201720109 -32.3927596473799611
-71.9971997199720022 -26.1137557632160515
-71.9771977197719792 2.9072577398699906
-71.9571957195719563 -54.6616324678077916
-71.9371937193719333 -17.5619811653445126
-71.9171917191719103 -8.6673161475714000
-71.8971897189719016 24.0886486855398054
-71.8771877187718786 -39.3965417953429835
-71.8571857185718557 -30.1235743157085025
-71.8371837183718327 -23.6177176501890855
-71.8171817181718097 -2.6778725675108781
-71.7971797179718010 4.7660600571815586
-71.7771777177717780 -24.1848818602739790
-71.7571757175717551 -8.8440809556175601
-71.7371737173717321 -3.6801833947166660
-71.7171717171717091 14.1384036003380480
-71.6971697169717004 1.6481762688830415
-71.6771677167716774 -39.5887473209905778
-71.6571657165716545 -18.3769164790572823
-71.6371637163716315 -40.4423407223735367
-71.6171617161716085 -44.4646264684679480
-71.5971597159715998 -34.2824250665562218
-71.5771577157715768 -23.1697022776796651
-71.5571557155715539 -61.5941739875558554
-71.5371537153715309 -16.2853671453183786
-71.5171517151715079 2.7175951595179235
-71.4971497149714992 7.5151884268637232
-71.4771477147714762 -50.8498255829703609
-71.4571457145714533 -55.8180999547284671
-71.4371437143714445 -9.5530126996811369
-71.4171417141714073 -15.7993041456255696
-71.3971397139713986 27.2055373380058185
-71.3771377137713756 -57.7072285456444405
-71.3571357135713527 -60.0393403650940414
-71.3371337133713439 -37.3048068079953623
-71.3171317131713209 -35.4057539837512323
-71.2971297129712980 -21.2035981205153341
-71.2771277127712750 38.9784635414327596
-71.2571257125712521 -19.6547122367185700
-71.2371237123712433 40.0236138078714276
-71.2171217121712203 -37.1961730528101384
-71.1971197119711974 -10.8524689029031283
-71.1771177117711744 -1.6242324158663237
-71.1571157115711515 -4.2002572622771357
-71.1371137113711427 -19.9576948423545026
-71.1171117111711197 -8.5886988732232386
-71.0971097109710968 -9.3432512021282736
-71.0771077107710738 -34.9249762044392327
-71.0571057105710508 -28.2931825435717705
-71.0371037103710421 -36.8594325453688754
-71.0171017101710191 -10.6846270410480493
-70.9970997099709962 -15.2330358906779200
-70.9770977097709732 -11.3719171739995826
-70.9570957095709502 -28.1790760618851301
-70.9370937093709415 -13.3458446775384978
-70.9170917091709185 -24.0279843738891827
-70.8970897089708956 -61.7741494813782310
-70.8770877087708726 -51.8272943756952742
-70.8570857085708496 -17.1978937667134808
-70.8370837083708409 -30.6766993240749386
-70.8170817081708179 20.5966364882426909
-70.7970797079707950 17.9598819926116562
-70.7770777077707720 14.4267767856825344
-70.7570757075707490 -30.9891171989466336
-70.7370737073707403 2.7634794883388949
-70.7170717071707173 -10.8707541052800831
-70.6970697069706944 -55.7780401002578827
-70.6770677067706714 -32.6339886854567425
-70.6570657065706484 -31.4477141834695288
-70.6370637063706397 4.5305277845058924
-70.6170617061706167 -5.9163112848247952
-70.5970597059705938 -42.2915500901377470
-70.5770577057705708 -16.9139697118617427
-70.5570557055705478 -5.6788340934076746
-70.5370537053705391 4.1888969715016096
-70.5170517051705161 -11.8604860854083576
-70.4970497049704932 30.1352422479386739
-70.4770477047704844 -8.9179596408286450
-70.4570457045704472 4.7506191182633657
-70.4370437043704385 47.5903588819000163
-70.4170417041704155 -35.8277816174018682
-70.3970397039703926 -66.9365732501549928
-70.3770377037703838 -52.2739894081383625
-70.3570357035703609 -45.4499937398416591
-70.3370337033703379 -52.3686777855727144
-70.3170317031703149 21.4081372094183919
-70.2970297029702920 -29.1739628810939280
-70.2770277027702832 -22.9776795315751308
-70.2570257025702603 -25.5549839816402198
-70.2370237023702373 -24.6801981942579545
-70.2170217021702143 -30.9439942775580690
-70.1970197019701914 14.3953111737475137
-70.1770177017701826 -31.6344116401343065
-70.1570157015701596 -23.0887818420732103
-70.1370137013701367 17.6666213594940800
-70.1170117011701137 -53.2448496817062704
-70.0970097009700908 -9.0951944899582937
-70.0770077007700820 -18.3371115946589427
-70.0570057005700590 -13.4381655582645880
-70.0370037003700361 -14.5572688882502721
-70.0170017001700131 -22.8801907475880419
-69.9969996999699902 -25.4718229070531521
-69.9769976997699814 11.7073551907489666
-69.9569956995699584 -51.8924772235086635
-69.9369936993699355 -34.2132054062602506
-69.9169916991699125 7.8538579885554896
-69.8969896989698896 9.4519234446798670
-69.8769876987698808 8.8585763598811411
-69.8569856985698578 -82.5553566048953087
-69.8369836983698349 1.0412556937573836
-69.8169816981698119 -21.0956120914601541
-69.7969796979697890 -17.8899734147685727
-69.7769776977697802 26.5086647223164995
-69.7569756975697572 -1.9861676990445289
-69.7369736973697343 -31.7211505178745981
-69.7169716971697113 8.5514842290209572
-69.6969696969696884 -34.0096337763433638
-69.6769676967696796 -30.0860311873377171
-69.6569656965696566 -66.4366741999349415
-69.6369636963696337 15.8073886641148036
-69.6169616961696107 -2.8078025408833565
-69.5969596959695878 -11.6010054605464834
-69.5769576957695790 -37.5868078750590584
-69.5569556955695560 24.6898762606279831
-69.5369536953695331 -26.1471342423258335
-69.5169516951695243 32.7766663393643114
-69.4969496949694872 7.4227605793343159
-69.4769476947694784 -4.4006881966253868
-69.4569456945694554 22.2867410625934141
-69.4369436943694325 -12.9506448027070018
-69.4169416941694237 4.9253266617643057
-69.3969396939694008 -21.9840137379941254
-69.3769376937693778 -35.5685399405801803
-69.3569356935693548 -7.1249442366295810
-69.3369336933693319 -61.7180771178917738
-69.3169316931693231 -23.3493107530209407
-69.2969296929693002 -32.6162450677857478
-69.2769276927692772 26.5064544051029962
-69.2569256925692542 -2.8002891831040166
-69.2369236923692313 -26.6590224781456797
-69.2169216921692225 11.7952719996796915
-69.1969196919691996 -1.8253377289675825
-69.1769176917691766 -48.8250158482702119
-69.1569156915691536 6.5930677750651849
-69.1369136913691307 14.4879672411125320
-69.1169116911691219 37.3322253546833736
-69.0969096909690990 -29.6808353779883198
-69.0769076907690760 -49.8660932538331565
-69.0569056905690530 -38.3224706593293476
-69.0369036903690301 -29.2604248082809555
-69.0169016901690213 22.1666343660129073
-68.9968996899689984 8.5979863189678376
-68.9768976897689754 -26.7934128208375384
-68.9568956895689524 -38.7780244387471384
-68.9368936893689295 -5.7247450845318957
-68.9168916891689207 -31.4803239590754416
-68.8968896889688978 -7.2110424540629401
-68.8768876887688748 8.1949641846334611
-68.8568856885688518 -61.9636817158101110
-68.8368836883688289 -13.5873155200961762
-68.8168816881688201 6.8121675542629916
-68.7968796879687972 -9.5650809376730326
-68.7768776877687742 -20.1067352707058689
-68.7568756875687512 -13.7213931504383382
-68.7368736873687283 -41.5276870814293630
-68.7168716871687195 -8.1856512629994764
-68.6968696869686966 -25.2646134650413927
-68.6768676867686736 -5.8802588413804004
-68.6568656865686506 -3.3005725799293568
-68.6368636863686277 -21.3254455546894484
-68.6168616861686189 1.2887021722264826
-68.5968596859685960 -47.2479038745153019
-68.5768576857685730 -39.1209881048505039
-68.5568556855685500 -16.1231234686787772
-68.5368536853685271 -8.5594632108755171
-68.5168516851685183 -96.2662500672286541
-68.4968496849684954 -13.0791590075309632
-68.4768476847684724 -50.9092164763844863
-68.4568456845684636 53.3537583767217498
-68.4368436843684265 3.4221681172166214
-68.4168416841684177 11.2357786448105017
-68.3968396839683948 15.7813284602216690
-68.3768376837683718 -31.0546813942008377
-68.3568356835683630 -19.2036005518543043
-68.3368336833683401 -5.3690851237525434
-68.3168316831683171 0.5676769679631981
-68.2968296829682942 4.7292292551939212
-68.2768276827682712 -20.1050453928836070
-68.2568256825682624 9.3341980393572968
-68.2368236823682395 -7.6793338632017054
-68.2168216821682165 -28.6595653426307670
-68.1968196819681935 -24.2403073249759942
-68.1768176817681706 -26.8356765515694242
-68.1568156815681618 -9.1157184152715214
-68.1368136813681389 35.0445139817689437
-68.1168116811681159 -9.9945978674195146
-68.0968096809680929 -28.5931711484764008
-68.0768076807680700 2.2342109445069926
-68.0568056805680612 11.3484532863384704
-68.0368036803680383 -62.8384139282317591
-68.0168016801680153 13.7234643658093116
-67.9967996799679923 22.0891585551890799
-67.9767976797679694 -2.0138785437701836
-67.9567956795679606 -81.7865391615066528
-67.9367936793679377 -1.4303734206091097
-67.9167916791679147 -8.6035824897778976
-67.8967896789678917 -23.9009322794797825
-67.8767876787678688 -17.5503102248134830
-67.8567856785678600 -3.0979630016142314
-67.8367836783678371 23.1458154379267640
-67.8167816781678141 -26.7293158970233051
-67.7967796779678054 -8.3440487201058549
-67.7767776777677682 6.8776543475936389
-67.7567756775677594 23.2770578542668289
-67.7367736773677365 0.9040171401735702
-67.7167716771677135 34.2494579230542726
-67.6967696769677048 -25.8538351682509386
-67.6767676767676676 -30.9482295666898288
-67.6567656765676588 -20.1495951833806117
-67.6367636763676359 27.4155535278504203
-67.6167616761676129 10.0999719526919840
-67.5967596759676042 14.6655959124142168
-67.5767576757675670 1.4861559810320051
-67.5567556755675582 -18.0932139605747651
-67.5367536753675353 -15.8814063588914536
-67.5167516751675123 -9.4375631063768868
-67.4967496749675036 9.5642791950575052
-67.4767476747674664 -24.2708271288116393
-67.4567456745674576 16.1337958608938656
-67.4367436743674347 -13.5541426452401019
-67.4167416741674117 -7.7729364527656735
-67.3967396739674030 4.3037150427046402
-67.3767376737673658 -15.6354555090726706
-67.3567356735673570 -37.8409486330638174
-67.3367336733673341 20.6507100008887576
-67.3167316731673111 -21.6941578325337971
-67.2967296729673023 -6.7872442113851532
-67.2767276727672652 53.4837703034552447
-67.2567256725672564 -54.5354250222299157
-67.2367236723672335 22.8221215980010541
-67.2167216721672105 -5.0736955179725056
-67.1967196719672017 -14.2219173477846876
-67.1767176717671646 -21.3381140593162435
-67.1567156715671558 -5.4231549209903722
-67.1367136713671329 -46.1585059183293609
-67.1167116711671099 3.4398865612339860
-67.0967096709671011 -8.2145453788763767
-67.0767076707670782 -5.4612963236010241
-67.0567056705670552 -37.5243137348744966
-67.0367036703670323 5.7774216978719020
-67.0167016701670093 -27.5869990143686081
-66.9966996699670005 17.4418926115936053
-66.9766976697669776 -9.6421816501497624
-66.9566956695669546 -19.9309095187509016
-66.9366936693669317 -1.4984012964129825
-66.9166916691669087 -24.8041166519593617
-66.8966896689668999 -27.3501501165830518
-66.8766876687668770 -32.2093865077681514
-66.8566856685668540 -5.1001321495119338
-66.8366836683668453 -1.3944571493427760
-66.8166816681668081 -31.8105873469903209
-66.7966796679667993 -45.8634335014206798
-66.7766776677667764 -18.5945250447121921
-66.7566756675667534 -19.6265228065463653
-66.7366736673667447 23.4826715987393442
-66.7166716671667075 3.2185645151882349
-66.6966696669666987 -45.5569314746923197
-66.6766676667666758 -1.9730942465019061
-66.6566656665666528 13.0483068833709268
-66.6366636663666441 -5.6830648030677340
-66.6166616661666069 -30.4016278087581249
-66.5966596659665981 37.9040179700141664
-66.5766576657665752 -16.4922521908160000
-66.5566556655665522 -23.7274060151457071
-66.5366536653665435 -21.0866356948743210
-66.5166516651665063 -46.1188921174703808
-66.4966496649664975 -11.3623162772696027
-66.4766476647664746 17.1492715987717119
-66.4566456645664516 -31.6784894731792797
-66.4366436643664429 34.7830831418997803
-66.4166416641664057 -1.8000481163331035
-66.3966396639663969 -6.5861066218486650
-66.3766376637663740 10.1020610389693868
-66.3566356635663510 -10.4947591274013750
-66.3366336633663423 -1.1637192096311817
-66.3166316631663051 -70.8074897792912736
-66.2966296629662963 -2.9258156622935680
-66.2766276627662734 19.9434978506377334
-66.2566256625662504 -23.0470078882057763
-66.2366236623662417 7.0313367645979064
-66.2166216621662045 25.4300102285886105
-66.1966196619661957 17.4422984779284533
-66.1766176617661728 -25.1235993198177425
-66.1566156615661498 -5.6500938548065403
-66.1366136613661411 -47.4605407016619836
-66.1166116611661181 -12.3412123230357995
-66.0966096609660951 2.6215765184529722
-66.0766076607660722 -4.8098813783898393
-66.0566056605660492 20.7616511325905151
-66.0366036603660405 36.5898457239610693
-66.0166016601660175 -4.6847746679231879
-65.9965996599659945 -8.2582144420621102
-65.9765976597659716 33.6720838549794195
-65.9565956595659486 -36.8729301061773356
-65.9365936593659399 -7.2594070294786670
-65.9165916591659169 11.8752327072643062
-65.8965896589658939 -8.9807271028125939
-65.8765876587658852 4.1765116414057797
-65.8565856585658480 15.0822019530449758
-65.8365836583658393 42.0242552328571222
-65.8165816581658163 82.8212048711236406
-65.7965796579657933 -1.3966093190970217
-65.7765776577657846 -33.4401584895055350
-65.7565756575657474 25.0347839031142634
-65.7365736573657387 -28.0391690393475628
-65.7165716571657157 45.2832768873416640
-65.6965696569656927 12.8910310907829615
-65.6765676567656840 -47.3790708695736598
-65.6565656565656468 -32.1054924248176121
-65.6365636563656381 -27.8222873873821115
-65.6165616561656151 -28.7865564477753679
-65.5965596559655921 -14.5553140733812487
-65.5765576557655834 3.2407261343406120
-65.5565556555655462 -34.1284537957516605
-65.5365536553655375 -36.4783372470043972
-65.5165516551655145 8.9209337062026854
-65.4965496549654915 -27.6925102708111233
-65.4765476547654828 30.9324555506866758
-65.4565456545654456 -17.6512667767680149
-65.4365436543654369 -8.9150543445013479
-65.4165416541654139 -19.9618316738934567
-65.3965396539653909 -18.1474596041823375
-65.3765376537653822 -21.5963618010306568
-65.3565356535653450 17.7285545405672238
-65.3365336533653362 -19.8345536863741181
-65.3165316531653133 -13.7472976042556674
-65.2965296529652903 -27.8864099273254169
-65.2765276527652816 47.5518948182191465
-65.2565256525652444 -2.5302703064690610
-65.2365236523652356 -30.8551814560903281
-65.2165216521652127 -21.0469581945177424
-65.1965196519651897 -29.9620397187404528
-65.1765176517651810 30.5286993195257459
-65.1565156515651580 6.8112431502098492
-65.1365136513651350 27.4403635108826052
-65.1165116511651121 -1.4245514888615414
-65.0965096509650891 -3.6970826148349314
-65.0765076507650804 21.0175812754604507
-65.0565056505650574 5.3512074122733235
-65.0365036503650344 -10.8058986042166421
-65.0165016501650115 5.4919814653286867
-64.9964996499649885 -48.3109986521391903
-64.9764976497649798 -7.3616610323524423
-64.9564956495649568 11.7606081348402167
-64.9364936493649338 -0.4128802076719007
-64.9164916491649251 -27.1605629574994509
-64.8964896489648879 35.5070508262202509
-64.8764876487648792 -39.2607386223606483
-64.8564856485648562 -22.6336870449933016
-64.8364836483648332 -10.3743576083940177
-64.8164816481648245 -23.0159355260884304
-64.7964796479647873 -67.8742757826981915
-64.7764776477647786 8.3976706901134186
-64.7564756475647556 15.1404996603102315
-64.7364736473647326 -24.9858330342664523
-64.7164716471647239 24.7854457473258449
-64.6964696469646867 22.0620369639029086
-64.6764676467646780 14.0576102785813966
-64.6564656465646550 35.3718691981334885
-64.6364636463646320 -3.1249948094808029
-64.6164616461646233 -28.9596215526950047
-64.5964596459645861 17.1479744663394698
-64.5764576457645774 -39.5418349680683292
-64.5564556455645544 -14.6345712543339825
-64.5364536453645314 17.2371557780816254
-64.5164516451645227 0.9977977241126947
-64.4964496449644855 -52.9120489157762890
-64.4764476447644768 26.7266991593500549
-64.4564456445644538 -6.5619793681928194
-64.4364436443644308 29.2326135376245695
-64.4164416441644221 2.1197647455790705
-64.3964396439643849 -4.3468687053033159
-64.3764376437643762 -33.8011157896707957
-64.3564356435643532 -6.0530758494464427
-64.3364336433643302 31.5357793426054478
-64.3164316431643215 44.4449646681718065
-64.2964296429642843 -51.5153032813994827
-64.2764276427642756 33.1108704100953588
-64.2564256425642526 -6.4631280152692581
-64.2364236423642296 27.4069287508093851
-64.2164216421642209 -34.5446832152185195
-64.1964196419641979 2.5593888080387543
-64.1764176417641750 2.0030360770467919
-64.1564156415641520 -21.0169648877625121
-64.1364136413641290 -2.5991167596720040
-64.1164116411641203 35.8153906133796411
-64.0964096409640973 0.8355461279879792
-64.0764076407640744 7.1482207242337505
-64.0564056405640514 2.2512701924769667
-64.0364036403640284 27.6230197867077649
-64.0164016401640197 42.5797103502878400
-63.9963996399639967 40.6235018203106364
-63.9763976397639738 -43.5429159178482053
-63.9563956395639579 -15.5338383976261944
-63.9363936393639349 28.4223946181563853
-63.9163916391639120 40.5502605789614066
-63.8963896389638961 47.7253266773542322
-63.8763876387638732 -26.2025917429620421
-63.8563856385638573 -14.5031073615443713
-63.8363836383638343 28.4567827611312651
-63.8163816381638114 32.1555583758731629
-63.7963796379637955 -41.0376201324394216
-63.7763776377637726 0.4284499036772633
-63.7563756375637567 26.4328814803611074
-63.7363736373637337 32.1183989428649497
-63.7163716371637179 6.1698639354747371
-63.6963696369636949 -17.8936488881026321
-63.6763676367636720 30.6895332465650021
-63.6563656365636561 13.8568339901980266
-63.6363636363636331 38.0196009033237630
-63.6163616361636173 -15.2623334110302604
-63.5963596359635943 -2.1063810869644444
-63.5763576357635714 13.7929576050943723
-63.5563556355635555 32.8833203236924732
-63.5363536353635325 18.0143743594135550
-63.5163516351635167 -13.8588183420555673
-63.4963496349634937 17.5724432328672719
-63.4763476347634779 11.5151980832571379
-63.4563456345634549 29.6984044637349491
-63.4363436343634319 50.3953592328826048
-63.4163416341634161 23.8958311982740810
-63.3963396339633931 -18.2484208918653970
-63.3763376337633773 26.5265336363621280
-63.3563356335633543 29.7116044123474410
-63.3363336333633313 5.5107589639221350
-63.3163316331633155 4.4030525973444048
-63.2963296329632925 50.9350506668304632
-63.2763276327632767 4.8034321520768337
-63.2563256325632537 -9.6816010445458467
-63.2363236323632378 -12.8498360818658917
-63.2163216321632149 11.4329975762933138
-63.1963196319631919 10.8323155847189874
-63.1763176317631761 -3.9163206757940863
-63.1563156315631531 23.0317473171128810
-63.1363136313631372 -15.4501607031383728
-63.1163116311631143 -4.4161575736145062
-63.0963096309630913 10.9906375567302987
-63.0763076307630755 -33.6577068863152320
-63.0563056305630525 19.8951777661150189
-63.0363036303630366 0.5015319331514956
-63.0163016301630137 45.4049938813131817
-62.9962996299629978 -5.3356671972489753
-62.9762976297629749 21.4211641158537311
-62.9562956295629519 18.1853303755990225
-62.9362936293629360 -9.9236718371801373
-62.9162916291629131 14.5641051771165682
-62.8962896289628972 -7.7875080653904885
-62.8762876287628742 -7.4993781909068034
-62.8562856285628513 -11.7824877694733061
-62.8362836283628354 -12.1631706629408214
-62.8162816281628125 28.2543261596086168
-62.7962796279627966 -2.2325976336100570
-62.7762776277627736 -2.8825810109050938
-62.7562756275627578 -25.5173850738329762
-62.7362736273627348 14.6184324493836133
-62.7162716271627119 36.7903809351744258
-62.6962696269626960 30.3228499291074343
-62.6762676267626730 32.1174777849573303
-62.6562656265626572 44.1693931254838503
-62.6362636263626342 36.1491214850279334
-62.6162616261626113 -16.2768294762309473
-62.5962596259625954 49.4001842232743655
-62.5762576257625724 7.3299794547398935
-62.5562556255625566 48.5663867359329799
-62.5362536253625336 -5.7027656732648744
-62.5162516251625178 8.2206843974755532
-62.4962496249624948 -11.1530667362101514
-62.4762476247624718 -2.5816373374210002
-62.4562456245624560 -12.8175856320719781
-62.4362436243624330 -9.7990323398358896
-62.4162416241624172 51.2830726098759513
-62.3962396239623942 0.4036832152342598
-62.3762376237623712 52.2127505951487620
-62.3562356235623554 9.4907127396727198
-62.3362336233623324 26.4867031681558842
-62.3162316231623166 17.2144313954403607
-62.2962296229622936 -14.6820374898164818
-62.2762276227622777 12.4382999348175485
-62.2562256225622548 -8.8737201097770040
-62.2362236223622318 19.2817226266881931
-62.2162216221622160 0.6638096081805553
-62.1962196219621930 16.8235701255889900
-62.1762176217621771 24.6851417949682883
-62.1562156215621542 -20.3392941621581471
-62.1362136213621312 25.5209664590805545
-62.1162116211621154 -39.3636530673614615
-62.0962096209620924 33.8050350809842044
-62.0762076207620765 9.8522863720511413
-62.0562056205620536 6.9975315353195624
-62.0362036203620377 14.1681267087386491
-62.0162016201620148 -0.2314313229937834
-61.9961996199619918 42.4702375327948687
-61.9761976197619759 -11.3351978057701999
-61.9561956195619530 1.2580962400108113
-61.9361936193619371 1.0053237174252132
-61.9161916191619142 21.1178922306730463
-61.8961896189618912 0.3469093795641758
-61.8761876187618753 -21.7920543146209411
-61.8561856185618524 7.9018364781241530
-61.8361836183618365 13.1420893693615177
-61.8161816181618136 4.3865546165335605
-61.7961796179617977 42.7005056902460680
-61.7761776177617747 -23.5094337429892519
-61.7561756175617518 63.5656586182136252
-61.7361736173617359 40.6746131084586224
-61.7161716171617130 26.0187968063310677
-61.6961696169616971 -13.4152886830703277
-61.6761676167616741 -64.0348666021433246
-61.6561656165616512 -12.4560424523541133
-61.6361636163616353 -12.7495015407656638
-61.6161616161616124 3.7185411704679865
-61.5961596159615965 -0.8925701688239212
-61.5761576157615735 43.7714066719148320
-61.5561556155615577 43.5407107604123524
-61.5361536153615347 -13.3765678831366870
-61.5161516151615118 49.3867553161720565
-61.4961496149614959 -37.5104024020678324
-61.4761476147614729 20.6497272273503292
-61.4561456145614571 28.4970126220343047
-61.4361436143614341 -45.6656607592369070
-61.4161416141614112 10.0661087671920839
-61.3961396139613953 13.4068926559839987
-61.3761376137613723 13.2549108666460995
-61.3561356135613565 15.9897368302363923
-61.3361336133613335 -6.2533652508530473
-61.3161316131613177 51.4810990684223242
-61.2961296129612947 25.8489677739909069
-61.2761276127612717 4.5728400868806602
-61.2561256125612559 10.7887870442261402
-61.2361236123612329 21.6554778657528431
-61.2161216121612171 -22.6946105972432051
-61.1961196119611941 -0.0780180423797230
-61.1761176117611711 2.1419890380088269
-61.1561156115611553 38.6040976452344609
-61.1361136113611323 23.4663736056638683
-61.1161116111611165 6.8672800765217019
-61.0961096109610935 39.3072719293056281
-61.0761076107610776 -47.9434933287097778
-61.0561056105610547 6.4730802142893200
-61.0361036103610317 -65.7308287035379948
-61.0161016101610159 29.4807969462394226
-60.9960996099609929 21.6870302683597700
-60.9760976097609770 30.7498225911126184
-60.9560956095609541 24.8250710374309485
-60.9360936093609311 54.6353812846193563
-60.9160916091609153 44.2376404170092172
-60.8960896089608923 45.3019446392322749
-60.8760876087608764 8.7215225937600884
-60.8560856085608535 32.9683231305323972
-60.8360836083608376 10.2051497065017536
-60.8160816081608147 20.7075481081731354
-60.7960796079607917 29.8059794352337768
-60.7760776077607758 7.5425816979061988
-60.7560756075607529 -27.8796442337606472
-60.7360736073607370 55.5034023202789513
-60.7160716071607141 65.7198393560066592
-60.6960696069606911 54.2064003700894403
-60.6760676067606752 51.5237003452853486
-60.6560656065606523 31.4997081880896630
-60.6360636063606364 -10.3010946265004790
-60.6160616061606135 38.1337922113244616
-60.5960596059605976 18.9501185359945659
-60.5760576057605746 -2.6649334840307191
-60.5560556055605517 16.4491112117617071
-60.5360536053605358 31.6044491112900658
-60.5160516051605128 16.3891156243465659
-60.4960496049604970 -8.4559749232887036
-60.4760476047604740 17.9132006502440504
-60.4560456045604511 18.1202066530392720
-60.4360436043604352 4.6814247850358530
-60.4160416041604122 8.7323244220189959
-60.3960396039603964 22.9214906099468401
-60.3760376037603734 33.3555738925081542
-60.3560356035603576 -5.9929518238137831
-60.3360336033603346 55.5107959579813013
-60.3160316031603116 78.9545108381487921
-60.2960296029602958 40.1102261464202030
-60.2760276027602728 -17.9588070216591582
-60.2560256025602570 61.8558375772943378
-60.2360236023602340 3.0206617643616962
-60.2160216021602110 18.2100639016693115
-60.1960196019601952 49.0330051756279204
-60.1760176017601722 21.7360696886495646
-60.1560156015601564 85.5545292423476837
-60.1360136013601334 -21.6607985056190628
-60.1160116011601176 19.5859827569560103
-60.0960096009600946 -1.8862229679169857
-60.0760076007600716 -4.4880009032029093
-60.0560056005600558 13.0341017888231594
-60.0360036003600328 16.2829540873708041
-60.0160016001600169 53.1021365011356608
-59.9959995999599940 9.4204168479641250
-59.9759975997599710 -34.2497852074129483
-59.9559955995599552 -8.7399962183331148
-59.9359935993599322 17.9193436385948921
-59.9159915991599163 25.9177071733886457
-59.8959895989598934 26.9424119214352480
-59.8759875987598775 16.9000490810859354
-59.8559855985598546 -0.2186248596558045
-59.8359835983598316 60.1780363359079473
-59.8159815981598157 27.2963026583523565
-59.7959795979597928 6.2710014383546042
-59.7759775977597769 37.6513683978014697
-59.7559755975597540 -28.6010251780186806
-59.7359735973597310 23.1401195747791739
-59.7159715971597151 29.7814653468384058
-59.6959695969596922 -9.6584450075765496
-59.6759675967596763 25.8167334582565147
-59.6559655965596534 43.9924080040934058
-59.6359635963596375 -19.5109620827780894
-59.6159615961596145 40.8142117375797682
-59.5959595959595916 82.8482554354038854
-59.5759575957595757 10.5568078726742183
-59.5559555955595528 21.9588621928062899
-59.5359535953595369 50.2553068579223066
-59.5159515951595139 -2.7156808195943860
-59.4959495949594910 15.7793341453074198
-59.4759475947594751 49.3779471858282264
-59.4559455945594522 10.0699162572089520
-59.4359435943594363 27.9726018675879899
-59.4159415941594133 21.3634138302798320
-59.3959395939593975 13.6983746277724787
-59.3759375937593745 13.2324941863627021
-59.3559355935593516 31.1614949410974020
-59.3359335933593357 -2.1480608156559740
-59.3159315931593127 16.1445207585932948
-59.2959295929592969 22.0676851162492191
-59.2759275927592739 -0.2840525840017065
-59.2559255925592510 59.3247042136879799
-59.2359235923592351 1.7388851491493966
-59.2159215921592121 53.1798517620904079
-59.1959195919591963 51.0594764062614388
-59.1759175917591733 46.1058234841293952
-59.1559155915591575 44.6930047521544793
-59.1359135913591345 33.7445446604581250
-59.1159115911591115 28.6655381101138573
-59.0959095909590957 22.6556052619610000
-59.0759075907590727 49.4291289232280420
-59.0559055905590569 13.6429630437627942
-59.0359035903590339 34.5887177631332108
-59.0159015901590109 -18.6011326557592476
-58.9958995899589951 54.7040633550710993
-58.9758975897589721 47.4297174710542109
-58.9558955895589563 63.6713572407926591
-58.9358935893589333 20.0111385786684686
-58.9158915891589103 1.6334444243248143
-58.8958895889588945 -16.0776659309246810
-58.8758875887588715 8.8215032426485518
-58.8558855885588557 56.1176254757235640
-58.8358835883588327 24.8760759905186006
-58.8158815881588168 35.0483537000291818
-58.7958795879587939 -30.3082394454208064
-58.7758775877587709 2.5383353734279268
-58.7558755875587551 56.5481196918485836
-58.7358735873587321 16.5156754098737224
-58.7158715871587162 25.8794271457018148
-58.6958695869586933 -20.9010331309161792
-58.6758675867586703 33.3958657818592712
-58.6558655865586545 58.5692639905013976
-58.6358635863586315 11.1781084019935513
-58.6158615861586156 4.9761356804346271
-58.5958595859585927 14.7356117621329972
-58.5758575857585768 38.7287733781940133
-58.5558555855585539 24.2496682852035974
-58.5358535853585309 33.9002880420947434
-58.5158515851585150 20.5055604724763612
-58.4958495849584921 13.5066455902614493
-58.4758475847584762 5.4871000821569602
-58.4558455845584533 34.8358461613325971
-58.4358435843584303 61.6648668309763011
-58.4158415841584144 27.6814860287357760
-58.3958395839583915 54.3907485954748395
-58.3758375837583756 12.0405425955378309
-58.3558355835583527 35.7410978013445160
-58.3358335833583368 27.5672564980449764
-58.3158315831583138 14.4263832679473758
-58.2958295829582909 37.3355196746177427
-58.2758275827582750 11.3970162124444467
-58.2558255825582521 -4.2205140268326851
-58.2358235823582362 28.4226591356097096
-58.2158215821582132 -2.2908191980322208
-58.1958195819581903 11.5019297341507212
-58.1758175817581744 2.8470970085295768
-58.1558155815581515 43.4483304629370224
-58.1358135813581356 45.9348781766027514
-58.1158115811581126 3.7445734951862200
-58.0958095809580968 37.5257502814454611
-58.0758075807580738 29.2732007778289791
-58.0558055805580508 31.6859846187076144
-58.0358035803580350 -4.1240415257054295
-58.0158015801580120 54.1695759623751130
-57.9957995799579962 32.6841272315580937
-57.9757975797579732 47.2548428261415054
-57.9557955795579502 -40.0720984660528003
-57.9357935793579344 51.2938994182673582
-57.9157915791579114 33.5317552458939119
-57.8957895789578956 15.7045431744266821
-57.8757875787578726 59.0949220020981514
-57.8557855785578568 30.1534942881478472
-57.8357835783578338 84.9098827815976307
-57.8157815781578108 -9.6254368006123485
-57.7957795779577950 42.8036503682988254
-57.7757775777577720 70.0125476454176123
-57.7557755775577562 27.7197101972131712
-57.7357735773577332 -7.4281547691524317
-57.7157715771577102 10.4462796736945229
-57.6957695769576944 48.7999348550191385
-57.6757675767576714 4.2072818978796818
-57.6557655765576555 64.9773486990666953
-57.6357635763576326 5.5367299245488475
-57.6157615761576167 33.9361511305640065
-57.5957595759575938 -8.4579197630582179
-57.5757575757575708 18.8507794631594940
-57.5557555755575549 51.1763229191553606
-57.5357535753575320 51.1411188394850029
-57.5157515751575161 27.6975332174699211
-57.4957495749574932 42.6248970568718519
-57.4757475747574702 56.0150494501775782
-57.4557455745574543 57.2259839537523334
-57.4357435743574314 -0.3907635486837329
-57.4157415741574155 9.9982627977147978
-57.3957395739573926 28.0972588353861248
-57.3757375737573767 21.3699594910241153
-57.3557355735573537 49.2734328129916719
-57.3357335733573308 7.0747233258618749
-57.3157315731573149 46.5530786072103524
-57.2957295729572920 46.8685200491302894
-57.2757275727572761 6.4647183683178717
-57.2557255725572531 48.3749394058202000
-57.2357235723572302 -51.4266893221962675
-57.2157215721572143 11.6518369463500484
-57.1957195719571914 41.7223559429618263
-57.1757175717571755 61.5467924872393226
-57.1557155715571525 36.4247175817462150
-57.1357135713571367 53.4222958674597379
-57.1157115711571137 24.7267556168530085
-57.0957095709570908 42.8455015175536715
-57.0757075707570749 -16.4257526392097439
-57.0557055705570519 33.4991205264999294
-57.0357035703570361 9.1805947192725696
-57.0157015701570131 41.8993997328756507
-56.9956995699569902 14.3592256344245435
-56.9756975697569743 -3.6530849693927898
-56.9556955695569513 22.5494337703116088
-56.9356935693569355 16.4040858543816732
-56.9156915691569125 32.1875772772848521
-56.8956895689568967 17.6516213353118374
-56.8756875687568737 50.1007155052126762
-56.8556855685568507 32.7476587562708943
-56.8356835683568349 13.0262545441943658
-56.8156815681568119 -4.4886075833506673
-56.7956795679567961 23.0323525884561100
-56.7756775677567731 54.2812089617187041
-56.7556755675567501 7.4885289054314228
-56.7356735673567343 -7.8516473085052070
-56.7156715671567113 3.3682888132565161
-56.6956695669566955 21.4942970602642411
-56.6756675667566725 9.6949164138977402
-56.6556655665566566 39.3492821195011686
-56.6356635663566337 53.3640818370107866
-56.6156615661566107 50.5821117733094709
-56.5956595659565949 -6.7222375537744412
-56.5756575657565719 52.2035150109219188
-56.5556555655565560 19.5983942418348391
-56.5356535653565331 20.7747626163061483
-56.5156515651565101 -0.6385947646231109
-56.4956495649564943 3.5691385347694506
-56.4756475647564713 49.4155779685573577
-56.4556455645564554 15.6437467963544883
-56.4356435643564325 12.3498107143590410
-56.4156415641564166 -28.2581465120032647
-56.3956395639563937 71.3153452404502701
-56.3756375637563707 -12.4241603088325085
-56.3556355635563548 5.3644955932638965
-56.3356335633563319 18.1743493266801153
-56.3156315631563160 -7.9155990115139829
-56.2956295629562931 41.7957150168174536
-56.2756275627562701 -49.9029828601997991
-56.2556255625562542 22.9719911192541133
-56.2356235623562313 48.7581367937118415
-56.2156215621562154 75.1087231800351987
-56.1956195619561925 48.0777989091533158
-56.1756175617561766 71.7360337079156238
-56.1556155615561536 41.0879895942626945
-56.1356135613561307 43.5707230586150942
-56.1156115611561148 102.7769392514649667
-56.0956095609560919 34.4877860781213172
-56.0756075607560760 103.0254438991338333
-56.0556055605560530 34.7394163678412013
-56.0356035603560301 21.7287371757300534
-56.0156015601560142 0.8352686085438670
-55.9955995599559913 38.9630139419044355
-55.9755975597559754 38.1854430265232239
-55.9555955595559524 35.2335461576804221
-55.9355935593559366 62.5160119187748933
-55.9155915591559136 16.5167261620442254
-55.8955895589558907 39.0620614547646881
-55.8755875587558748 16.9587284706576895
-55.8555855585558518 51.0855246133489302
-55.8355835583558360 53.1424149737647795
-55.8155815581558130 65.0351737318844698
-55.7955795579557901 19.0145219391940898
-55.7755775577557742 41.2411194357667341
-55.7555755575557512 29.5561725927149865
-55.7355735573557354 8.1509376928747095
-55.7155715571557124 -28.4873280299362293
-55.6955695569556966 46.6949113496916084
-55.6755675567556736 79.8991416417923830
-55.6555655565556506 49.8001880473419973
-55.6355635563556348 61.5400681275204136
-55.6155615561556118 15.0719599372720481
-55.5955595559555960 18.1927998076198136
-55.5755575557555730 5.3426492808201473
-55.5555555555555500 6.9884653092380944
-55.5355535553555342 30.6697992702733693
-55.5155515551555112 33.9880391467511132
-55.4955495549554954 49.2455420076937358
-55.4755475547554724 31.6356527598120074
-55.4555455545554565 25.1128757344029836
-55.4355435543554336 32.4241142895574512
-55.4155415541554106 -16.2165190740277012
-55.3955395539553948 33.6212068237118373
-55.3755375537553718 56.7144486093125764
-55.3555355535553559 65.4373717937006489
-55.3355335533553330 17.7377870047590136
-55.3155315531553100 38.0312655642890221
-55.2955295529552942 14.3706712442727209
-55.2755275527552712 49.7615181595967044
-55.2555255525552553 34.9652362140612283
-55.2355235523552324 10.5429600471230493
-55.2155215521552165 69.1084798680403338
-55.1955195519551935 42.2352663575300582
-55.1755175517551706 58.9422395118204463
-55.1555155515551547 46.1837095939762676
-55.1355135513551318 34.8414567118037439
-55.1155115511551159 14.8512425598488100
-55.0955095509550929 23.7237784237800398
-55.0755075507550700 19.5263312748806079
-55.0555055505550541 35.3610179572614101
-55.0355035503550312 61.6738482425135004
-55.0155015501550153 25.9974565833670503
-54.9954995499549923 66.7080563999285943
-54.9754975497549765 6.4535885229923942
-54.9554955495549535 25.4922782499115712
-54.9354935493549306 24.7726719146458940
-54.9154915491549147 50.0821993574714099
-54.8954895489548917 74.4701496430597842
-54.8754875487548759 30.8989315127971267
-54.8554855485548529 19.7395914170880076
-54.8354835483548300 92.9096806951606737
-54.8154815481548141 26.3119597904168749
-54.7954795479547911 57.4096281357799256
-54.7754775477547753 66.1545059415234249
-54.7554755475547523 35.7336606193594477
-54.7354735473547365 35.4160607437930324
-54.7154715471547135 46.6867863167921726
-54.6954695469546905 42.3712186662287280
-54.6754675467546747 24.6035322119707445
-54.6554655465546517 34.4989544112733668
-54.6354635463546359 30.9588850756174736
-54.6154615461546129 55.8594741723886443
-54.5954595459545899 28.7129829991491334
-54.5754575457545741 56.3723645161257778
-54.5554555455545511 31.9230619996350171
-54.5354535453545353 43.4395280575597766
-54.5154515451545123 17.2463004480993369
-54.4954495449544964 11.3521401133623030
-54.4754475447544735 13.4502633172782353
-54.4554455445544505 -5.2533580484784750
-54.4354435443544347 36.1444084573764783
-54.4154415441544117 17.4792582469471149
-54.3954395439543958 12.6007108760216617
-54.3754375437543729 37.2663463984327805
-54.3554355435543499 63.3951762858883967
-54.3354335433543341 32.7825939013470418
-54.3154315431543111 -4.1822635493225206
-54.2954295429542952 5.6142672587834426
-54.2754275427542723 75.6555987039251931
-54.2554255425542564 19.5364954932371582
-54.2354235423542335 14.5099225843730508
-54.2154215421542105 85.5582030470040991
-54.1954195419541946 15.2883977280280199
-54.1754175417541717 61.6505563353961747
-54.1554155415541558 66.1541343530158912
-54.1354135413541329 27.6926626162139229
-54.1154115411541099 37.5399152326057646
-54.0954095409540940 22.8782120695411315
-54.0754075407540711 65.4887577699796282
-54.0554055405540552 10.2919521138332790
-54.0354035403540323 45.0297974406121568
-54.0154015401540164 36.9566763089632957
-53.9953995399539934 20.6814350792717505
-53.9753975397539705 37.3065626936223467
-53.9553955395539546 23.2666448471283047
-53.9353935393539317 82.4496428037606961
-53.9153915391539158 62.8535544456420894
-53.8953895389538928 33.2887840583501173
-53.8753875387538699 39.3111657703484880
-53.8553855385538540 61.3740753634828451
-53.8353835383538311 19.8132413576117301
-53.8153815381538152 29.8356384971802235
-53.7953795379537922 52.8592679636042391
-53.7753775377537764 46.3776749537220994
-53.7553755375537534 77.3498576636545607
-53.7353735373537305 29.7251684935299352
-53.7153715371537146 15.8618152555609626
-53.6953695369536916 54.6903921810284288
-53.6753675367536758 5.7288019474479910
-53.6553655365536528 -1.0117370585070802
-53.6353635363536299 30.1043535923168193
-53.6153615361536140 29.1492452067533065
-53.5953595359535910 43.1946176660896839
-53.5753575357535752 51.9059634709835223
-53.5553555355535522 62.6520683399288032
-53.5353535353535364 -9.7601838635239204
-53.5153515351535134 34.8166704767200912
-53.4953495349534904 33.7732596450298033
-53.4753475347534746 1.8465861169622642
-53.4553455345534516 10.3436639592824164
-53.4353435343534358 95.0387918565680963
-53.4153415341534128 32.5852449836531832
-53.3953395339533898 41.5371151458142904
-53.3753375337533740 43.0984761965136869
-53.3553355335533510 77.2515748313053052
-53.3353335333533352 36.7960303453576785
-53.3153315331533122 12.7841067957102794
-53.2953295329532963 50.8466163130534028
-53.2753275327532734 60.6564481208643755
-53.2553255325532504 28.1744720227169623
-53.2353235323532346 63.8500130418948402
-53.2153215321532116 8.2035358222675470
-53.1953195319531957 64.2448220653231772
-53.1753175317531728 29.4489991755918297
-53.1553155315531498 10.9757279283581219
-53.1353135313531340 5.2215085246225144
-53.1153115311531110 77.0078328802026704
-53.0953095309530951 54.0209552522183998
-53.0753075307530722 35.4526304883131758
-53.0553055305530563 45.8019833995565335
-53.0353035303530334 85.9052431215048955
-53.0153015301530104 49.3469921055755805
-52.9952995299529945 29.9922613378382366
-52.9752975297529716 28.1454598757039918
-52.9552955295529557 45.2076803833222769
-52.9352935293529328 37.0857325461539205
-52.9152915291529098 -5.1532250759769767
-52.8952895289528939 55.4425813206307225
-52.8752875287528710 53.3145257489660125
-52.8552855285528551 24.3263202274715447
-52.8352835283528321 47.1853867343246591
-52.8152815281528163 83.2308086583161071
-52.7952795279527933 64.9323241971283522
-52.7752775277527704 22.0555926729206675
-52.7552755275527545 38.8708669072717257
-52.7352735273527315 28.6404713194318745
-52.7152715271527157 60.9008972091803145
-52.6952695269526927 42.1211696495719892
-52.6752675267526698 43.4758083957920576
-52.6552655265526539 18.6578621983473880
-52.6352635263526309 21.5525747781517545
-52.6152615261526151 78.2691036166608285
-52.5952595259525921 32.4610842951245644
-52.5752575257525763 11.6244143313290600
-52.5552555255525533 16.0284388751019549
-52.5352535253525303 15.7791012096442742
-52.5152515251525145 45.7137821683050092
-52.4952495249524915 34.1138363426479714
-52.4752475247524757 33.0570278787185003
-52.4552455245524527 51.3917014133306509
-52.4352435243524297 61.2938087170121193
-52.4152415241524139 51.0534850842993606
-52.3952395239523909 52.6846399791595275
-52.3752375237523751 66.7531531182001743
-52.3552355235523521 8.6475467473253005
-52.3352335233523362 36.3649819191496420
-52.3152315231523133 61.4442145000032056
-52.2952295229522903 54.0817473792543311
-52.2752275227522745 30.4975946669424971
-52.2552255225522515 -35.4553413110172073
-52.2352235223522356 8.3223120286504297
-52.2152215221522127 67.1351075667322448
-52.1952195219521897 26.8143334030328546
-52.1752175217521739 22.0487884295784120
-52.1552155215521509 18.4881580156901002
-52.1352135213521350 78.9376598033254453
-52.1152115211521121 42.7442658092362535
-52.0952095209520962 71.2266218809411384
-52.0752075207520733 17.5250586276580513
-52.0552055205520503 18.8451873748170406
-52.0352035203520344 58.8627530833514214
-52.0152015201520115 62.0102358247690830
-51.9951995199519956 61.1369956990420604
-51.9751975197519727 66.8138451549848611
-51.9551955195519497 -25.9907439199993888
-51.9351935193519338 52.3389857330109649
-51.9151915191519109 42.9366286508815662
-51.8951895189518950 38.0202520047717769
-51.8751875187518721 36.4455220117600334
-51.8551855185518562 56.0228740882539427
-51.8351835183518332 59.8443912017836510
-51.8151815181518103 39.5869183921788022
-51.7951795179517944 54.7907961902182592
-51.7751775177517715 3.6983559058877162
-51.7551755175517556 93.7615465143101687
-51.7351735173517326 39.7382274933453772
-51.7151715171517097 41.7986451112577413
-51.6951695169516938 41.8331418542202371
-51.6751675167516709 58.3002313315734568
-51.6551655165516550 75.4891046801461272
-51.6351635163516320 47.7081455247224682
-51.6151615161516162 94.7269327741470448
-51.5951595159515932 36.7257153135831800
-51.5751575157515703 58.6028348398614298
-51.5551555155515544 65.6157467775848033
-51.5351535153515314 60.5195076210654150
-51.5151515151515156 4.0527799903375410
-51.4951495149514926 42.5478119211225660
-51.4751475147514697 38.2585248285229582
-51.4551455145514538 35.6211681044174924
-51.4351435143514308 18.4682700689459125
-51.4151415141514150 83.9902562053102315
-51.3951395139513920 6.3626124487949056
-51.3751375137513762 57.1101441021885350
-51.3551355135513532 28.9173680701925733
-51.3351335133513302 62.2716050175630258
-51.3151315131513144 37.5282130896827226
-51.2951295129512914 70.6483706483719516
-51.2751275127512756 73.5750339052858635
-51.2551255125512526 30.7224506703200433
-51.2351235123512296 48.1944246667448013
-51.2151215121512138 75.7205938329891524
-51.1951195119511908 85.6051653085494024
-51.1751175117511750 58.8376402729442134
-51.1551155115511520 67.8326952741768423
-51.1351135113511361 34.7571745980080209
-51.1151115111511132 58.6541011254874149
-51.0951095109510902 61.5427726195053566
-51.0751075107510744 12.9501668933581797
-51.0551055105510514 29.2651316546091600
-51.0351035103510355 61.7210653170746326
-51.0151015101510126 43.0421003983864523
-50.9950995099509896 4.2433160938842889
-50.9750975097509738 62.5322603070234351
-50.9550955095509508 78.6228864355235402
-50.9350935093509349 89.4119532273356725
-50.9150915091509120 4.7158590609658475
-50.8950895089508961 46.9279609735887462
-50.8750875087508732 -2.0868000678408478
-50.8550855085508502 49.7458266265080837
-50.8350835083508343 74.4847412714930641
-50.8150815081508114 51.7148307732474635
-50.7950795079507955 62.7176312137586862
-50.7750775077507726 66.1964791498424461
-50.7550755075507496 16.9945424856226417
-50.7350735073507337 27.3316554672396705
-50.7150715071507108 66.3095484800142856
-50.6950695069506949 32.6536267888853544
-50.6750675067506720 45.5358033625800402
-50.6550655065506561 46.8311890013708805
-50.6350635063506331 60.3093177457975358
-50.6150615061506102 55.3797895333643453
-50.5950595059505943 14.9594560793777731
-50.5750575057505714 5.9485113840748909
-50.5550555055505555 67.1306318719272497
-50.5350535053505325 37.7529919470429007
-50.5150515051505096 49.9430103157373466
-50.4950495049504937 48.8756261085001640
-50.4750475047504708 59.4984652937243084
-50.4550455045504549 51.1560870812996242
-50.4350435043504319 57.0439412180237042
-50.4150415041504161 89.8731106457702822
-50.3950395039503931 42.4775792434819408
-50.3750375037503701 73.3328935694964628
-50.3550355035503543 11.6831552863429806
-50.3350335033503313 44.2881270988561866
-50.3150315031503155 106.4308065172427575
-50.2950295029502925 60.5092518134653972
-50.2750275027502695 63.8733938814530120
-50.2550255025502537 42.2811510734528184
-50.2350235023502307 57.4252276019943935
-50.2150215021502149 42.7318103500098800
-50.1950195019501919 26.1095714018840965
-50.1750175017501761 11.6558818052024407
-50.1550155015501531 45.8374273726656654
-50.1350135013501301 46.9654568963879129
-50.1150115011501143 60.6599065168356475
-50.0950095009500913 52.8232694206935349
-50.0750075007500755 50.1853018086174600
-50.0550055005500525 51.1082388313831828
-50.0350035003500295 62.0589103423396296
-50.0150015001500137 48.2781128931156616
-49.9949994999499907 66.4950864673420483
-49.9749974997499748 69.6532761552334989
-49.9549954995499519 80.0072195641429289
-49.9349934993499360 56.3981059952161772
-49.9149914991499131 49.1216011404263071
-49.8949894989498901 23.0177913184592597
-49.8749874987498742 65.3644852081218630
-49.8549854985498513 81.3510781080787666
-49.8349834983498354 59.7477456973193384
-49.8149814981498125 40.9543695246008923
-49.7949794979497895 61.9192489159128741
-49.7749774977497736 41.1748646268925569
-49.7549754975497507 31.6729123582557932
-49.7349734973497348 5.5870490256920959
-49.7149714971497119 53.7849492939189844
-49.6949694969496960 92.2318577884670958
-49.6749674967496730 22.0780483027381287
-49.6549654965496501 38.2462626161875718
-49.6349634963496342 46.8373034881113668
-49.6149614961496113 56.9678117679003719
-49.5949594959495954 64.3059256694303372
-49.5749574957495724 39.4598697436412920
-49.5549554955495495 92.9724484001211380
-49.5349534953495336 40.1424388428116927
-49.5149514951495107 61.7801795012486608
-49.4949494949494948 66.7548988462350223
-49.4749474947494718 83.1878722274537097
-49.4549454945494560 79.3940287673320455
-49.4349434943494330 36.7744913991727671
-49.4149414941494101 55.5806572716817158
-49.3949394939493942 36.0740747112456006
-49.3749374937493712 28.5401911332328559
-49.3549354935493554 60.1513295531330101
-49.3349334933493324 77.1080027629289049
-49.3149314931493095 24.8693410009674736
-49.2949294929492936 39.9267854211845830
-49.2749274927492706 100.7564033204682232
-49.2549254925492548 46.9849163714803097
-49.2349234923492318 65.3531085305546497
-49.2149214921492160 37.8680151020277194
-49.1949194919491930 90.8454957439553539
-49.1749174917491700 53.9533137566548007
-49.1549154915491542 62.7693053626420294
-49.1349134913491312 76.4407858516796210
-49.1149114911491154 19.3449660903971434
-49.0949094909490924 34.5293330182408909
-49.0749074907490694 9.4126645305555030
-49.0549054905490536 36.8714948137519940
-49.0349034903490306 39.7380182735212415
-49.0149014901490148 65.0000757381653784
-48.9948994899489918 22.4802367586357335
-48.9748974897489759 25.4163344754100891
-48.9548954895489530 77.0175307137654244
-48.9348934893489300 58.2523723951058301
-48.9148914891489142 73.3307531249116664
-48.8948894889488912 69.7537415259811411
-48.8748874887488753 65.4662894261487764
-48.8548854885488524 42.8110555242836597
-48.8348834883488294 83.9494825091608021
-48.8148814881488136 40.9987334324631760
-48.7948794879487906 61.0871260736194870
-48.7748774877487747 38.9153278801775642
-48.7548754875487518 45.2306046338355259
-48.7348734873487288 49.0525564114682311
-48.7148714871487130 85.1096041931929221
-48.6948694869486900 54.3835050989372917
-48.6748674867486741 64.5661206813663000
-48.6548654865486512 39.5602431114729001
-48.6348634863486353 59.4856315044986772
-48.6148614861486124 42.4546087846677693
-48.5948594859485894 68.5730455042163953
-48.5748574857485735 58.0837795668408745
-48.5548554855485506 35.6581081643996782
-48.5348534853485347 92.1894553901905880
-48.5148514851485118 55.2285906431880562
-48.4948494849484888 43.5564779231790382
-48.4748474847484729 9.9065631768859745
-48.4548454845484500 22.8280047781916586
-48.4348434843484341 77.6294509353916453
-48.4148414841484112 68.1763838035236489
-48.3948394839483953 27.3854210706762586
-48.3748374837483723 93.3710060995328348
-48.3548354835483494 24.0654971865075069
-48.3348334833483335 45.7028089982291519
-48.3148314831483106 38.3395771688027622
-48.2948294829482947 64.0653593114282387
-48.2748274827482717 55.3030675304360670
-48.2548254825482488 85.5218346214543033
-48.2348234823482329 50.8251288694294416
-48.2148214821482100 53.0839394980472790
-48.1948194819481941 40.7262275864230858
-48.1748174817481711 87.8599682651891953
-48.1548154815481553 100.7955196882546005
-48.1348134813481323 36.8232774807072119
-48.1148114811481094 101.7152516370847195
-48.0948094809480935 20.2414131596628977
-48.0748074807480705 42.8921703895133675
-48.0548054805480547 95.6747621005325186
-48.0348034803480317 72.0970997748235050
-48.0148014801480087 26.3351743120640158
-47.9947994799479929 39.4211723311880746
-47.9747974797479699 106.5806188468073401
-47.9547954795479541 61.3146993197191676
-47.9347934793479311 56.8995479637661745
-47.9147914791479153 81.9595633128939767
-47.8947894789478923 27.4620417857778953
-47.8747874787478693 54.9146634542592551
-47.8547854785478535 55.1431380300931622
-47.8347834783478305 46.8086117955121068
-47.8147814781478147 80.5834242282708999
-47.7947794779477917 63.3571789513690575
-47.7747774777477687 92.4398399442195000
-47.7547754775477529 90.6808937448031855
-47.7347734773477299 41.5982850759153990
-47.7147714771477141 51.5845253249505689
-47.6947694769476911 50.6886318069736816
-47.6747674767476752 77.7356912676191030
-47.6547654765476523 21.4052755354196158
-47.6347634763476293 58.0634745510108772
-47.6147614761476135 86.5228197283837090
-47.5947594759475905 24.4296078597644737
-47.5747574757475746 52.9109858934550417
-47.5547554755475517 84.0661327193820256
-47.5347534753475287 37.9181511938122213
-47.5147514751475128 34.6287410598434136
-47.4947494749474899 41.4869262802791994
-47.4747474747474740 75.9638682982587312
-47.4547454745474511 25.1297024864946970
-47.4347434743474352 35.2614708037068567
-47.4147414741474122 19.5227240641665105
-47.3947394739473893 -3.4377447492024800
-47.3747374737473734 4.4841415400933329
-47.3547354735473505 49.5715436200377937
-47.3347334733473346 -0.7774245837314382
-47.3147314731473116 91.4797149304710615
-47.2947294729472887 59.8760832491990556
-47.2747274727472728 70.8581457074965613
-47.2547254725472499 67.3780907623301886
-47.2347234723472340 38.9760495760200030
-47.2147214721472110 58.5847917139074710
-47.1947194719471952 27.1534838911730816
-47.1747174717471722 0.2697866498580268
-47.1547154715471493 75.1055837617044517
-47.1347134713471334 15.0800920970472134
-47.1147114711471104 70.2216244880778788
-47.0947094709470946 -7.3902540074176670
-47.0747074707470716 93.0130157604424710
-47.0547054705470487 16.8598620440665101
-47.0347034703470328 24.7315959116251989
-47.0147014701470098 22.7747990433702157
-46.9946994699469940 26.4878035164737398
-46.9746974697469710 29.9186317293564734
-46.9546954695469552 31.6911801147900505
-46.9346934693469322 76.3071969116608955
-46.9146914691469092 44.0309977407407018
-46.8946894689468934 52.3712809212811905
-46.8746874687468704 47.4611705889693880
-46.8546854685468546 37.4234586769003243
-46.8346834683468316 44.5489826432532539
-46.8146814681468086 43.6499472967665127
-46.7946794679467928 87.3789871044574369
-46.7746774677467698 60.6399897957492584
-46.7546754675467540 83.2158912080290634
-46.7346734673467310 102.9886862554547236
-46.7146714671467151 58.9657698686120142
-46.6946694669466922 66.3209938902693494
-46.6746674667466692 14.9624481921771704
-46.6546654665466534 60.1373359467233826
-46.6346634663466304 31.7331056042482835
-46.6146614661466145 67.1058772069796703
-46.5946594659465916 59.0107560408510921
-46.5746574657465686 66.4897697080154870
-46.5546554655465528 -9.9756143406006643
-46.5346534653465298 127.2729413165771604
-46.5146514651465139 64.4268810984446390
-46.4946494649464910 61.7592172727696465
-46.4746474647464751 76.4366116292763991
-46.4546454645464522 56.9511473690322774
-46.4346434643464292 65.5227703589774109
-46.4146414641464133 37.5295740966333540
-46.3946394639463904 91.5881930382392113
-46.3746374637463745 64.7536821868204555
-46.3546354635463516 28.1415746234633062
-46.3346334633463286 27.8838995973355530
-46.3146314631463127 12.4187634594642233
-46.2946294629462898 54.5904176984354805
-46.2746274627462739 17.8064482791441634
-46.2546254625462510 73.7085733799264347
-46.2346234623462351 50.3505540395385793
-46.2146214621462121 82.3098238782866929
-46.1946194619461892 35.2461904456387529
-46.1746174617461733 46.5739502514613335
-46.1546154615461504 37.3521005869380076
-46.1346134613461345 97.7531903098730055
-46.1146114611461115 18.3998135948390100
-46.0946094609460886 58.6197374188919369
-46.0746074607460727 53.3854156156604773
-46.0546054605460498 51.9447881158546565
-46.0346034603460339 27.1147069076458500
-46.0146014601460109 42.0941265681099139
-45.9945994599459951 59.5154795456802148
-45.9745974597459721 56.7072261032597993
-45.9545954595459492 26.6233211637376819
-45.9345934593459333 80.0351523614772589
-45.9145914591459103 85.6231797782726574
-45.8945894589458945 2.8239116798391919
-45.8745874587458715 32.2230063194944449
-45.8545854585458486 66.7417544621347645
-45.8345834583458327 78.5306816815258912
-45.8145814581458097 61.5155346657956841
-45.7945794579457939 39.4795965786397929
-45.7745774577457709 29.9549882227574500
-45.7545754575457551 58.4886708011425469
-45.7345734573457321 75.8517681666114925
-45.7145714571457091 41.0948279660425086
-45.6945694569456933 63.2770340977175607
-45.6745674567456703 29.3914790736809444
-45.6545654565456545 25.0252941256211692
-45.6345634563456315 36.7923848057687266
-45.6145614561456085 14.6557067124456779
-45.5945594559455927 55.0747280817930402
-45.5745574557455697 74.4202245404505334
-45.5545554555455539 22.3476459784662254
-45.5345534553455309 73.5936082635594317
-45.5145514551455150 101.4218409862563703
-45.4945494549454921 61.5922317703543030
-45.4745474547454691 45.6255046396967714
-45.4545454545454533 65.0292642821535196
-45.4345434543454303 67.6178777959418653
-45.4145414541454144 59.3456190225751001
-45.3945394539453915 16.4283739997986373
-45.3745374537453685 36.5586122908610491
-45.3545354535453527 93.1369035251748869
-45.3345334533453297 55.3149086946400814
-45.3145314531453138 45.3682666383176070
-45.2945294529452909 45.7995391914969758
-45.2745274527452750 56.1789411214627137
-45.2545254525452521 52.0288584393952860
-45.2345234523452291 15.1052477818360416
-45.2145214521452132 92.5710899889358672
-45.1945194519451903 88.2744358235531763
-45.1745174517451744 56.1975833208087749
-45.1545154515451514 49.3966016213455248
-45.1345134513451285 86.3937364191859132
-45.1145114511451126 46.6373345089508291
-45.0945094509450897 88.0064420322158156
-45.0745074507450738 50.8168673530849304
-45.0545054505450508 49.7012047474360301
-45.0345034503450350 80.3731889129879846
-45.0145014501450120 113.8642346212229626
-44.9944994499449891 38.6204165494423819
-44.9744974497449732 70.2757506388725091
-44.9544954495449502 45.7310745052382046
-44.9344934493449344 39.8686184860059427
-44.9144914491449114 111.1622933546483267
-44.8944894489448885 109.5224094229176046
-44.8744874487448726 48.4958906930080147
-44.8544854485448496 68.3107745729899989
-44.8344834483448338 58.6515506554909365
-44.8144814481448108 41.8617711246612672
-44.7944794479447950 54.8993221698122795
-44.7744774477447720 21.8866858082571341
-44.7544754475447490 25.0291999650041248
-44.7344734473447332 43.1846920481836420
-44.7144714471447102 46.9552741603848318
-44.6944694469446944 64.8254864639857544
-44.6744674467446714 47.9194351285684590
-44.6544654465446484 59.3548318310369964
-44.6344634463446326 59.2112745685246509
-44.6144614461446096 68.6884269533247220
-44.5944594459445938 40.7401885872516800
-44.5744574457445708 58.3492340919058492
-44.5544554455445549 64.8592402993242274
-44.5344534453445320 23.1066070867584514
-44.5144514451445090 82.7662103256121924
-44.4944494449444932 45.6363845118491014
-44.4744474447444702 49.3702864959241694
-44.4544454445444543 29.1394737669438655
-44.4344434443444314 17.4041914596782661
-44.4144414441444084 47.0019717273128634
-44.3944394439443926 63.7818167828298783
-44.3744374437443696 -10.1579205475774756
-44.3544354435443537 78.4008877838159322
-44.3344334433443308 37.1292475184544841
-44.3144314431443149 76.6517987022757552
-44.2944294429442920 93.9472839101615307
-44.2744274427442690 16.6442801458601437
-44.2544254425442531 69.9694283409675961
-44.2344234423442302 31.1911425131266284
-44.2144214421442143 69.1186523105165520
-44.1944194419441914 33.5401539966460902
-44.1744174417441684 62.5283586670998375
-44.1544154415441525 14.2327993490541616
-44.1344134413441296 79.7882024893192323
-44.1144114411441137 54.1980983848725444
-44.0944094409440908 97.5004299270684101
-44.0744074407440749 29.0592422142873410
-44.0544054405440519 31.9671497982526382
-44.0344034403440290 74.9458403130973210
-44.0144014401440131 72.2498372253410963
-43.9943994399439902 65.6506746445969043
-43.9743974397439743 69.3904779418095501
-43.9543954395439513 74.5429390236673726
-43.9343934393439284 31.1492200631720344
-43.9143914391439125 88.4048884691139421
-43.8943894389438896 49.7009182811413481
-43.8743874387438737 46.7160753749679856
-43.8543854385438507 26.7584580475581966
-43.8343834383438349 81.7863500007179738
-43.8143814381438119 44.6669638760895111
-43.7943794379437890 82.4967064614108807
-43.7743774377437731 52.6197483974500528
-43.7543754375437501 32.4314898033670431
-43.7343734373437343 111.8528317882150418
-43.7143714371437113 39.8906262622600991
-43.6943694369436884 57.5118328884429957
-43.6743674367436725 55.3934013333782787
-43.6543654365436495 36.0642771943489464
-43.6343634363436337 98.8589456508691171
-43.6143614361436107 11.5432700593571340
-43.5943594359435949 59.3033762634562081
-43.5743574357435719 113.6782391149386626
-43.5543554355435489 37.4410949849963259
-43.5343534353435331 64.9166292141209738
-43.5143514351435101 71.8694222113765733
-43.4943494349434943 77.1519966842969467
-43.4743474347434713 56.6561907846138268
-43.4543454345434483 63.8898257736155770
-43.4343434343434325 55.6576247950549217
-43.4143414341434095 94.2235011659094539
-43.3943394339433937 74.9717892617493078
-43.3743374337433707 62.7987726107597410
-43.3543354335433548 41.5990220852950472
-43.3343334333433319 15.6933165172721587
-43.3143314331433089 105.8622148014124207
-43.2943294329432931 77.1643543473662419
-43.2743274327432701 60.7202726558631838
-43.2543254325432542 64.2721910398799707
-43.2343234323432313 55.0483070273475477
-43.2143214321432083 27.0371858579827027
-43.1943194319431925 86.8883726292702363
-43.1743174317431695 53.7693991186934213
-43.1543154315431536 40.5685016962539962
-43.1343134313431307 46.1981975888555283
-43.1143114311431148 59.1642606544798397
-43.0943094309430919 54.2546665375225814
-43.0743074307430689 65.9187922013394854
-43.0543054305430530 78.8382737895520478
-43.0343034303430301 72.0134222656845395
-43.0143014301430142 58.7715610948095772
-42.9942994299429913 86.2724664637129877
-42.9742974297429683 86.2610035023705422
-42.9542954295429524 36.9036230447468370
-42.9342934293429295 36.5948736487207213
-42.9142914291429136 72.2953879615817527
-42.8942894289428907 98.9597057702128495
-42.8742874287428748 55.8191444236460228
-42.8542854285428518 79.5576917450880359
-42.8342834283428289 75.6688076501837088
-42.8142814281428130 54.9489498060393302
-42.7942794279427901 80.1683012294146806
-42.7742774277427742 96.4243186376030081
-42.7542754275427512 36.0742370531365495
-42.7342734273427283 34.7633280564949985
-42.7142714271427124 62.3427095222219521
-42.6942694269426894 40.4828088654369083
-42.6742674267426736 79.4213573584280113
-42.6542654265426506 82.6145615594104328
-42.6342634263426348 60.3953411912539195
-42.6142614261426118 11.8041992410161285
-42.5942594259425888 55.6211032103586547
-42.5742574257425730 66.1742875130010191
-42.5542554255425500 65.8825833163461425
-42.5342534253425342 55.0996342234547996
-42.5142514251425112 38.2820216281149897
-42.4942494249424882 15.6413178462436520
-42.4742474247424724 75.8097763058967189
-42.4542454245424494 55.4081409103552431
-42.4342434243424336 59.1284701537978634
-42.4142414241424106 -35.8702385980547120
-42.3942394239423948 29.7595773394391010
-42.3742374237423718 55.3839190342412238
-42.3542354235423488 66.7931568285064543
-42.3342334233423330 45.1499414754033737
-42.3142314231423100 80.5750945038045359
-42.2942294229422941 55.8035662216438908
-42.2742274227422712 84.8378656966976905
-42.2542254225422482 41.4797001635305946
-42.2342234223422324 71.6610648915471700
-42.2142214221422094 64.4722961068707576
-42.1942194219421935 65.9700972847908105
-42.1742174217421706 53.3915638242232831
-42.1542154215421547 79.8197414745723393
-42.1342134213421318 59.4476581742115187
-42.1142114211421088 47.6744494249550641
-42.0942094209420929 23.6615788843063584
-42.0742074207420700 26.7559882033965408
-42.0542054205420541 41.8987570374757041
-42.0342034203420312 26.0813172482225681
-42.0142014201420082 29.9963679144115041
-41.9941994199419923 90.4527432311277266
-41.9741974197419694 54.5756108707578917
-41.9541954195419535 51.2706133833990521
-41.9341934193419306 87.6317397565815241
-41.9141914191419147 42.0812058861171465
-41.8941894189418917 38.5391459689231795
-41.8741874187418688 38.4373604134237965
-41.8541854185418529 9.0194217280789815
-41.8341834183418300 7.3432837409504685
-41.8141814181418141 23.2481939161545696
-41.7941794179417911 85.4583653865931865
-41.7741774177417682 28.6252450805264367
-41.7541754175417523 81.9770728630230110
-41.7341734173417294 69.8974278837026901
-41.7141714171417135 38.1187259659752726
-41.6941694169416905 51.6589442783710950
-41.6741674167416747 80.5648661889585185
-41.6541654165416517 12.5753532656607945
-41.6341634163416288 42.6742572611032145
-41.6141614161416129 94.4867388269352944
-41.5941594159415899 50.0018094909129545
-41.5741574157415741 21.9002384371014074
-41.5541554155415511 32.2737176858040726
-41.5341534153415282 111.9669745269601293
-41.5141514151415123 58.3500696276041637
-41.4941494149414893 66.3479027499918459
-41.4741474147414735 44.1185610182785055
-41.4541454145414505 38.8858921517473135
-41.4341434143414347 34.6776675507078522
-41.4141414141414117 37.0444882997373384
-41.3941394139413887 80.3572289897568339
-41.3741374137413729 102.9786757040280634
-41.3541354135413499 84.9148209839365364
-41.3341334133413341 72.8844875173575701
-41.3141314131413111 80.3195409326673655
-41.2941294129412881 61.6922914763533115
-41.2741274127412723 29.0308419233785173
-41.2541254125412493 67.7348153154426029
-41.2341234123412335 69.6866851825450482
-41.2141214121412105 47.8212889342657306
-41.1941194119411946 86.0382749664886575
-41.1741174117411717 39.0839553516844944
-41.1541154115411487 80.8852432786536042
-41.1341134113411329 57.7674644881721875
-41.1141114111411099 56.1852743044556391
-41.0941094109410940 48.3514366124562471
-41.0741074107410711 30.4374010709954028
-41.0541054105410481 62.3815457851460593
-41.0341034103410323 57.7492278697403378
-41.0141014101410093 75.7525838710470794
-40.9940994099409934 99.1052528927444598
-40.9740974097409705 5.5130787395221574
-40.9540954095409546 38.8493974230122490
-40.9340934093409317 65.5565021059012167
-40.9140914091409087 49.6974325497312037
-40.8940894089408928 0.5957820316529663
-40.8740874087408699 22.8871646646085551
-40.8540854085408540 109.6299860357425189
-40.8340834083408311 43.1519678757971406
-40.8140814081408081 52.5713751550378845
-40.7940794079407922 17.9615607386195606
-40.7740774077407693 53.3623614031574434
-40.7540754075407534 83.4150326195021279
-40.7340734073407305 45.0508119756927456
-40.7140714071407146 -5.4821978008298444
-40.6940694069406916 70.7817014014636641
-40.6740674067406687 36.6656176755339658
-40.6540654065406528 35.1471866578249319
-40.6340634063406299 60.6759560110047929
-40.6140614061406140 60.4333843647773818
-40.5940594059405910 55.5647530248367829
-40.5740574057405681 28.3984524690299232
-40.5540554055405522 51.0601496642011696
-40.5340534053405293 29.5133605836381570
-40.5140514051405134 70.1382934407074430
-40.4940494049404904 61.0609904606047920
-40.4740474047404746 90.7311854523043309
-40.4540454045404516 60.9430993529326770
-40.4340434043404287 74.4576905631383283
-40.4140414041404128 110.0861992715348805
-40.3940394039403898 61.6469654908430797
-40.3740374037403740 63.6974347189079850
-40.3540354035403510 41.7273519458378956
-40.3340334033403281 70.7630645446027984
-40.3140314031403122 111.3955518865144825
-40.2940294029402892 58.6797391272521125
-40.2740274027402734 52.5326768318056594
-40.2540254025402504 84.7098785609298091
-40.2340234023402346 31.7284329673852916
-40.2140214021402116 79.6900926349205463
-40.1940194019401886 64.9922743621092422
-40.1740174017401728 51.9812402234609721
-40.1540154015401498 75.1357893684437101
-40.1340134013401340 69.6605485069381700
-40.1140114011401110 21.7127319974175919
-40.0940094009400880 23.8266075241393906
-40.0740074007400722 31.2736040671629638
-40.0540054005400492 -7.6365388455788974
-40.0340034003400334 45.2191362529423628
-40.0140014001400104 81.5213506748456638
-39.9939993999399945 67.0560463495433652
-39.9739973997399716 39.4046548662272116
-39.9539953995399486 75.5367436545572275
-39.9339933993399328 46.3585894912355059
-39.9139913991399098 95.5276065386883317
-39.8939893989398939 68.5548406783312316
-39.8739873987398710 53.9892438862591462
-39.8539853985398480 62.2709257806630561
-39.8339833983398321 81.3940778788864776
-39.8139813981398092 98.8866147030500144
-39.7939793979397933 37.0886205700199767
-39.7739773977397704 54.0791403663586863
-39.7539753975397545 74.4020589553758640
-39.7339733973397315 74.9614138297472721
-39.7139713971397086 78.8404557517665694
-39.6939693969396927 88.3262347207549965
-39.6739673967396698 47.6265369117894863
-39.6539653965396539 31.4655935194705698
-39.6339633963396309 64.3318548576643252
-39.6139613961396080 59.2305408203278105
-39.5939593959395921 15.8124940887328833
-39.5739573957395692 29.9168968145521355
-39.5539553955395533 32.6542926293942841
-39.5339533953395303 53.8468614961131777
-39.5139513951395145 82.2604935774187425
-39.4939493949394915 36.9539192173557609
-39.4739473947394686 53.1548388816653841
-39.4539453945394527 -2.7758617070082110
-39.4339433943394297 112.8468630212222905
-39.4139413941394139 51.2640071502396211
-39.3939393939393909 66.3305895695524299
-39.3739373937393680 27.3896016916277212
-39.3539353935393521 13.4590321470163019
-39.3339333933393291 55.7137661199823739
-39.3139313931393133 37.2395120375845465
-39.2939293929392903 75.8008123447580715
-39.2739273927392745 96.8915880533226925
-39.2539253925392515 69.4195324544638908
-39.2339233923392285 74.8713433357638962
-39.2139213921392127 58.4648990042175498
-39.1939193919391897 87.6018970706137452
-39.1739173917391739 95.2744927403161626
-39.1539153915391509 76.0614203586496274
-39.1339133913391279 21.8996872724991363
-39.1139113911391121 46.4117930423334641
-39.0939093909390891 45.9874068599116370
-39.0739073907390733 69.5772544624029194
-39.0539053905390503 86.6555271144435295
-39.0339033903390344 67.1168111857317484
-39.0139013901390115 45.8830255770708533
-38.9938993899389885 96.5834152064695814
-38.9738973897389727 7.7944672914248869
-38.9538953895389497 62.7784074778464429
-38.9338933893389338 25.0681814501646940
-38.9138913891389109 51.3816266741557470
-38.8938893889388879 89.8882967996351567
-38.8738873887388721 65.7063270423675334
-38.8538853885388491 67.1769569310131942
-38.8338833883388332 6.7502797794910521
-38.8138813881388103 68.7154574940285272
-38.7938793879387944 24.2148139724057998
-38.7738773877387715 50.1097147690098979
-38.7538753875387485 72.8247953531592884
-38.7338733873387326 79.4586185613550526
-38.7138713871387097 54.9904255418736767
-38.6938693869386938 54.9760452314451555
-38.6738673867386709 83.9859434611613551
-38.6538653865386479 47.0938212866370023
-38.6338633863386320 -8.6715768338861352
-38.6138613861386091 79.9527434898647016
-38.5938593859385932 93.0939389973474931
-38.5738573857385703 93.0665035130498666
-38.5538553855385544 25.3043053046682900
-38.5338533853385314 26.1620097171075763
-38.5138513851385085 28.3452934257770544
-38.4938493849384926 21.3895114699694204
-38.4738473847384697 51.3943004770096792
-38.4538453845384538 65.3125133664545388
-38.4338433843384308 91.7095475137134031
-38.4138413841384079 9.4210301213875951
-38.3938393839383920 110.2944570128475021
-38.3738373837383691 67.9284738803396664
-38.3538353835383532 91.9347711599089621
-38.3338333833383302 66.2961659979819586
-38.3138313831383073 47.1890167573335546
-38.2938293829382914 57.4017542308312727
-38.2738273827382685 57.8291370797937105
-38.2538253825382526 84.2947217933362509
-38.2338233823382296 55.7334832325472647
-38.2138213821382138 34.2659776194595764
-38.1938193819381908 30.5282968591273907
-38.1738173817381679 66.2383991509890819
-38.1538153815381520 28.7316040471285667
-38.1338133813381290 62.9873946546298811
-38.1138113811381132 72.5276787025489114
-38.0938093809380902 67.8560028473960841
-38.0738073807380673 39.8396916497319253
-38.0538053805380514 75.2888026720583241
-38.0338033803380284 45.7548021502561539
-38.0138013801380126 37.1646170135180824
-37.9937993799379896 38.4564996482493484
-37.9737973797379738 43.1747499015158809
-37.9537953795379508 45.9763572607758562
-37.9337933793379278 34.6381792258593322
-37.9137913791379120 33.3665597783013794
-37.8937893789378890 17.1787238440655869
-37.8737873787378732 47.1356215431128120
-37.8537853785378502 87.1786264897584857
-37.8337833783378272 86.6109565021170340
-37.8137813781378114 49.5441413335684473
-37.7937793779377884 53.9524647865502374
-37.7737773777377726 42.6190134720934424
-37.7537753775377496 86.1454553749563701
-37.7337733773377337 76.3934652226847248
-37.7137713771377108 84.2475522524088376
-37.6937693769376878 32.1261223031691543
-37.6737673767376720 68.4179306800819376
-37.6537653765376490 99.9453518474975198
-37.6337633763376331 68.9868269849966680
-37.6137613761376102 72.1813622205137904
-37.5937593759375872 87.0743783324929836
-37.5737573757375714 52.3344744879547079
-37.5537553755375484 83.3573580648674692
-37.5337533753375325 62.1203649238499835
-37.5137513751375096 32.1899409886602115
-37.4937493749374937 36.5805763027295541
-37.4737473747374708 47.6292960804971770
-37.4537453745374478 40.1996386457055763
-37.4337433743374319 82.8588606635224778
-37.4137413741374090 86.7222632896215941
-37.3937393739373931 64.6478144353319237
-37.3737373737373701 84.6407927695846922
-37.3537353735373472 71.0605074824481875
-37.3337333733373313 5.1219100660683807
-37.3137313731373084 80.4626051592401836
-37.2937293729372925 13.1549842177203260
-37.2737273727372695 39.9536600996836739
-37.2537253725372537 32.1600154273129135
-37.2337233723372307 63.3434978794400934
-37.2137213721372078 49.2107436441695043
-37.1937193719371919 44.7774492218646571
-37.1737173717371689 42.3729753335667141
-37.1537153715371531 64.2800633858239792
-37.1337133713371301 65.4528350445743570
-37.1137113711371072 61.3352899514000569
-37.0937093709370913 55.9943997546613375
-37.0737073707370683 10.1534158457181007
-37.0537053705370525 68.0638759817642551
-37.0337033703370295 18.6528528845121073
-37.0137013701370137 25.5760380716967717
-36.9936993699369907 94.6115462619766276
-36.9736973697369677 38.6194279945948153
-36.9536953695369519 38.4909556319304897
-36.9336933693369289 48.8019961369994562
-36.9136913691369131 54.8190717805169854
-36.8936893689368901 49.7992585227700459
-36.8736873687368671 26.5375410170697172
-36.8536853685368513 44.6269794398091335
-36.8336833683368283 112.3110627235654704
-36.8136813681368125 28.7059844230130068
-36.7936793679367895 18.8395265029986589
-36.7736773677367736 19.5254999039886741
-36.7536753675367507 73.0047762179577688
-36.7336733673367277 47.0081994003080723
-36.7136713671367119 43.4250824865421023
-36.6936693669366889 62.2615560026742187
-36.6736673667366730 50.0751314034450346
-36.6536653665366501 44.1947418455833869
-36.6336633663366271 39.5316166911332232
-36.6136613661366113 66.8867650435901737
-36.5936593659365883 63.9224423068314138
-36.5736573657365724 74.0514383606738420
-36.5536553655365495 55.6106651793934645
-36.5336533653365336 59.6090418940317335
-36.5136513651365107 -15.9415204914817608
-36.4936493649364877 53.6641316210317925
-36.4736473647364718 29.6133235798559227
-36.4536453645364489 53.4846410898453897
-36.4336433643364330 68.6125873513954332
-36.4136413641364101 61.1410838391606646
-36.3936393639363871 65.7203816623225947
-36.3736373637363712 55.3393433902297645
-36.3536353635363483 64.1845115632640528
-36.3336333633363324 1.8019515601499307
-36.3136313631363095 67.0371787936645802
-36.2936293629362936 68.8150479006040570
-36.2736273627362706 37.4296109304949951
-36.2536253625362477 25.8956842958170128
-36.2336233623362318 33.1786324254836273
-36.2136213621362089 88.7092611534908286
-36.1936193619361930 48.1015606746084501
-36.1736173617361700 55.5345398728991313
-36.1536153615361471 68.2826129372669044
-36.1336133613361312 77.1244965844260832
-36.1136113611361083 47.4587174535612704
-36.0936093609360924 49.4495153511866548
-36.0736073607360694 70.7735007896343546
-36.0536053605360536 89.2126910292518716
-36.0336033603360306 67.5068972451173295
-36.0136013601360077 23.8280034857539214
-35.9935993599359847 107.5531361392135636
-35.9735973597359759 36.1488532651372054
-35.9535953595359530 21.2756734381439472
-35.9335933593359300 35.3838566314583218
-35.9135913591359071 26.1690651147622404
-35.8935893589358841 62.4099135293568423
-35.8735873587358753 46.2884393071274971
-35.8535853585358524 42.7434138161752699
-35.8335833583358294 37.2978112743895807
-35.8135813581358065 94.9443696376913806
-35.7935793579357835 63.2871979209271842
-35.7735773577357747 11.1002314287073176
-35.7535753575357518 41.8679339346011545
-35.7335733573357288 52.1315824781180552
-35.7135713571357059 70.5483017962742878
-35.6935693569356971 90.9357547332090519
-35.6735673567356741 62.5125930210267384
-35.6535653565356512 88.1727967004371465
-35.6335633563356282 68.2678775561788882
-35.6135613561356053 21.7995333500437596
-35.5935593559355965 61.9377102429488531
-35.5735573557355735 29.6451932006169621
-35.5535553555355506 16.2278471545813261
-35.5335533553355276 29.8689557117323545
-35.5135513551355047 24.1746080014110518
-35.4935493549354959 69.0637419489978583
-35.4735473547354729 45.4744391416003708
-35.4535453545354500 53.7272417326297855
-35.4335433543354270 63.6422969989770948
-35.4135413541354040 75.4295859652272185
-35.3935393539353953 72.4336018067056102
-35.3735373537353723 54.0697261754028062
-35.3535353535353494 104.0298920332208610
-35.3335333533353264 48.5537089743504069
-35.3135313531353034 81.3968912060036018
-35.2935293529352947 29.2340981196112111
-35.2735273527352717 10.1751161661522431
-35.2535253525352488 25.4923119583714985
-35.2335233523352258 24.3996572233136071
-35.2135213521352171 51.9437730971426888
-35.1935193519351941 71.2499762653695399
-35.1735173517351711 42.3005608091970799
-35.1535153515351482 36.8451604828300532
-35.1335133513351252 72.8515522272850546
-35.1135113511351165 94.9868166241715244
-35.0935093509350935 85.5989553713080795
-35.0735073507350705 87.3524436834804874
-35.0535053505350476 23.8379005300448377
-35.0335033503350246 73.3638856946436135
-35.0135013501350159 84.4322546488792653
-34.9934993499349929 32.1374462645642112
-34.9734973497349699 38.4488981510008188
-34.9534953495349470 43.3311262034397515
-34.9334933493349240 36.6525194331762378
-34.9134913491349153 68.8092663909855986
-34.8934893489348923 65.6752887610332721
-34.8734873487348693 92.8431949122378057
-34.8534853485348464 66.6585002431026652
-34.8334833483348234 27.8467752527609917
-34.8134813481348147 27.6677457588310496
-34.7934793479347917 69.3007835016766052
-34.7734773477347687 102.8574148355998688
-34.7534753475347458 44.6007786171532317
-34.7334733473347370 60.2838163671363887
-34.7134713471347141 61.9685452154302538
-34.6934693469346911 87.7671847740705005
-34.6734673467346681 78.1721773009029448
-34.6534653465346452 74.2724580211142467
-34.6334633463346364 67.8406695096931998
-34.6134613461346134 36.3574218005358460
-34.5934593459345905 45.1841823215748164
-34.5734573457345675 36.7609314610641675
-34.5534553455345446 96.7225234609307591
-34.5334533453345358 60.5753542661659452
-34.5134513451345128 53.6544822647999524
-34.4934493449344899 62.2012502690169171
-34.4734473447344669 34.1245367141388414
-34.4534453445344440 58.4132747777215968
-34.4334433443344352 84.3737130022427664
-34.4134413441344122 67.5316445709791680
-34.3934393439343893 61.7639639730480638
-34.3734373437343663 65.2541128076965862
-34.3534353435343434 27.8714571928846695
-34.3334333433343346 40.1099775928290896
-34.3134313431343116 50.4378714584068675
-34.2934293429342887 99.6830746068523865
-34.2734273427342657 71.5225717632202418
-34.2534253425342570 73.1539875376685700
-34.2334233423342340 76.8230908892697641
-34.2134213421342110 28.1869377043166409
-34.1934193419341881 58.0263825627137066
-34.1734173417341651 63.7391644574870142
-34.1534153415341564 46.4804483743455634
-34.1334133413341334 59.8608439006175033
-34.1134113411341104 32.6913752368076302
-34.0934093409340875 72.2648829919357354
-34.0734073407340645 27.5696029507118254
-34.0534053405340558 40.4098963724201639
-34.0334033403340328 88.6533607582630196
-34.0134013401340098 41.2493450890212827
-33.9933993399339869 63.0638816188696580
-33.9733973397339639 3.0650344205283133
-33.9533953395339552 131.7762495476633262
-33.9333933393339322 52.7107284487317216
-33.9133913391339092 57.8029693622197627
-33.8933893389338863 74.6912210680972493
-33.8733873387338633 33.9411090645060227
-33.8533853385338546 61.8722156581005578
-33.8333833383338316 68.8877768277776994
-33.8133813381338086 65.2982261701869930
-33.7933793379337857 103.2383338573340268
-33.7733773377337769 56.8500459806060121
-33.7533753375337540 88.2605938592756161
-33.7333733373337310 57.7409755781948917
-33.7133713371337080 52.5593350157536889
-33.6933693369336851 68.4098163158845125
-33.6733673367336763 96.0127784048863333
-33.6533653365336534 39.2345006261636371
-33.6333633363336304 89.8844997869236124
-33.6133613361336074 39.2253513515692944
-33.5933593359335845 45.8966013303751268
-33.5733573357335757 41.7321116242567456
-33.5533553355335528 139.3526193258041417
-33.5333533353335298 65.9921768293111910
-33.5133513351335068 36.5703530185376948
-33.4933493349334839 67.2888081013026635
-33.4733473347334751 38.3136045739705295
-33.4533453345334522 22.1831397641128198
-33.4333433343334292 81.2935845433715514
-33.4133413341334062 42.2244829054520778
-33.3933393339333833 68.5616554115962913
-33.3733373337333745 88.8488531861655986
-33.3533353335333516 87.7250758417648910
-33.3333333333333286 62.3279240893478317
-33.3133313331333056 70.6320397707000041
-33.2933293329332969 76.2717899158304533
-33.2733273327332739 43.3425368453447035
-33.2533253325332510 34.6578729017412002
-33.2333233323332280 15.4424683171160027
-33.2133213321332050 78.1147027017563147
-33.1933193319331963 47.6953074332090452
-33.1733173317331733 30.8030671984691509
-33.1533153315331504 76.4885920774293027
-33.1333133313331274 41.5742070309296849
-33.1133113311331044 49.3641657053588929
-33.0933093309330957 33.4507299512196496
-33.0733073307330727 62.8952203243567425
-33.0533053305330498 15.8998665655072742
-33.0333033303330268 16.8147953089994715
-33.0133013301330038 66.7600931623116765
-32.9932993299329951 68.1768299802863567
-32.9732973297329721 43.8512387077713726
-32.9532953295329492 69.7390193415613595
-32.9332933293329262 -1.5706382423545904
-32.9132913291329032 31.7606729939429329
-32.8932893289328945 98.3074373820568894
-32.8732873287328715 51.1651949022971166
-32.8532853285328486 21.5728871912040354
-32.8332833283328256 51.0412700898168339
-32.8132813281328168 4.8243802211701166
-32.7932793279327939 57.6369205023496818
-32.7732773277327709 32.5547756278613605
-32.7532753275327480 47.1985890521485203
-32.7332733273327250 61.8882515141630662
-32.7132713271327162 86.3682945993096354
-32.6932693269326933 74.6101917323008337
-32.6732673267326703 72.5102731639842233
-32.6532653265326474 50.7781664274227325
-32.6332633263326244 110.9547094698606884
-32.6132613261326156 87.9698426796802266
-32.5932593259325927 47.4811632020006797
-32.5732573257325697 36.6247486783098495
-32.5532553255325467 83.9609902742562184
-32.5332533253325238 54.6839519709216901
-32.5132513251325150 58.4389312665508953
-32.4932493249324921 83.3009594590021578
-32.4732473247324691 65.8787841089385893
-32.4532453245324461 48.5020934716608068
-32.4332433243324232 47.7232641345032320
-32.4132413241324144 59.7316361393551816
-32.3932393239323915 71.7682852946151115
-32.3732373237323685 12.3814107489270242
-32.3532353235323455 10.5482279739035008
-32.3332333233323368 71.5827811135934695
-32.3132313231323138 38.5333844229198021
-32.2932293229322909 70.4367080161523802
-32.2732273227322679 55.6133014165713249
-32.2532253225322449 18.9648143637650435
-32.2332233223322362 16.6307129882021556
-32.2132213221322132 -12.7948100386568555
-32.1932193219321903 43.5192937950072150
-32.1732173217321673 39.2515995148329608
-32.1532153215321443 28.0131750558094801
-32.1332133213321356 45.4909589749526617
-32.1132113211321126 73.3886727960608454
-32.0932093209320897 23.2109474715712913
-32.0732073207320667 96.8325996578421382
-32.0532053205320437 45.4785676880164829
-32.0332033203320350 19.4761060957227876
-32.0132013201320120 90.2794399582302560
-31.9931993199319891 32.3082964813260602
-31.9731973197319661 73.4462033185471768
-31.9531953195319431 64.7449145969930271
-31.9331933193319344 58.0301193138602116
-31.9131913191319114 78.7428890145488367
-31.8931893189318885 61.0066537897658918
-31.8731873187318655 78.8808649721519686
-31.8531853185318568 54.4028036033231785
-31.8331833183318338 28.5908027227781822
-31.8131813181318108 33.3435147988174378
-31.7931793179317879 81.1293130494655372
-31.7731773177317649 11.4250016432184509
-31.7531753175317561 88.8498904476534221
-31.7331733173317332 14.3470386848365052
-31.7131713171317102 64.6019000484223795
-31.6931693169316873 4.5008976965151106
-31.6731673167316643 86.0862727320739225
-31.6531653165316555 38.5452980999351027
-31.6331633163316326 84.9199737011592504
-31.6131613161316096 63.8700561825002566
-31.5931593159315867 55.0069031345752464
-31.5731573157315637 51.3065343587440452
-31.5531553155315549 41.4578969156901778
-31.5331533153315320 77.4887222670261053
-31.5131513151315090 -5.2986275928145830
-31.4931493149314861 51.7404414635519458
-31.4731473147314631 102.5695832954338442
-31.4531453145314543 56.7826958393106693
-31.4331433143314314 7.9299113709444740
-31.4131413141314084 44.2720881625206815
-31.3931393139313855 48.3074205156650578
-31.3731373137313767 -2.5732925723645650
-31.3531353135313537 44.7262100773931195
-31.3331333133313308 42.9046865656206577
-31.3131313131313078 56.2290982349518771
-31.2931293129312849 72.4058251246429734
-31.2731273127312761 41.9041148331175606
-31.2531253125312531 55.4985231985679448
-31.2331233123312302 48.6483767025962806
-31.2131213121312072 49.2181967024782168
-31.1931193119311843 95.5868355891495440
-31.1731173117311755 43.3907039269728614
-31.1531153115311525 67.8201070792763971
-31.1331133113311296 94.6910200153239714
-31.1131113111311066 17.8824617336851794
-31.0931093109310837 52.4989514135056297
-31.0731073107310749 77.9886070495380750
-31.0531053105310519 10.1861365565366171
-31.0331033103310290 72.9093072053379387
-31.0131013101310060 23.8625538871684633
-30.9930993099309831 72.1556337808943482
-30.9730973097309743 59.8913687727139390
-30.9530953095309513 76.4375055589600834
-30.9330933093309284 48.4048273600362862
-30.9130913091309054 67.6077441990021271
-30.8930893089308967 55.9117214923683434
-30.8730873087308737 63.7793774057122533
-30.8530853085308507 101.7021621157893065
-30.8330833083308278 64.9720296066738285
-30.8130813081308048 41.6331519594808341
-30.7930793079307961 4.8284348158017920
-30.7730773077307731 18.5762249723307740
-30.7530753075307501 72.1540742864268054
-30.7330733073307272 32.4316066359538056
-30.7130713071307042 40.4168110647506609
-30.6930693069306955 93.1081818668725987
-30.6730673067306725 50.7736845929963465
-30.6530653065306495 61.6130684630838488
-30.6330633063306266 56.1339611767770421
-30.6130613061306036 66.3909641611960524
-30.5930593059305949 69.0309375699459196
-30.5730573057305719 61.9495861578299767
-30.5530553055305489 48.8789670086450414
-30.5330533053305260 61.4041620872877587
-30.5130513051305030 19.4245777172076011
-30.4930493049304943 42.5837010758448500
-30.4730473047304713 53.6643796037160783
-30.4530453045304483 52.8787826960347118
-30.4330433043304254 13.5777059973703373
-30.4130413041304166 54.5077731198957380
-30.3930393039303937 67.3890750573977613
-30.3730373037303707 79.5194582453855361
-30.3530353035303477 15.0929013704943529
-30.3330333033303248 39.8748533508585226
-30.3130313031303160 62.3145251001002691
-30.2930293029302931 73.0590165894114563
-30.2730273027302701 78.3059042646801515
-30.2530253025302471 95.0411142547130225
-30.2330233023302242 -1.9492277990743077
-30.2130213021302154 51.2527545628729442
-30.1930193019301925 49.2375892381304183
-30.1730173017301695 69.9913158040120891
-30.1530153015301465 66.1214560402924292
-30.1330133013301236 20.2248325543056033
-30.1130113011301148 48.5237586667480585
-30.0930093009300919 23.2860195451513441
-30.0730073007300689 52.1867928568380037
-30.0530053005300459 75.1624697973753086
-30.0330033003300230 55.7572291489124865
-30.0130013001300142 28.6068159062185430
-29.9929992999299913 76.7125128156742306
-29.9729972997299683 100.5930851160379689
-29.9529952995299453 57.8330417022447705
-29.9329932993299366 8.0458523293112378
-29.9129912991299136 19.8118435994478190
-29.8929892989298907 75.6146783058021867
-29.8729872987298677 43.7662167714236148
-29.8529852985298447 18.3634655490121723
-29.8329832983298360 22.8519579006355755
-29.8129812981298130 70.7518370706530533
-29.7929792979297901 57.5437390381135287
-29.7729772977297671 72.1371467675135136
-29.7529752975297441 82.7245452844741180
-29.7329732973297354 74.7656647385875459
-29.7129712971297124 0.9815787134806939
-29.6929692969296894 70.7733640999095286
-29.6729672967296665 35.1385163912046181
-29.6529652965296435 -1.4516276740901120
-29.6329632963296348 44.5164456100862083
-29.6129612961296118 70.1098574755143034
-29.5929592959295888 51.1683649652043613
-29.5729572957295659 64.5136630020234350
-29.5529552955295429 55.0905105259277050
-29.5329532953295342 62.0268868599273091
-29.5129512951295112 71.6494210741174413
-29.4929492949294882 110.3145536066626136
-29.4729472947294653 65.7533945897592105
-29.4529452945294565 42.9521970156614614
-29.4329432943294336 30.2571753355347361
-29.4129412941294106 74.2383354438225496
-29.3929392939293876 49.3014463270308241
-29.3729372937293647 36.6254344271012826
-29.3529352935293559 49.5421190918330225
-29.3329332933293330 51.6502714653734358
-29.3129312931293100 73.2328916803286063
-29.2929292929292870 35.8925550669505569
-29.2729272927292641 52.0649144437520519
-29.2529252925292553 8.2022365261020340
-29.2329232923292324 45.7243389799429920
-29.2129212921292094 27.3815933589887806
-29.1929192919291864 65.4994766751385100
-29.1729172917291635 50.4151200441310507
-29.1529152915291547 38.7692460764040874
-29.1329132913291318 64.9474060665531283
-29.1129112911291088 36.3974226378811068
-29.0929092909290858 64.6797355648238721
-29.0729072907290629 49.2893927273037207
-29.0529052905290541 50.1997751485069443
-29.0329032903290312 51.1122247725412535
-29.0129012901290082 65.9960736398729182
-28.9928992899289852 32.6650610410803068
-28.9728972897289765 93.4693261284065073
-28.9528952895289535 55.4480957551406064
-28.9328932893289306 46.2979862695855289
-28.9128912891289076 68.8214255366030443
-28.8928892889288846 20.6782825230240874
-28.8728872887288759 59.3835891956837045
-28.8528852885288529 27.1609876416138256
-28.8328832883288300 63.7790595825571458
-28.8128812881288070 59.9735726328702867
-28.7928792879287840 66.8766739979534179
-28.7728772877287753 63.5693965971190877
-28.7528752875287523 56.7992747473083170
-28.7328732873287294 21.2335223045537091
-28.7128712871287064 69.2538412019399914
-28.6928692869286834 55.9030910599202500
-28.6728672867286747 75.1123757025008132
-28.6528652865286517 18.9536585994241307
-28.6328632863286288 62.0936641206134396
-28.6128612861286058 17.4134314687992351
-28.5928592859285828 30.8168412559358913
-28.5728572857285741 42.5188754307139973
-28.5528552855285511 71.2135423984434652
-28.5328532853285282 69.1494359667727281
-28.5128512851285052 83.3643675009620040
-28.4928492849284964 41.9776175823698594
-28.4728472847284735 42.6808142909792565
-28.4528452845284505 41.4136195599731991
-28.4328432843284276 27.7441755278361128
-28.4128412841284046 59.2864091987642752
-28.3928392839283958 26.7867785301679646
-28.3728372837283729 83.3245085602731024
-28.3528352835283499 49.4311589991381197
-28.3328332833283270 76.5033113988251614
-28.3128312831283040 46.4497328053301359
-28.2928292829282952 70.0734043308454346
-28.2728272827282723 22.6386962090279624
-28.2528252825282493 43.5258369182641189
-28.2328232823282264 50.6940837213200481
-28.2128212821282034 48.2801082762027960
-28.1928192819281946 62.7206435699574314
-28.1728172817281717 -11.2945377290858247
-28.1528152815281487 39.6772938841467493
-28.1328132813281258 47.1585812045293196
-28.1128112811281028 44.5792958081439252
-28.0928092809280940 19.3082187071259632
-28.0728072807280711 35.4656870065108905
-28.0528052805280481 30.3778505805574071
-28.0328032803280252 49.0237824897777230
-28.0128012801280022 23.9861309225044472
-27.9927992799279934 74.5301554963704120
-27.9727972797279705 55.1806736286892061
-27.9527952795279475 36.2810067586765257
-27.9327932793279246 30.8835820081447494
-27.9127912791279158 66.6567316903919078
-27.8927892789278928 57.4593423138836101
-27.8727872787278699 22.2333302886268243
-27.8527852785278469 53.9049935429005984
-27.8327832783278240 -2.5304291236674601
-27.8127812781278152 39.9619876975543846
-27.7927792779277922 66.0060011957345694
-27.7727772777277693 7.2934642759507611
-27.7527752775277463 59.6965976674027843
-27.7327732773277233 31.9580663778972109
-27.7127712771277146 70.7601051079721231
-27.6927692769276916 6.8944772099490024
-27.6727672767276687 -2.9598027480635523
-27.6527652765276457 44.7139842472102487
-27.6327632763276227 52.7274974923956137
-27.6127612761276140 69.1599518591422111
-27.5927592759275910 71.6220928969261195
-27.5727572757275681 85.4132368582284869
-27.5527552755275451 77.1949439887036988
-27.5327532753275221 9.2840532560530562
-27.5127512751275134 31.7279921234229008
-27.4927492749274904 83.7347245085014151
-27.4727472747274675 70.6939928635948007
-27.4527452745274445 16.2394336865741415
-27.4327432743274358 30.9045057559775529
-27.4127412741274128 45.1381497115514492
-27.3927392739273898 22.6746899811943514
-27.3727372737273669 52.9315178805234439
-27.3527352735273439 33.2083209294337891
-27.3327332733273352 75.9662263242583293
-27.3127312731273122 50.4297425781017878
-27.2927292729272892 69.2722166571628861
-27.2727272727272663 38.1442335789258209
-27.2527252725272433 37.3468731405981771
-27.2327232723272346 14.2957084614860541
-27.2127212721272116 75.1365874315703195
-27.1927192719271886 53.4848264920621048
-27.1727172717271657 27.6744886895798174
-27.1527152715271427 49.0078117081163072
-27.1327132713271340 75.3308670302245673
-27.1127112711271110 25.7867784256617369
-27.0927092709270880 77.4399256714132207
-27.0727072707270651 27.7812946208835854
-27.0527052705270421 52.4813686779344124
-27.0327032703270334 63.9765217698011668
-27.0127012701270104 56.0325299006379822
-26.9926992699269874 30.2625547053046944
-26.9726972697269645 27.1323991602438070
-26.9526952695269557 13.3381110686057092
-26.9326932693269328 33.9795177599352201
-26.9126912691269098 46.5345064838876041
-26.8926892689268868 78.0394400906575072
-26.8726872687268639 85.7183315208318106
-26.8526852685268551 89.7113459709813412
-26.8326832683268321 31.8091523529822062
-26.8126812681268092 -0.6593192562772288
-26.7926792679267862 21.3005528476298274
-26.7726772677267633 46.0913737381251067
-26.7526752675267545 15.5139332080520695
-26.7326732673267315 -7.0045684913968671
-26.7126712671267086 62.0836043364347887
-26.6926692669266856 58.3094669858086121
-26.6726672667266627 64.2474080545794806
-26.6526652665266539 11.2594207557135242
-26.6326632663266309 33.1215533347983708
-26.6126612661266080 66.7907513503818819
-26.5926592659265850 72.0613567944212576
-26.5726572657265621 73.9054178073080124
-26.5526552655265533 71.5248106133810069
-26.5326532653265303 20.5740398990262463
-26.5126512651265074 48.3196641011752206
-26.4926492649264844 68.3350401162467449
-26.4726472647264757 41.0918283963623168
-26.4526452645264527 5.1022919647570291
-26.4326432643264297 29.4639560900997068
-26.4126412641264068 35.4301102762823348
-26.3926392639263838 8.6654926426522465
-26.3726372637263751 91.0011961414940913
-26.3526352635263521 14.1674463020362467
-26.3326332633263291 95.6628520361721257
-26.3126312631263062 47.7792248587192745
-26.2926292629262832 54.2327329227866528
-26.2726272627262745 19.7760435321773755
-26.2526252625262515 15.4353628157805858
-26.2326232623262285 -17.2962079522071690
-26.2126212621262056 37.6485619855933109
-26.1926192619261826 21.6229557855993448
-26.1726172617261739 22.1720241408915726
-26.1526152615261509 58.4948353948288684
-26.1326132613261279 28.7154300326735807
-26.1126112611261050 -10.5706116664596195
-26.0926092609260820 68.2200910799338516
-26.0726072607260733 92.6007803732898935
-26.0526052605260503 26.6127040950457143
-26.0326032603260273 58.9588141143570255
-26.0126012601260044 32.6385426700696968
-25.9925992599259956 51.3145465287292808
-25.9725972597259727 45.8457758550555781
-25.9525952595259497 21.1463090639549094
-25.9325932593259267 28.4152390732735114
-25.9125912591259038 44.9811008869654856
-25.8925892589258950 18.6624202648696063
-25.8725872587258721 47.3023911580772136
-25.8525852585258491 51.5125134601769545
-25.8325832583258261 30.8127759012815119
-25.8125812581258032 34.7988287040019202
-25.7925792579257944 21.2844145246491010
-25.7725772577257715 66.6029615071079064
-25.7525752575257485 22.7957966834661896
-25.7325732573257255 -16.2756944911522794
-25.7125712571257026 27.0120129403600444
-25.6925692569256938 30.8884330036336721
-25.6725672567256709 -7.7240939030323688
-25.6525652565256479 60.8818443001336504
-25.6325632563256249 18.8405649482880087
-25.6125612561256020 31.0899593220689496
-25.5925592559255932 34.4124564555546684
-25.5725572557255703 45.3690876533850513
-25.5525552555255473 73.2116816637908556
-25.5325532553255243 17.5224833192498615
-25.5125512551255156 14.0032281112651198
-25.4925492549254926 33.8875814169867127
-25.4725472547254697 57.0523573722928177
-25.4525452545254467 24.0453135746302245
-25.4325432543254237 43.7846925676902998
-25.4125412541254150 43.3289989787582073
-25.3925392539253920 62.1127367563887489
-25.3725372537253691 80.9566095378217625
-25.3525352535253461 17.0113807071311456
-25.3325332533253231 47.1208914563074757
-25.3125312531253144 57.9995511628324749
-25.2925292529252914 61.8054021581240534
-25.2725272527252685 26.1125199260506946
-25.2525252525252455 21.8758573711091309
-25.2325232523252225 40.9098772543915317
-25.2125212521252138 45.3979079156314427
-25.1925192519251908 64.2299935587562913
-25.1725172517251679 64.3709425259147991
-25.1525152515251449 7.1092657734516287
-25.1325132513251219 29.3788882116808949
-25.1125112511251132 53.8012817995178949
-25.0925092509250902 13.5492154999850030
-25.0725072507250673 66.0845336194029898
-25.0525052505250443 29.9319173246729200
-25.0325032503250355 14.5341238661256646
-25.0125012501250126 46.0239568963361307
-24.9924992499249896 68.9660686623634547
-24.9724972497249667 3.7545650459327007
-24.9524952495249437 51.7443775814038034
-24.9324932493249349 59.2711132738271118
-24.9124912491249120 46.4627803703961320
-24.8924892489248890 27.4512887699828312
-24.8724872487248660 58.2974030714878637
-24.8524852485248431 24.6763247700081507
-24.8324832483248343 43.4318142151869893
-24.8124812481248114 52.0194959026003190
-24.7924792479247884 29.1181338872531512
-24.7724772477247654 68.2493559796243261
-24.7524752475247425 -18.3334775107979269
-24.7324732473247337 59.9012265326319095
-24.7124712471247108 4.7206697916002653
-24.6924692469246878 25.4952707036473569
-24.6724672467246648 32.5127295918304711
-24.6524652465246419 66.7352240839553730
-24.6324632463246331 18.3711576817750988
-24.6124612461246102 44.6501625367218580
-24.5924592459245872 21.5765161577422369
-24.5724572457245642 63.5224458610266183
-24.5524552455245555 17.4803761405217131
-24.5324532453245325 40.8239943497779905
-24.5124512451245096 50.9116273887244546
-24.4924492449244866 24.4658989746959143
-24.4724472447244636 20.8912051077754128
-24.4524452445244549 -7.3658007269147205
-24.4324432443244319 22.3776022500535205
-24.4124412441244090 28.7622941965850245
-24.3924392439243860 33.0992251455723547
-24.3724372437243630 40.5736878266901186
-24.3524352435243543 32.8243210428419516
-24.3324332433243313 35.2894278912023722
-24.3124312431243084 80.8583434795042706
-24.2924292429242854 35.1168397963924193
-24.2724272427242624 64.7369936801403725
-24.2524252425242537 42.7622689602550281
-24.2324232423242307 12.9286188108272242
-24.2124212421242078 13.5197656664587846
-24.1924192419241848 20.0060621728179271
-24.1724172417241618 3.4236832266349779
-24.1524152415241531 53.4548449220659165
-24.1324132413241301 1.7124411119081557
-24.1124112411241072 46.7791978457543323
-24.0924092409240842 60.2155220055830114
-24.0724072407240755 -8.6931908680415049
-24.0524052405240525 28.2737499580221368
-24.0324032403240295 1.0207237976177339
-24.0124012401240066 44.3634088347952371
-23.9923992399239836 47.8874829279242604
-23.9723972397239748 20.6483026054275633
-23.9523952395239519 41.3904278054939283
-23.9323932393239289 43.0021857365325602
-23.9123912391239060 -7.1633839432611452
-23.8923892389238830 44.0791238654737683
-23.8723872387238742 -0.8738453899611471
-23.8523852385238513 12.9033986914696932
-23.8323832383238283 64.9411951007929247
-23.8123812381238054 68.0708370996745913
-23.7923792379237824 35.8791235391990142
-23.7723772377237736 6.9768684414267845
-23.7523752375237507 -16.7371638678879933
-23.7323732373237277 58.2325583889286236
-23.7123712371237048 69.8357555574528703
-23.6923692369236818 97.3987531303646819
-23.6723672367236730 18.6682378526686676
-23.6523652365236501 61.5269760091656650
-23.6323632363236271 10.4858202364521098
-23.6123612361236042 29.4119613922758418
-23.5923592359235954 -13.3906418838040366
-23.5723572357235724 -10.4805813921631739
-23.5523552355235495 51.4291499197453277
-23.5323532353235265 42.5459650848809261
-23.5123512351235036 75.1934281282952668
-23.4923492349234948 45.4321799146498719
-23.4723472347234718 3.1673543781689837
-23.4523452345234489 49.7913164310161989
-23.4323432343234259 32.1433173238113312
-23.4123412341234030 65.8549619963939676
-23.3923392339233942 50.0790299969099237
-23.3723372337233712 4.4004231457553118
-23.3523352335233483 46.3355699944236363
-23.3323332333233253 -3.4529325677098441
-23.3123312331233024 42.3769327205429676
-23.2923292329232936 30.5472662470624385
-23.2723272327232706 37.4344393814729273
-23.2523252325232477 23.0080280637499399
-23.2323232323232247 41.1247968361257108
-23.2123212321232018 24.3392295445079654
-23.1923192319231930 61.6451475831172004
-23.1723172317231700 54.2834429081731571
-23.1523152315231471 59.8685968522808736
-23.1323132313231241 -6.2224690140591008
-23.1123112311231154 33.5101081793869398
-23.0923092309230924 89.0548154776292620
-23.0723072307230694 39.1039859990910372
-23.0523052305230465 59.9494665556040189
-23.0323032303230235 42.6443550168801195
-23.0123012301230148 55.4029729754771267
-22.9922992299229918 82.8596461580410448
-22.9722972297229688 17.8155894020521508
-22.9522952295229459 4.9183226981731210
-22.9322932293229229 22.2104982933452035
-22.9122912291229142 80.8333941443562196
-22.8922892289228912 17.1130035902264339
-22.8722872287228682 49.8694084945906084
-22.8522852285228453 55.7224372373456447
-22.8322832283228223 50.7299888204627649
-22.8122812281228136 31.9560683456231196
-22.7922792279227906 58.0288371672274295
-22.7722772277227676 5.1046645582531625
-22.7522752275227447 26.2360371954141023
-22.7322732273227217 53.7967060117872364
-22.7122712271227130 55.5613188731322012
-22.6922692269226900 52.2466784527996992
-22.6722672267226670 24.1220412173025913
-22.6522652265226441 76.6161582973406468
-22.6322632263226353 32.5573171550941893
-22.6122612261226124 55.0429936674903075
-22.5922592259225894 19.0245756082836337
-22.5722572257225664 -28.0643654514305148
-22.5522552255225435 33.1184749265569494
-22.5322532253225347 68.5831907180365619
-22.5122512251225118 35.5657188929115762
-22.4922492249224888 16.0689889377877009
-22.4722472247224658 49.1045917523275648
-22.4522452245224429 32.3528556970378247
-22.4322432243224341 53.1466231787254486
-22.4122412241224112 21.3838563043205312
-22.3922392239223882 48.5083739076203031
-22.3722372237223652 46.3894139191691650
-22.3522352235223423 42.4686549860222726
-22.3322332233223335 41.4065102306152824
-22.3122312231223106 40.1653837709677290
-22.2922292229222876 27.4589111406090787
-22.2722272227222646 48.6321400006743403
-22.2522252225222417 39.9926089510601059
-22.2322232223222329 3.8954177960877274
-22.2122212221222100 26.3041400164248955
-22.1922192219221870 -12.5097977386199730
-22.1722172217221640 -1.0506400814498740
-22.1522152215221553 31.0592319780794774
-22.1322132213221323 51.4339194214601605
-22.1122112211221094 33.4557075098451975
-22.0922092209220864 29.0170002505532132
-22.0722072207220634 24.6993241161278831
-22.0522052205220547 37.0021739020740554
-22.0322032203220317 59.4009671963355572
-22.0122012201220087 -22.6449811710180740
-21.9921992199219858 -20.6521609970991982
-21.9721972197219628 36.5599417361899484
-21.9521952195219541 -2.1449579460703028
-21.9321932193219311 20.2644421097072289
-21.9121912191219081 14.3529873617720547
-21.8921892189218852 38.2557132862054061
-21.8721872187218622 34.5658715464713069
-21.8521852185218535 49.3274374451659270
-21.8321832183218305 30.3422386646097415
-21.8121812181218075 31.4974971619740636
-21.7921792179217846 39.4148275175149578
-21.7721772177217616 17.1456643764088383
-21.7521752175217529 27.3379947905628171
-21.7321732173217299 14.9771989785459780
-21.7121712171217069 41.9246107610727137
-21.6921692169216840 22.8507794174707755
-21.6721672167216752 50.3204827439337166
-21.6521652165216523 78.2808630509643422
-21.6321632163216293 38.0026876025395737
-21.6121612161216063 31.6282606575398084
-21.5921592159215834 44.7303159454016637
-21.5721572157215746 20.3448941371393381
-21.5521552155215517 14.3418579462465647
-21.5321532153215287 48.4828778004101935
-21.5121512151215057 31.6316285716527545
-21.4921492149214828 38.3709494861818285
-21.4721472147214740 -2.3005858183642509
-21.4521452145214511 -15.4405263138017332
-21.4321432143214281 47.6041050413501523
-21.4121412141214051 19.2635834635878211
-21.3921392139213822 45.8266257805067880
-21.3721372137213734 2.3856951980713177
-21.3521352135213505 26.0439578568502981
-21.3321332133213275 30.6892455155797137
-21.3121312131213045 32.6210305816166013
-21.2921292129212816 35.5357484686202483
-21.2721272127212728 34.9444316206021881
-21.2521252125212499 96.1331862681344944
-21.2321232123212269 16.6038627980001543
-21.2121212121212039 16.5692432694619498
-21.1921192119211952 1.2401721480267014
-21.1721172117211722 48.7930029286396092
-21.1521152115211493 19.7040323214360313
-21.1321132113211263 -36.8213407652892570
-21.1121112111211033 92.4111069664992328
-21.0921092109210946 32.7452611602895018
-21.0721072107210716 36.9892426198263067
-21.0521052105210487 73.3675274932643049
-21.0321032103210257 8.0998184511039284
-21.0121012101210027 5.3604069423345351
-20.9920992099209940 26.0086903770413187
-20.9720972097209710 34.7257358512984027
-20.9520952095209481 -13.0134751555559163
-20.9320932093209251 18.8385885445358738
-20.9120912091209021 36.9369672124246975
-20.8920892089208934 26.2681355031770707
-20.8720872087208704 -6.2245847405290888
-20.8520852085208475 7.9247577284474673
-20.8320832083208245 19.5513596227004456
-20.8120812081208015 14.1193202490894301
-20.7920792079207928 42.1689863533828841
-20.7720772077207698 14.4546928510071382
-20.7520752075207469 -3.8477546389781416
-20.7320732073207239 36.6256944665150783
-20.7120712071207151 -4.0791276251791118
-20.6920692069206922 -18.4654841983067435
-20.6720672067206692 -28.6527559934208611
-20.6520652065206463 13.5745782728372539
-20.6320632063206233 50.4839885556280876
-20.6120612061206145 24.4964420730719112
-20.5920592059205916 28.0116015563489889
-20.5720572057205686 16.6115333140392138
-20.5520552055205457 0.2550927289572513
-20.5320532053205227 60.6388190528677882
-20.5120512051205139 26.1810035201918332
-20.4920492049204910 3.4603975575726018
-20.4720472047204680 23.9882633012948894
-20.4520452045204451 41.9639076462745280
-20.4320432043204221 68.5507178402360751
-20.4120412041204133 11.7794254253333079
-20.3920392039203904 42.7061575400279665
-20.3720372037203674 5.8304986183727650
-20.3520352035203445 41.0698276912743339
-20.3320332033203215 22.5983153766011995
-20.3120312031203127 7.0093377280212970
-20.2920292029202898 8.2083438882839133
-20.2720272027202668 -26.9080753009111966
-20.2520252025202439 44.4413346287433484
-20.2320232023202351 52.1270358758835286
-20.2120212021202121 42.8040755994426263
-20.1920192019201892 27.2343946709725095
-20.1720172017201662 29.9001601908239607
-20.1520152015201433 32.4212759828341888
-20.1320132013201345 25.3067583269768761
-20.1120112011201115 -1.3346139140269067
-20.0920092009200886 52.1315793200149074
-20.0720072007200656 29.3887644180851417
-20.0520052005200426 -18.9314792300641912
-20.0320032003200339 34.5908214716704663
-20.0120012001200109 20.4454043482497809
-19.9919991999199880 22.4097298083970848
-19.9719971997199650 17.9253507033830388
-19.9519951995199420 -2.7707331752097488
-19.9319931993199333 65.4810325617542617
-19.9119911991199103 34.8329563622184821
-19.8919891989198874 8.2609637568823331
-19.8719871987198644 9.0625695422566785
-19.8519851985198414 84.3217555270981052
-19.8319831983198327 87.3997626265085898
-19.8119811981198097 -4.2171068850750686
-19.7919791979197868 71.5100222184330221
-19.7719771977197638 28.6474454655977908
-19.7519751975197551 22.3567510387986346
-19.7319731973197321 71.6142519346763322
-19.7119711971197091 -15.2601455053604802
-19.6919691969196862 11.4416427715665119
-19.6719671967196632 64.5099839705183342
-19.6519651965196545 12.9373468297980203
-19.6319631963196315 32.8100918991189658
-19.6119611961196085 73.7338253183377930
-19.5919591959195856 23.7722807989089731
-19.5719571957195626 67.1742445812051301
-19.5519551955195539 53.9839397413325770
-19.5319531953195309 21.8460137963096663
-19.5119511951195079 37.1477823335630859
-19.4919491949194850 0.0060057543585366
-19.4719471947194620 21.4053810569179923
-19.4519451945194533 50.5061480959321045
-19.4319431943194303 13.2484642282503646
-19.4119411941194073 59.9428396612520729
-19.3919391939193844 12.0957049968635886
-19.3719371937193614 37.3366311258672852
-19.3519351935193527 -7.7842520730620848
-19.3319331933193297 30.6491705924314566
-19.3119311931193067 38.3486789414376119
-19.2919291929192838 -13.4398167758138349
-19.2719271927192750 58.2870834594425062
-19.2519251925192521 -28.3935145563945532
-19.2319231923192291 0.4798108120945770
-19.2119211921192061 28.9897355734525206
-19.1919191919191832 -11.3866125976393420
-19.1719171917191744 74.1504382089611340
-19.1519151915191514 39.5043313779255811
-19.1319131913191285 27.2958993757123700
-19.1119111911191055 25.0175532249761865
-19.0919091909190826 40.7141442427914981
-19.0719071907190738 36.3657333450546361
-19.0519051905190508 21.4173601703566518
-19.0319031903190279 49.6720167255154408
-19.0119011901190049 33.0082523817525129
-18.9918991899189820 30.7505247741541403
-18.9718971897189732 -13.3048571661295227
-18.9518951895189502 21.6838114211408168
-18.9318931893189273 24.4397111810064516
-18.9118911891189043 19.8551411011992158
-18.8918891889188814 36.8621439417060159
-18.8718871887188726 -30.2860436185019104
-18.8518851885188496 -50.6200010056706518
-18.8318831883188267 -2.3827777857835635
-18.8118811881188037 6.9902054286190420
-18.7918791879187950 49.9441199520478136
-18.7718771877187720 37.5440513729858125
-18.7518751875187490 13.8784399140860888
-18.7318731873187261 29.1581454041868859
-18.7118711871187031 -5.4796819900004508
-18.6918691869186944 -2.8643287339206438
-18.6718671867186714 45.6490445386838246
-18.6518651865186484 38.9154457761283581
-18.6318631863186255 18.2696044456685414
-18.6118611861186025 24.0593687097369155
-18.5918591859185938 27.6383682539556652
-18.5718571857185708 59.9439407410169167
-18.5518551855185478 15.8474359864286800
-18.5318531853185249 22.8850049802149833
-18.5118511851185019 32.9854333755981770
-18.4918491849184932 56.8711583673274959
-18.4718471847184702 60.3339588769901383
-18.4518451845184472 -17.3227538653589335
-18.4318431843184243 -11.3766221620235051
-18.4118411841184013 21.7494508066947105
-18.3918391839183926 23.2882528211877080
-18.3718371837183696 2.5791619502049770
-18.3518351835183466 13.3137323285363838
-18.3318331833183237 22.5448934403337020
-18.3118311831183149 14.8921787790925055
-18.2918291829182920 -0.4275797875507585
-18.2718271827182690 -10.9745441212760575
-18.2518251825182460 32.4491368599581662
-18.2318231823182231 45.2190545096846890
-18.2118211821182143 -34.1041970070518943
-18.1918191819181914 4.4491839562983806
-18.1718171817181684 56.5212331174468119
-18.1518151815181454 21.9277210728661167
-18.1318131813181225 28.2586001422939646
-18.1118111811181137 -10.2114875404823415
-18.0918091809180908 60.6721016030826945
-18.0718071807180678 1.6356639642029407
-18.0518051805180448 31.5140336061586446
-18.0318031803180219 39.7744579109817096
-18.0118011801180131 38.5801313315970305
-17.9917991799179902 -3.9922734251378600
-17.9717971797179672 38.4012182119872989
-17.9517951795179442 -3.9550516116032028
-17.9317931793179213 8.7872204357188668
-17.9117911791179125 28.6061948370499941
-17.8917891789178896 50.0300855806318410
-17.8717871787178666 20.8165703909819619
-17.8517851785178436 -22.1300204414500890
-17.8317831783178207 -1.4782632145949037
-17.8117811781178119 14.2410138475490697
-17.7917791779177890 10.7287816773796365
-17.7717771777177660 -3.7032380989995914
-17.7517751775177430 15.6081085169067482
-17.7317731773177343 29.4160761549954657
-17.7117711771177113 46.1684727978358325
-17.6917691769176884 2.8985661861907666
-17.6717671767176654 -32.3298974026923389
-17.6517651765176424 48.6891131075445074
-17.6317631763176337 -0.6498373362988659
-17.6117611761176107 38.0298954920852594
-17.5917591759175878 -22.3730153971991292
-17.5717571757175648 39.5062402476294992
-17.5517551755175418 -5.6201694761163274
-17.5317531753175331 83.6335556621446869
-17.5117511751175101 55.8780133420888205
-17.4917491749174872 40.3478832633632720
-17.4717471747174642 27.5256544512401753
-17.4517451745174412 18.4697735552956317
-17.4317431743174325 11.9728087087830524
-17.4117411741174095 3.4175274377306941
-17.3917391739173866 -18.4795215339703347
-17.3717371737173636 78.5879342635438292
-17.3517351735173406 40.1342950473234481
-17.3317331733173319 28.5833099714496868
-17.3117311731173089 26.5089262293503936
-17.2917291729172860 15.1235298298723286
-17.2717271727172630 14.4835321875960936
-17.2517251725172542 20.9065625973535987
-17.2317231723172313 -34.1938329000915644
-17.2117211721172083 -19.9214227732334770
-17.1917191719171853 11.3782900560504689
-17.1717171717171624 -7.2526632349682174
-17.1517151715171536 55.9139315764413283
-17.1317131713171307 9.0339889903666357
-17.1117111711171077 33.5656637445881927
-17.0917091709170847 65.9254935833346849
-17.0717071707170618 63.7599899433495523
-17.0517051705170530 7.0286795828903834
-17.0317031703170301 34.7992413394350635
-17.0117011701170071 47.7869542869658943
-16.9916991699169841 -0.9563854427476599
-16.9716971697169612 2.6296250734936244
-16.9516951695169524 -36.5290722426817993
-16.9316931693169295 34.9094150552185454
-16.9116911691169065 44.8485908417155485
-16.8916891689168835 -11.6550118711876287
-16.8716871687168606 7.9188488674351891
-16.8516851685168518 -3.7763015210725897
-16.8316831683168289 36.6337915130317455
-16.8116811681168059 46.2877997308565909
-16.7916791679167829 -2.2751644440775998
-16.7716771677167742 39.8329751398053915
-16.7516751675167512 17.9871353616738681
-16.7316731673167283 22.8686928191395253
-16.7116711671167053 0.6357077396807114
-16.6916691669166823 10.6411575819051958
-16.6716671667166736 17.0168857343775670
-16.6516651665166506 20.3204178825911406
-16.6316631663166277 13.5994529230235610
-16.6116611661166047 34.3992846913259243
-16.5916591659165817 34.2896740713008654
-16.5716571657165730 10.7210286676368742
-16.5516551655165500 8.0245046885135469
-16.5316531653165271 16.2201797194043884
-16.5116511651165041 6.5737819650690241
-16.4916491649164811 -0.0853857904898838
-16.4716471647164724 41.0068172665301347
-16.4516451645164494 16.3857616865715272
-16.4316431643164265 28.7926253474705973
-16.4116411641164035 37.4675413036834897
-16.3916391639163805 57.7598356116177598
-16.3716371637163718 2.4993200836255500
-16.3516351635163488 52.3742361651998749
-16.3316331633163259 -10.6699571731378207
-16.3116311631163029 27.5908064597798095
-16.2916291629162941 55.1802117588723320
-16.2716271627162712 74.4987110476242549
-16.2516251625162482 15.4912029349161173
-16.2316231623162253 5.9708016624360187
-16.2116211621162023 -0.7207687344029310
-16.1916191619161935 25.6497797757433901
-16.1716171617161706 -22.1705893700512782
-16.1516151615161476 -28.2401023505436761
-16.1316131613161247 55.1198726298109136
-16.1116111611161017 27.9412398300668130
-16.0916091609160929 8.8555671413381223
-16.0716071607160700 15.2113380090117687
-16.0516051605160470 8.7510614908999553
-16.0316031603160241 31.9206909129360703
-16.0116011601160011 39.9514074221799973
-15.9915991599159923 -14.7523336602901338
-15.9715971597159694 55.4097279951612123
-15.9515951595159464 -12.3332765589810265
-15.9315931593159235 -3.7859597046357685
-15.9115911591159005 5.3493813140021302
-15.8915891589158917 -21.8081371230577439
-15.8715871587158688 23.9347885834292278
-15.8515851585158458 20.7544919169265860
-15.8315831583158229 24.8897379429374510
-15.8115811581158141 45.3258768027099705
-15.7915791579157911 -2.9682241585992486
-15.7715771577157682 16.0786964504001872
-15.7515751575157452 21.2069407109396764
-15.7315731573157223 27.1906428074330080
-15.7115711571157135 40.4886890779617943
-15.6915691569156905 20.1113007896095866
-15.6715671567156676 10.8342240378284984
-15.6515651565156446 43.8746254070058868
-15.6315631563156217 41.3761301108930013
-15.6115611561156129 11.7584309714674404
-15.5915591559155899 7.0096435061968236
-15.5715571557155670 2.3903943846599258
-15.5515551555155440 8.2762372798247750
-15.5315531553155211 4.2740484396881104
-15.5115511551155123 -24.4667829366743952
-15.4915491549154893 -2.4764004908786958
-15.4715471547154664 75.4275611559589549
-15.4515451545154434 26.3481547221364139
-15.4315431543154205 -40.7186012881944208
-15.4115411541154117 38.4637214451810507
-15.3915391539153887 -20.7530727761041121
-15.3715371537153658 -26.0879889343216611
-15.3515351535153428 38.5915485891533621
-15.3315331533153341 -1.1216922060034324
-15.3115311531153111 6.3220912463295260
-15.2915291529152881 37.5624597732056031
-15.2715271527152652 -0.9211162603699510
-15.2515251525152422 30.0579665851605213
-15.2315231523152335 53.1001651200994260
-15.2115211521152105 22.8595182125772141
-15.1915191519151875 13.8091705810807568
-15.1715171517151646 -13.6448763198436254
-15.1515151515151416 19.6203138325104369
-15.1315131513151329 26.3900431110727496
-15.1115111511151099 15.4146893157308522
-15.0915091509150869 -35.7662850435495656
-15.0715071507150640 25.8394608302250361
-15.0515051505150410 44.4430153465481084
-15.0315031503150323 22.8533346866898235
-15.0115011501150093 29.2295706340780050
-14.9914991499149863 60.6307166656961130
-14.9714971497149634 15.1694552019509139
-14.9514951495149404 -11.1849220794017672
-14.9314931493149317 2.9597343298357561
-14.9114911491149087 1.2388855334076432
-14.8914891489148857 36.2771288244692300
-14.8714871487148628 51.3829494063677785
-14.8514851485148540 -3.8536346739477008
-14.8314831483148311 -37.6126939806901746
-14.8114811481148081 7.1456244786236445
-14.7914791479147851 -32.1305150018025287
-14.7714771477147622 2.5740158397281103
-14.7514751475147534 23.5500785641841404
-14.7314731473147305 44.5877818102270851
-14.7114711471147075 29.2910317693045457
-14.6914691469146845 61.4547697281332859
-14.6714671467146616 -9.1175311896186990
-14.6514651465146528 8.6040410473737357
-14.6314631463146299 52.1268114498474802
-14.6114611461146069 -21.4474114397537079
-14.5914591459145839 23.4840485397420551
-14.5714571457145610 -0.0693063881694744
-14.5514551455145522 7.4584229316179753
-14.5314531453145293 72.2806085105267755
-14.5114511451145063 30.0167552266745759
-14.4914491449144833 30.9471402077552824
-14.4714471447144604 6.6727201513944330
-14.4514451445144516 -15.3813018341167478
-14.4314431443144287 -1.6635774458132833
-14.4114411441144057 -0.0011207516687914
-14.3914391439143827 34.2937719480184171
-14.3714371437143740 14.0859051426218969
-14.3514351435143510 7.7148947420841960
-14.3314331433143280 42.1059689513249040
-14.3114311431143051 16.0560124936432302
-14.2914291429142821 -0.3162326383186045
-14.2714271427142734 2.1448678757981927
-14.2514251425142504 -32.8974744345674708
-14.2314231423142274 7.9708893418260702
-14.2114211421142045 34.3422698269986242
-14.1914191419141815 11.3241564346627790
-14.1714171417141728 17.0959741884720877
-14.1514151415141498 13.4474027788477013
-14.1314131413141268 42.1277393878905144
-14.1114111411141039 0.1240906438799243
-14.0914091409140809 -23.8744009631707570
-14.0714071407140722 43.9731302215623003
-14.0514051405140492 30.1866354892369806
-14.0314031403140262 27.7016657035528340
-14.0114011401140033 15.5390188133834464
-13.9913991399139803 -29.3913817043468129
-13.9713971397139716 -21.5768164370384241
-13.9513951395139486 21.8305940088614463
-13.9313931393139256 -7.9067585900070068
-13.9113911391139027 -2.2231553418950956
-13.8913891389138939 -29.3413089573823527
-13.8713871387138710 23.9426667138910361
-13.8513851385138480 5.5989478357971851
-13.8313831383138250 19.8747946593294600
-13.8113811381138021 30.3622853957345313
-13.7913791379137933 7.0219509157035569
-13.7713771377137704 2.5761623983038273
-13.7513751375137474 4.4268793278749801
-13.7313731373137244 9.5871970463397869
-13.7113711371137015 35.3079286387430642
-13.6913691369136927 41.3906781586341594
-13.6713671367136698 90.2183747684714064
-13.6513651365136468 22.8109221490675935
-13.6313631363136238 37.3001061597978563
-13.6113611361136009 1.1133724989942095
-13.5913591359135921 43.3300248884032158
-13.5713571357135692 57.3936531983335385
-13.5513551355135462 53.8709353844346381
-13.5313531353135232 49.0694830556235928
-13.5113511351135003 28.4169533505714149
-13.4913491349134915 14.8062057080462086
-13.4713471347134686 -1.2808843953428486
-13.4513451345134456 26.6114436625084210
-13.4313431343134226 -12.9814246439757603
-13.4113411341134139 -53.7388865368884225
-13.3913391339133909 14.9337248895042798
-13.3713371337133680 -30.5592614531017972
-13.3513351335133450 16.6741925723470352
-13.3313331333133220 37.0402483196453574
-13.3113311331133133 29.2336472363684692
-13.2913291329132903 -19.2384574081219100
-13.2713271327132674 -6.2766671042061919
-13.2513251325132444 12.4556190161717790
-13.2313231323132214 -43.0239286641673857
-13.2113211321132127 18.6257522550328787
-13.1913191319131897 26.2454575002147763
-13.1713171317131668 -15.3435424015541102
-13.1513151315131438 -19.5183216372719244
-13.1313131313131208 108.0624473776474872
-13.1113111311131121 15.9766105624375570
-13.0913091309130891 11.0853152757410847
-13.0713071307130662 12.4558176223368235
-13.0513051305130432 38.1336074626131847
-13.0313031303130202 20.7190957621081111
-13.0113011301130115 -1.3159290488838220
-12.9912991299129885 12.3774350733998730
-12.9712971297129656 35.5647638910309780
-12.9512951295129426 -17.9048660290099910
-12.9312931293129338 -32.8836303287891027
-12.9112911291129109 -3.6321640619454829
-12.8912891289128879 -21.5627931674409439
-12.8712871287128650 17.2882307239484412
-12.8512851285128420 14.6197884016995765
-12.8312831283128332 -27.1322534798182957
-12.8112811281128103 -33.1741706160524643
-12.7912791279127873 -10.1140970097413447
-12.7712771277127644 -21.5959256106454021
-12.7512751275127414 -10.1462048728441552
-12.7312731273127326 34.3410136809514128
-12.7112711271127097 -14.2355143937208144
-12.6912691269126867 -9.2056178982698711
-12.6712671267126638 -25.8887291064659628
-12.6512651265126408 6.3568005526002054
-12.6312631263126320 -3.0418102345618081
-12.6112611261126091 26.0347546554691149
-12.5912591259125861 2.5373228331170550
-12.5712571257125632 40.7414669509808505
-12.5512551255125402 -18.9437637091584783
-12.5312531253125314 21.5131749523021512
-12.5112511251125085 51.2481392712994506
-12.4912491249124855 10.6340089570110159
-12.4712471247124626 -4.5833121233548866
-12.4512451245124538 1.6287886932374764
-12.4312431243124308 16.8784991274934271
-12.4112411241124079 34.2168103164835102
-12.3912391239123849 -17.4149850346937782
-12.3712371237123619 4.3787054741915572
-12.3512351235123532 57.0540330794970387
-12.3312331233123302 17.9274904341159562
-12.3112311231123073 -26.3145677749783999
-12.2912291229122843 33.5441256445871261
-12.2712271227122613 3.0976043742398920
-12.2512251225122526 57.6488695441423005
-12.2312231223122296 42.1671833050149019
-12.2112211221122067 34.7597258593963829
-12.1912191219121837 13.7363472679266430
-12.1712171217121607 19.9282040136644341
-12.1512151215121520 -7.7878144748315101
-12.1312131213121290 21.3730263442925761
-12.1112111211121061 4.3854250885987964
-12.0912091209120831 -1.9939218424412264
-12.0712071207120601 20.4696249953096654
-12.0512051205120514 33.4035776255694330
-12.0312031203120284 -12.0556655843206340
-12.0112011201120055 25.9205850482352389
-11.9911991199119825 4.4931421679380961
-11.9711971197119738 -52.2385498989082819
-11.9511951195119508 24.7485604678845732
-11.9311931193119278 19.9592819689228840
-11.9111911191119049 19.7621863306570020
-11.8911891189118819 58.4465168044806092
-11.8711871187118732 -1.6339508908357470
-11.8511851185118502 42.7417286596107857
-11.8311831183118272 -23.8694470004663870
-11.8111811181118043 -1.4477619302300369
-11.7911791179117813 51.6336592188615811
-11.7711771177117726 36.5574297557106931
-11.7511751175117496 39.5154741782600993
-11.7311731173117266 18.8371890645173892
-11.7111711171117037 16.7504550722340149
-11.6911691169116807 11.1420217081309438
-11.6711671167116720 -14.8649419815301460
-11.6511651165116490 35.4270314845898611
-11.6311631163116260 20.7338598804822496
-11.6111611161116031 -14.8532548935150981
-11.5911591159115801 19.9428917881415373
-11.5711571157115714 -20.7601272330351563
-11.5511551155115484 -8.7470830734137515
-11.5311531153115254 12.4055136232605285
-11.5111511151115025 29.0792338468906237
-11.4911491149114937 48.1687754474414334
-11.4711471147114707 -14.0705101652298730
-11.4511451145114478 7.5112313127551671
-11.4311431143114248 -8.1306911343966579
-11.4111411141114019 -3.9993497843825594
-11.3911391139113931 -19.7458758152051530
-11.3711371137113701 -25.9732501572400807
-11.3511351135113472 -1.5901152354296535
-11.3311331133113242 9.9861288773933286
-11.3111311131113013 13.2452080389582054
-11.2911291129112925 -25.8892041563453574
-11.2711271127112695 -3.9933833579874740
-11.2511251125112466 36.2337241372459999
-11.2311231123112236 16.6145230119649767
-11.2111211121112007 -12.3936672143694100
-11.1911191119111919 77.2332034633124209
-11.1711171117111689 4.8808584078459774
-11.1511151115111460 25.1814917315481352
-11.1311131113111230 9.5644998477648713
-11.1111111111111001 26.5987380272324216
-11.0911091109110913 20.5729265323341188
-11.0711071107110683 26.4211367970597024
-11.0511051105110454 25.8255989278155482
-11.0311031103110224 21.2767900435269759
-11.0111011101110137 -18.9274606270449368
-10.9910991099109907 -6.8226421305412037
-10.9710971097109677 26.8122032796784566
-10.9510951095109448 33.7023180884289033
-10.9310931093109218 0.1672418237566911
-10.9110911091109131 12.8793610033662915
-10.8910891089108901 -39.5691770403165961
-10.8710871087108671 25.1084560880448677
-10.8510851085108442 55.6000022498222819
-10.8310831083108212 23.6260262470677276
-10.8110811081108125 29.7674119381195084
-10.7910791079107895 -1.1450701079531669
-10.7710771077107665 20.2550531991303728
-10.7510751075107436 -0.4629733631320070
-10.7310731073107206 -42.7443542808317360
-10.7110711071107119 -15.5408645488680826
-10.6910691069106889 36.6858651447536346
-10.6710671067106659 -26.2208476444523839
-10.6510651065106430 -31.8562526852525707
-10.6310631063106200 -3.1328261758899618
-10.6110611061106113 10.1348876991163959
-10.5910591059105883 20.5191701153096133
-10.5710571057105653 -19.4658426807846610
-10.5510551055105424 7.2332776302845758
-10.5310531053105336 4.4649710098129116
-10.5110511051105107 0.8949564697435486
-10.4910491049104877 15.6927319493816739
-10.4710471047104647 -5.1972434568028110
-10.4510451045104418 47.5104070133531025
-10.4310431043104330 -2.2065505713157885
-10.4110411041104101 -13.5524293907893281
-10.3910391039103871 -4.1914744049071171
-10.3710371037103641 -37.3876534437464443
-10.3510351035103412 6.2633115536998414
-10.3310331033103324 27.4291693013131024
-10.3110311031103095 -26.3454146700561864
-10.2910291029102865 22.6621001157123771
-10.2710271027102635 -19.4954303694381963
-10.2510251025102406 -37.1390919354873645
-10.2310231023102318 8.9409250644368736
-10.2110211021102089 11.8266212849493879
-10.1910191019101859 25.9841105291138952
-10.1710171017101629 19.0854813545046085
-10.1510151015101400 -38.6194107459124112
-10.1310131013101312 24.5518065713892497
-10.1110111011101083 15.8710114538447371
-10.0910091009100853 -43.5943069378717638
-10.0710071007100623 -28.9022880600528609
-10.0510051005100536 13.6739842709378259
-10.0310031003100306 -7.0538954005179404
-10.0110011001100077 -18.8457593173028748
-9.9909990999099847 -12.6800308792340939
-9.9709970997099617 10.3434072168665594
-9.9509950995099530 -0.6155613143380139
-9.9309930993099300 11.6954943482748792
-9.9109910991099071 -4.1120398735086408
-9.8909890989098841 -8.8636895250417531
-9.8709870987098611 -0.8910289828467963
-9.8509850985098524 -22.7184269803581493
-9.8309830983098294 26.8517091631409848
-9.8109810981098065 44.4993528114037247
-9.7909790979097835 -16.4138135818784505
-9.7709770977097605 10.5783381409983868
-9.7509750975097518 14.5592035540077021
-9.7309730973097288 27.2367456582077097
-9.7109710971097059 8.7695537437412661
-9.6909690969096829 -8.3897109843535240
-9.6709670967096599 -3.7012174554987265
-9.6509650965096512 -30.1418749786470954
-9.6309630963096282 0.1040316931940710
-9.6109610961096053 26.6436067170421822
-9.5909590959095823 -13.0237425121873507
-9.5709570957095735 5.3490005463989023
-9.5509550955095506 3.3032107040672019
-9.5309530953095276 46.7355710166003320
-9.5109510951095046 10.5806058647886232
-9.4909490949094817 -22.6270061680205465
-9.4709470947094729 -6.1111806396045107
-9.4509450945094500 -41.5352172603206000
-9.4309430943094270 -2.5458715482887966
-9.4109410941094040 3.6150654399663527
-9.3909390939093811 -4.9905581653792312
-9.3709370937093723 -0.9192124931680903
-9.3509350935093494 12.2060445621711260
-9.3309330933093264 -5.7363175259420744
-9.3109310931093034 0.9632540902774673
-9.2909290929092805 -9.7191987067862744
-9.2709270927092717 -27.0324633259074858
-9.2509250925092488 13.5202109273093924
-9.2309230923092258 -20.0067055808125573
-9.2109210921092028 11.5303720897581314
-9.1909190919091799 -24.7010048272795686
-9.1709170917091711 19.3603370266560830
-9.1509150915091482 16.7623607405266029
-9.1309130913091252 -1.4254226733870432
-9.1109110911091022 -42.3143653439802634
-9.0909090909090935 -3.8638915298808429
-9.0709070907090705 -14.8532166090616755
-9.0509050905090476 39.0610345223510151
-9.0309030903090246 9.6232330509892297
-9.0109010901090016 52.4029548472248052
-8.9908990899089929 -15.7473160653481088
-8.9708970897089699 5.8004316478538822
-8.9508950895089470 -2.7208639896294757
-8.9308930893089240 8.3729392661970188
-8.9108910891089010 -44.8372319233693091
-8.8908890889088923 -1.8250721639034095
-8.8708870887088693 12.0638551231317592
-8.8508850885088464 13.2906023226953245
-8.8308830883088234 -35.4048041053153071
-8.8108810881088004 -20.3155810996724426
-8.7908790879087917 -20.1578107479052662
-8.7708770877087687 -33.6780273394468139
-8.7508750875087458 21.4617572959984138
-8.7308730873087228 -14.3927547369760962
-8.7108710871086998 -5.6809015547492505
-8.6908690869086911 -5.3618448640040182
-8.6708670867086681 -7.7010511903351597
-8.6508650865086452 10.1157198156653187
-8.6308630863086222 -3.0686798990640591
-8.6108610861086134 -47.9109648010591442
-8.5908590859085905 -27.7998793601785508
-8.5708570857085675 -28.5682846947518669
-8.5508550855085446 32.5497150646221627
-8.5308530853085216 -2.3672125089315537
-8.5108510851085128 28.8104087192679934
-8.4908490849084899 8.4660554564513397
-8.4708470847084669 -1.2410988382221131
-8.4508450845084440 39.9557545579443669
-8.4308430843084210 25.7027241960711912
-8.4108410841084122 -12.6774770156540146
-8.3908390839083893 -38.9294221955685984
-8.3708370837083663 -40.7773913554125045
-8.3508350835083434 -20.9421929209757849
-8.3308330833083204 8.7058153559635958
-8.3108310831083116 18.2184425657720084
-8.2908290829082887 5.2467570795881908
-8.2708270827082657 -9.1532177414056779
-8.2508250825082428 31.9017119044880033
-8.2308230823082198 -5.7080130499637542
-8.2108210821082110 -10.3614798703813555
-8.1908190819081881 -9.6562558842623396
-8.1708170817081651 20.6931576924579765
-8.1508150815081422 -25.9280680085094701
-8.1308130813081334 -3.0190566993624990
-8.1108110811081104 -17.5818271899876706
-8.0908090809080875 -18.3282789801296992
-8.0708070807080645 -15.6860869651166652
-8.0508050805080416 15.6498910246861662
-8.0308030803080328 47.0867648413555102
-8.0108010801080098 40.5183429905144052
-7.9907990799079869 19.6783797445656745
-7.9707970797079639 -6.2316078277774789
-7.9507950795079410 10.4502590364690935
-7.9307930793079322 -11.5024989320464748
-7.9107910791079092 8.9789659405162698
-7.8907890789078863 11.8334502438076541
-7.8707870787078633 0.8883230154265993
-7.8507850785078404 16.4853409985112407
-7.8307830783078316 16.1812068344117819
-7.8107810781078086 -2.4808374048599040
-7.7907790779077857 12.1123307166968655
-7.7707770777077627 -24.9822794512344473
-7.7507750775077398 9.8269673755162614
-7.7307730773077310 10.5318824485863054
-7.7107710771077080 -47.2930319505051386
-7.6907690769076851 5.6604950969328378
-7.6707670767076621 10.2144717947938517
-7.6507650765076392 2.8883970926048841
-7.6307630763076304 -13.6495192800030960
-7.6107610761076074 5.4492771624852345
-7.5907590759075845 11.3575433632066716
-7.5707570757075615 31.7968816860791499
-7.5507550755075528 6.4430749570072470
-7.5307530753075298 26.2028816805403402
-7.5107510751075068 -16.1610404299185717
-7.4907490749074839 18.3430026715779846
-7.4707470747074609 16.4326570099893026
-7.4507450745074522 59.7668257859409948
-7.4307430743074292 15.9409737158197444
-7.4107410741074062 -15.1735533918542931
-7.3907390739073833 -12.7715837156333478
-7.3707370737073603 -25.5974189206608749
-7.3507350735073516 19.7394046888009953
-7.3307330733073286 -0.2123347584007758
-7.3107310731073056 37.2882174471393739
-7.2907290729072827 -6.8966610609491585
-7.2707270727072597 23.0281699131886128
-7.2507250725072510 6.0003653985066467
-7.2307230723072280 4.1929752285666142
-7.2107210721072050 34.7802195858641170
-7.1907190719071821 27.0664486965282087
-7.1707170717071591 -35.8732689266019946
-7.1507150715071504 41.8285084460990007
-7.1307130713071274 31.0222250110895850
-7.1107110711071044 6.8086835584773810
-7.0907090709070815 -51.7571808666012245
-7.0707070707070727 26.2059790891460906
-7.0507050705070498 -22.3063572132704060
-7.0307030703070268 46.2537772643946639
-7.0107010701070038 -27.2741794496776713
-6.9906990699069809 23.3698031265784358
-6.9706970697069721 5.4468214698621997
-6.9506950695069492 -32.3258070428328992
-6.9306930693069262 -16.4485216875631259
-6.9106910691069032 -0.6985699363119293
-6.8906890689068803 -4.9034197807983757
-6.8706870687068715 -23.1929650921088317
-6.8506850685068486 31.6563532015129852
-6.8306830683068256 -24.9909174379006522
-6.8106810681068026 9.6198283683493244
-6.7906790679067797 11.6799136091395201
-6.7706770677067709 2.7916041562410685
-6.7506750675067480 -47.5104261700829440
-6.7306730673067250 9.8120883910976247
-6.7106710671067020 -10.4811501009191783
-6.6906690669066791 -17.8960393554916983
-6.6706670667066703 14.3004354984668964
-6.6506650665066473 25.5559717350510347
-6.6306630663066244 -2.2773762034493812
-6.6106610661066014 -11.8184650578829533
-6.5906590659065927 11.3396379487728325
-6.5706570657065697 25.8086194620857334
-6.5506550655065467 -2.7222527427618219
-6.5306530653065238 24.2656248905348626
-6.5106510651065008 17.5738430920366575
-6.4906490649064921 25.6169815466331663
-6.4706470647064691 5.7003530680256915
-6.4506450645064461 32.3959018093899616
-6.4306430643064232 22.1287007246211047
-6.4106410641064002 4.0857602931346317
-6.3906390639063915 16.8696285460182587
-6.3706370637063685 9.7294466987544119
-6.3506350635063455 -16.2270367020739421
-6.3306330633063226 20.5278383850783293
-6.3106310631062996 38.6894565553696808
-6.2906290629062909 0.8059064596391050
-6.2706270627062679 5.1700634412902069
-6.2506250625062449 -10.2501284222502314
-6.2306230623062220 -4.3770457518353156
-6.2106210621061990 6.7817423495025100
-6.1906190619061903 21.0805708402420606
-6.1706170617061673 3.3044076639281457
-6.1506150615061443 25.9684300289459529
-6.1306130613061214 25.3095649453391935
-6.1106110611061126 7.8035050734475329
-6.0906090609060897 -45.6315056317287571
-6.0706070607060667 1.6774878898266836
-6.0506050605060437 3.5374807946345195
-6.0306030603060208 12.8909934540829845
-6.0106010601060120 18.4330855512611151
-5.9905990599059891 6.2022847124251390
-5.9705970597059661 11.0041626748408756
-5.9505950595059431 -36.5921067369063593
-5.9305930593059202 -16.8069429256819944
-5.9105910591059114 -23.8540676675585992
-5.8905890589058885 -13.1254488530839808
-5.8705870587058655 2.5771703992950483
-5.8505850585058425 41.6078227784661721
-5.8305830583058196 25.0601959164892456
-5.8105810581058108 24.7862504754095880
-5.7905790579057879 26.2865645442453193
-5.7705770577057649 40.5764139272245643
-5.7505750575057419 -31.0630662369350148
-5.7305730573057190 -41.2018610915417298
-5.7105710571057102 15.5298408301860462
-5.6905690569056873 22.1381948155271253
-5.6705670567056643 35.8755348638956590
-5.6505650565056413 -16.0623157208671543
-5.6305630563056326 27.8584532199256572
-5.6105610561056096 20.9010156474537467
-5.5905590559055867 26.9673447981968906
-5.5705570557055637 -6.4578652903580034
-5.5505550555055407 -0.8226088541386120
-5.5305530553055320 -6.9279971929094470
-5.5105510551055090 -3.3396882277362745
-5.4905490549054861 75.0413880065677290
-5.4705470547054631 -31.2612237632953516
-5.4505450545054401 -10.5962266002886079
-5.4305430543054314 60.6753069038393704
-5.4105410541054084 -5.6582287417010013
-5.3905390539053855 1.7433211286641390
-5.3705370537053625 -49.5182069189991410
-5.3505350535053395 -5.9305225527586183
-5.3305330533053308 -19.1064153836915693
-5.3105310531053078 -0.2926252170315005
-5.2905290529052849 6.4243113827056444
-5.2705270527052619 24.3715430682487444
-5.2505250525052389 5.5629851137963762
-5.2305230523052302 -13.5309033594862491
-5.2105210521052072 -3.9879358679698038
-5.1905190519051843 -15.3237195304169838
-5.1705170517051613 5.9376247312959887
-5.1505150515051525 -3.0038073457368837
-5.1305130513051296 36.2329277745362930
-5.1105110511051066 9.7257998045891139
-5.0905090509050837 4.4060638600735693
-5.0705070507050607 -3.1766921463948696
-5.0505050505050519 -4.5026262423648067
-5.0305030503050290 -30.5565555370347006
-5.0105010501050060 -18.5151462136520166
-4.9904990499049831 25.2017987183642198
-4.9704970497049601 -50.2331221461971964
-4.9504950495049513 27.5115121791436472
-4.9304930493049284 28.0187665734567588
-4.9104910491049054 -16.9864262132869470
-4.8904890489048825 25.2817313995702300
-4.8704870487048595 -22.0898075132928184
-4.8504850485048507 -15.1599368672008303
-4.8304830483048278 -20.7697250373098186
-4.8104810481048048 -26.8230151834059711
-4.7904790479047819 49.5567038811073886
-4.7704770477047589 -14.1750119607613350
-4.7504750475047501 6.8723721140101492
-4.7304730473047272 -4.1914215012254097
-4.7104710471047042 -44.5186310790533426
-4.6904690469046812 30.9703295461932129
-4.6704670467046725 -21.4384500411879522
-4.6504650465046495 8.0232878756525423
-4.6304630463046266 33.0152802553045248
-4.6104610461046036 16.5039386061231745
-4.5904590459045806 33.1085579634537268
-4.5704570457045719 -6.8329091503165351
-4.5504550455045489 33.3273189740217504
-4.5304530453045260 -44.2822540655794299
-4.5104510451045030 22.7990339247453768
-4.4904490449044800 5.7665749455651820
-4.4704470447044713 15.5846892592134516
-4.4504450445044483 -56.7338690551938285
-4.4304430443044254 -30.9023113310089066
-4.4104410441044024 -66.1535531446904770
-4.3904390439043794 -2.8979117339884346
-4.3704370437043707 -10.1367647442093869
-4.3504350435043477 13.6272003585863608
-4.3304330433043248 6.4194628857216847
-4.3104310431043018 1.3648263439412784
-4.2904290429042788 12.8149096628999555
-4.2704270427042701 9.6287005426596615
-4.2504250425042471 -3.0489415663846149
-4.2304230423042242 -27.5996350969236310
-4.2104210421042012 -21.8122178497978538
-4.1904190419041925 36.1665252549165430
-4.1704170417041695 25.7635249709676231
-4.1504150415041465 34.3709570872695664
-4.1304130413041236 -3.5626455625399909
-4.1104110411041006 3.3383856495000073
-4.0904090409040919 9.8453664822813884
-4.0704070407040689 53.8533003291803354
-4.0504050405040459 4.4918009365847738
-4.0304030403040230 -31.5228151732441297
-4.0104010401040000 25.3343303045420569
-3.9903990399039913 -11.6419490054804911
-3.9703970397039683 -3.1249450831130985
-3.9503950395039453 -18.4355831908968604
-3.9303930393039224 -2.3024520485265931
-3.9103910391038994 -24.7661736691024892
-3.8903890389038907 -1.0346656854660465
-3.8703870387038677 15.6120506213172696
-3.8503850385038447 -22.4062350630035212
-3.8303830383038218 21.5026138779556106
-3.8103810381037988 9.8430979940965493
-3.7903790379037900 -71.9598407244695721
-3.7703770377037671 15.6217972565089358
-3.7503750375037441 1.7941491942988508
-3.7303730373037212 51.7314090630196972
-3.7103710371037124 -13.3295990181087252
-3.6903690369036894 24.4099918365558075
-3.6703670367036665 22.7445767737127404
-3.6503650365036435 -65.5536796136051549
-3.6303630363036206 -5.0260368329582343
-3.6103610361036118 -6.5204800913273084
-3.5903590359035888 1.3057300991547811
-3.5703570357035659 17.5257931731645051
-3.5503550355035429 20.8826603786381177
-3.5303530353035200 20.7412302238846280
-3.5103510351035112 -17.0858561373035513
-3.4903490349034882 12.4095756412763496
-3.4703470347034653 -40.6488507418638818
-3.4503450345034423 -37.7130480119669400
-3.4303430343034194 53.4444183312978751
-3.4103410341034106 -36.9175721962968666
-3.3903390339033876 -37.4108286595975343
-3.3703370337033647 -23.9721473478270823
-3.3503350335033417 8.9856620478669491
-3.3303330333033188 -29.5275134134047725
-3.3103310331033100 -17.2773653211960720
-3.2903290329032870 4.2609852898955012
-3.2703270327032641 -9.3928941583123500
-3.2503250325032411 -18.1386745799294289
-3.2303230323032324 8.9782378473796562
-3.2103210321032094 25.1340106905158898
-3.1903190319031864 37.0239498383464891
-3.1703170317031635 -37.9646534090779824
-3.1503150315031405 34.4460047548961370
-3.1303130313031318 28.7843852715566193
-3.1103110311031088 -73.7899370916902626
-3.0903090309030858 -19.8404438961928626
-3.0703070307030629 -6.4457003038437675
-3.0503050305030399 11.2978596515550826
-3.0303030303030312 55.2700379589188984
-3.0103010301030082 -3.0962172686686418
-2.9902990299029852 9.8592397140833032
-2.9702970297029623 20.0220301470077473
-2.9502950295029393 41.3748743377609571
-2.9302930293029306 4.1359595577600121
-2.9102910291029076 -11.1055285879922412
-2.8902890289028846 -14.5306439794300282
-2.8702870287028617 53.4739857173665811
-2.8502850285028387 -10.3270904991581958
-2.8302830283028300 -44.5246259983864050
-2.8102810281028070 22.4772053540209669
-2.7902790279027840 2.0980522611510475
-2.7702770277027611 11.1951034615670011
-2.7502750275027523 7.9559543493122931
-2.7302730273027294 -54.0990329471777756
-2.7102710271027064 31.5544850516469992
-2.6902690269026834 -12.3011699617946935
-2.6702670267026605 -18.2527528430082988
-2.6502650265026517 -9.7757585076971854
-2.6302630263026288 4.5088969279685154
-2.6102610261026058 -0.1327383463791190
-2.5902590259025828 -59.7272314952390815
-2.5702570257025599 -15.7558502452513078
-2.5502550255025511 -6.4651998346761292
-2.5302530253025282 21.7910251453604360
-2.5102510251025052 -8.6327723075394953
-2.4902490249024822 63.1264062536017221
-2.4702470247024593 -5.0567407067402916
-2.4502450245024505 -27.5006504802894938
-2.4302430243024276 19.6362790371649361
-2.4102410241024046 44.5164257019491316
-2.3902390239023816 -22.4957205147475889
-2.3702370237023587 -34.5281492286102747
-2.3502350235023499 -22.4262251305325222
-2.3302330233023270 -24.9016791252327785
-2.3102310231023040 -3.6202828270006382
-2.2902290229022810 -33.9590552487478448
-2.2702270227022723 -11.8859778452626834
-2.2502250225022493 -25.1634342847896768
-2.2302230223022264 -29.0207615581048302
-2.2102210221022034 7.0553882710244089
-2.1902190219021804 -49.0467877348459922
-2.1702170217021717 -1.6608098665562712
-2.1502150215021487 -23.1845700486203548
-2.1302130213021258 21.5369785546137287
-2.1102110211021028 -51.1662010084176941
-2.0902090209020798 7.3996531139235202
-2.0702070207020711 -38.7415733764858459
-2.0502050205020481 -16.9732104945050963
-2.0302030203020252 -20.3204841326083674
-2.0102010201020022 -8.2510939927470730
-1.9901990199019792 2.1074833451372257
-1.9701970197019705 39.8539763055372873
-1.9501950195019475 -10.6240295293511871
-1.9301930193019246 1.9201760285552503
-1.9101910191019016 -3.8351795105990263
-1.8901890189018786 -28.6930639530117944
-1.8701870187018699 -18.2871992261056171
-1.8501850185018469 -16.8609540271023803
-1.8301830183018239 -3.9613681721531098
-1.8101810181018010 -5.7071982728146846
-1.7901790179017922 -5.4139905672700888
-1.7701770177017693 -24.3440540839509971
-1.7501750175017463 40.6559940301141296
-1.7301730173017233 -13.2274726531410920
-1.7101710171017004 -19.0679256525065064
-1.6901690169016916 1.1560714331191897
-1.6701670167016687 14.2117376099929551
-1.6501650165016457 -32.6269830337417446
-1.6301630163016227 5.0903259994453922
-1.6101610161015998 -40.6327518105374565
-1.5901590159015910 -37.3770365521911856
-1.5701570157015681 -10.2947693746553419
-1.5501550155015451 0.5491126044459564
-1.5301530153015221 2.0819938485105571
-1.5101510151014992 18.6000145340843908
-1.4901490149014904 -26.0089403025584289
-1.4701470147014675 2.7242741883541703
-1.4501450145014445 -43.9724098098666545
-1.4301430143014215 14.1130138463336472
-1.4101410141013986 -3.1038567367889462
-1.3901390139013898 -12.1723338691739027
-1.3701370137013669 -9.2516820258052732
-1.3501350135013439 16.9942644693689999
-1.3301330133013209 -28.7235705578239546
-1.3101310131013122 -37.5786102053579185
-1.2901290129012892 14.3520493573953392
-1.2701270127012663 -5.8619358187976092
-1.2501250125012433 -26.3895476664517687
-1.2301230123012203 19.7369791543652155
-1.2101210121012116 -2.8372406458009909
-1.1901190119011886 -9.4284066699511691
-1.1701170117011657 -0.0007275998883229
-1.1501150115011427 17.7411883277040268
-1.1301130113011197 -19.1353992449062638
-1.1101110111011110 6.6486079962654676
-1.0901090109010880 -34.0292627357129120
-1.0701070107010651 3.8445103858393797
-1.0501050105010421 -16.3716953289976530
-1.0301030103010191 8.0100228700912943
-1.0101010101010104 -59.1901174295859036
-0.9900990099009874 -4.8397000828216328
-0.9700970097009645 59.4179731040480590
-0.9500950095009415 10.0905012123442344
-0.9300930093009185 13.5755864591236524
-0.9100910091009098 13.1612272807676902
-0.8900890089008868 27.5816988810935122
-0.8700870087008639 15.7125486110337231
-0.8500850085008409 6.8940487969690523
-0.8300830083008321 17.2312685509140522
-0.8100810081008092 17.4012608908042061
-0.7900790079007862 17.1816183431326692
-0.7700770077007633 0.4207147864113665
-0.7500750075007403 1.6499800453229083
-0.7300730073007315 -9.0706636888062810
-0.7100710071007086 29.6755056692877268
-0.6900690069006856 6.3012450160219151
-0.6700670067006627 -36.3189893050624590
-0.6500650065006397 5.3197886786009887
-0.6300630063006309 1.2928516338931075
-0.6100610061006080 22.1356929630252495
-0.5900590059005850 -7.6422293267653156
-0.5700570057005621 -13.6776808785499036
-0.5500550055005391 15.6313773020992084
-0.5300530053005303 5.7007059604364940
-0.5100510051005074 -29.9512312369673488
-0.4900490049004844 18.8168813509524142
-0.4700470047004615 9.1350577963225525
-0.4500450045004385 5.7222479864992630
-0.4300430043004297 24.7113040381615434
-0.4100410041004068 -6.0756242482261404
-0.3900390039003838 1.3155876531316442
-0.3700370037003609 -7.5064222824436646
-0.3500350035003521 -18.0556545879419090
-0.3300330033003291 -36.6273291898693003
-0.3100310031003062 -37.7147376672346226
-0.2900290029002832 -8.2587661953512246
-0.2700270027002603 46.2288289642879562
-0.2500250025002515 30.2083652899742532
-0.2300230023002285 -4.4226926680241609
-0.2100210021002056 20.0433941457521314
-0.1900190019001826 -13.0572264000968250
-0.1700170017001597 -9.9430856090796880
-0.1500150015001509 -20.6718985862295028
-0.1300130013001279 39.9631823312262782
-0.1100110011001050 9.2241606464150188
-0.0900090009000820 -29.2234703969702778
-0.0700070007000591 27.1853294261607701
-0.0500050005000503 21.3286008660397393
-0.0300030003000273 -9.2459361784779013
-0.0100010001000044 10.7917737290263211
0.0100010001000186 -3.3610960855808476
0.0300030003000415 -6.8135167780622821
0.0500050005000503 30.9266139168533662
0.0700070007000733 -9.4810438784938036
0.0900090009000962 -9.6407120264824755
0.1100110011001192 -0.8589158642050727
0.1300130013001279 10.7232337500143871
0.1500150015001509 10.9781837410716072
0.1700170017001739 -0.2315801803402349
0.1900190019001968 12.2803535581116865
0.2100210021002198 43.5119409226749809
0.2300230023002285 37.8758642152742766
0.2500250025002515 21.6500737203141824
0.2700270027002745 20.4294911083531190
0.2900290029002974 10.0519198705029815
0.3100310031003204 -18.8243485829487724
0.3300330033003291 -3.0355278125978331
0.3500350035003521 -23.3061423231498601
0.3700370037003751 37.0865999541941918
0.3900390039003980 -17.0884192286402232
0.4100410041004210 -1.1434765207129307
0.4300430043004297 40.9982186093349128
0.4500450045004527 38.6509290902706013
0.4700470047004757 -26.8019910134509765
0.4900490049004986 -52.8282438603557551
0.5100510051005216 -10.9438721311151710
0.5300530053005303 -4.7503162890886461
0.5500550055005533 -8.0128759529746372
0.5700570057005763 -20.1631360716054608
0.5900590059005992 -41.7168511487164793
0.6100610061006080 -33.3583634972285239
0.6300630063006309 -14.4184937966384954
0.6500650065006539 -49.2698878391402104
0.6700670067006769 -26.6170213788882997
0.6900690069006998 41.9124849085536084
0.7100710071007086 -20.3266632539397349
0.7300730073007315 4.8099804305444298
0.7500750075007545 3.6326961881721473
0.7700770077007775 18.2990548024608088
0.7900790079008004 19.5144827903308666
0.8100810081008092 2.8217595735538636
0.8300830083008321 -38.8833957331798032
0.8500850085008551 40.4490671926885881
0.8700870087008781 26.2706419531872122
0.8900890089009010 9.0504359425001475
0.9100910091009098 -54.3650966599492023
0.9300930093009327 41.7021702926207496
0.9500950095009557 -1.9710677928226898
0.9700970097009787 24.7907202563107738
0.9900990099010016 16.5402424352721518
1.0101010101010104 12.2266618162314558
1.0301030103010334 19.0463236484047655
1.0501050105010563 2.5758816623576775
1.0701070107010793 -14.0527225266192808
1.0901090109010880 -32.0970425657678931
1.1101110111011110 -58.1387776619887617
1.1301130113011340 31.1041749074575442
1.1501150115011569 -12.6741860524871157
1.1701170117011799 2.8640404653260711
1.1901190119011886 -19.2883894825148090
1.2101210121012116 15.4425402487623220
1.2301230123012346 -2.8436221092258815
1.2501250125012575 -12.6628009539639770
1.2701270127012805 14.8677043919071803
1.2901290129012892 20.7360544094681210
1.3101310131013122 -9.4200433125819405
1.3301330133013352 -10.0428929816402395
1.3501350135013581 -19.2725591126592413
1.3701370137013811 -4.4747196739420136
1.3901390139013898 6.5106457621337883
1.4101410141014128 40.3045387507468647
1.4301430143014358 -10.9917656340035688
1.4501450145014587 -46.2332414084093557
1.4701470147014817 -10.4908349787446351
1.4901490149014904 -13.6590804153338716
1.5101510151015134 11.9210181027522601
1.5301530153015364 -70.6868457490848101
1.5501550155015593 -12.6970027808318893
1.5701570157015681 1.0297179255071720
1.5901590159015910 13.4171261802784212
1.6101610161016140 5.9101504162272942
1.6301630163016370 55.9066533495781357
1.6501650165016599 15.6077034637271304
1.6701670167016687 17.9416880954004192
1.6901690169016916 28.1916559027648503
1.7101710171017146 -20.9054635136426050
1.7301730173017376 -30.6508490045415662
1.7501750175017605 -9.9809611045580304
1.7701770177017693 -12.1615317126057398
1.7901790179017922 -43.8760706380603409
1.8101810181018152 14.9094449730179068
1.8301830183018382 -9.5738625567458122
1.8501850185018611 72.3125641757481077
1.8701870187018699 11.9968351617453823
1.8901890189018928 32.3725950094628985
1.9101910191019158 6.3395537892996208
1.9301930193019388 25.5192187459122799
1.9501950195019617 -11.9165865306743441
1.9701970197019705 -14.7498081224747573
1.9901990199019934 -8.4009282202948175
2.0102010201020164 -10.3092176650992258
2.0302030203020394 4.1897749963658173
2.0502050205020481 15.2913911279986436
2.0702070207020711 12.0641991213060997
2.0902090209020940 1.0271975750789162
2.1102110211021170 0.7789055075396791
2.1302130213021400 2.0742820022179482
2.1502150215021487 -16.6213637105599403
2.1702170217021717 -20.5075606106051467
2.1902190219021946 -26.5366213091180221
2.2102210221022176 10.9129417916965874
2.2302230223022406 -13.3401142630232012
2.2502250225022493 -33.6411048472343097
2.2702270227022723 -4.4121206293177719
2.2902290229022952 18.6680950768140406
2.3102310231023182 -1.9242937860956078
2.3302330233023412 -19.9554087226773866
2.3502350235023499 -22.3083513987060869
2.3702370237023729 -28.2720818032217984
2.3902390239023958 -4.2676891779867168
2.4102410241024188 30.3228028004829895
2.4302430243024418 2.3865447524072314
2.4502450245024505 53.5254342208477780
2.4702470247024735 25.5094811676088504
2.4902490249024964 -23.7179248992928322
2.5102510251025194 -25.7179947701854417
2.5302530253025424 -23.4384735134320650
2.5502550255025511 -12.4578604268211119
2.5702570257025741 33.6575125643769013
2.5902590259025970 -31.0539683127714419
2.6102610261026200 -45.1601443702266963
2.6302630263026288 -4.4788185964638778
2.6502650265026517 -22.4144914302928804
2.6702670267026747 -30.8348448418748404
2.6902690269026976 -15.2080512442144631
2.7102710271027206 46.4570882057389696
2.7302730273027294 -54.8223704818053079
2.7502750275027523 4.2151835493585352
2.7702770277027753 13.0275867724242307
2.7902790279027982 -5.0489341609400009
2.8102810281028212 20.6458653183683900
2.8302830283028300 3.5422136892235803
2.8502850285028529 -20.9674636220644999
2.8702870287028759 -18.3311027296418025
2.8902890289028988 16.5236518671544417
2.9102910291029218 19.3702697827053392
2.9302930293029306 -12.4801994040847326
2.9502950295029535 24.0936668950844926
2.9702970297029765 -37.7690545691180901
2.9902990299029995 53.3591589669770272
3.0103010301030224 5.3344382873876528
3.0303030303030312 12.5290344596222063
3.0503050305030541 -48.4767199681357468
3.0703070307030771 27.8280366147435778
3.0903090309031001 -0.1857807002123057
3.1103110311031088 27.2744112555063012
3.1303130313031318 -8.8740489334360984
3.1503150315031547 6.4596742898880350
3.1703170317031777 -14.5506589210111770
3.1903190319032007 -26.7955318596509358
3.2103210321032094 -0.7673855518131492
3.2303230323032324 -53.3257171477588159
3.2503250325032553 -18.0626855484916327
3.2703270327032783 -19.8854676225759235
3.2903290329033013 0.4487655785721096
3.3103310331033100 20.4126160291094081
3.3303330333033330 -41.7334726584436453
3.3503350335033559 -27.6260079755213255
3.3703370337033789 25.0652714513329684
3.3903390339034019 -36.3544312153540474
3.4103410341034106 -1.2360831214698940
3.4303430343034336 -13.9770234166938927
3.4503450345034565 -5.4569114525202380
3.4703470347034795 -32.6390068914557858
3.4903490349035025 -18.2004149923853511
3.5103510351035112 2.6409874230154378
3.5303530353035342 11.6851981186423846
3.5503550355035571 -43.6376230946571368
3.5703570357035801 30.3888657297471347
3.5903590359035888 22.8207896186824648
3.6103610361036118 -23.2732636167203246
3.6303630363036348 20.5878583334522638
3.6503650365036577 -0.7240427289705003
3.6703670367036807 17.1349252162513039
3.6903690369036894 1.5723531060818194
3.7103710371037124 18.4803815015912178
3.7303730373037354 26.3060926006594578
3.7503750375037583 3.9810799041610716
3.7703770377037813 8.2121920911522110
3.7903790379037900 -49.9846312515774613
3.8103810381038130 35.0845705563030776
3.8303830383038360 19.5200692941563929
3.8503850385038589 -1.9929133045689023
3.8703870387038819 21.8161574265128664
3.8903890389038907 6.9903008588310911
3.9103910391039136 -16.4252254522561216
3.9303930393039366 24.4393165381371240
3.9503950395039595 23.6411475508305884
3.9703970397039825 18.0248070817410095
3.9903990399039913 11.6398526162365350
4.0104010401040142 -15.7964314645119650
4.0304030403040372 -4.7713469840651399
4.0504050405040601 6.1195649418682487
4.0704070407040689 -16.3601241789490892
4.0904090409040919 8.7026968979024044
4.1104110411041148 -3.8268108450200486
4.1304130413041378 18.6892126752496637
4.1504150415041607 48.7386225156322794
4.1704170417041695 12.3109577541144048
4.1904190419041925 -16.7822488486399806
4.2104210421042154 -2.6725234452590949
4.2304230423042384 -0.4956147400856306
4.2504250425042613 -4.8290726180333685
4.2704270427042701 -7.1763664608344211
4.2904290429042931 29.7510683670471394
4.3104310431043160 -19.2062593051570474
4.3304330433043390 -46.4313406573017602
4.3504350435043619 -6.5224235709585345
4.3704370437043707 11.8901678025439992
4.3904390439043937 1.9592757160245506
4.4104410441044166 3.3788470432822244
4.4304430443044396 7.3610127508869230
4.4504450445044625 1.6541447825190070
4.4704470447044713 2.8365274844952024
4.4904490449044943 -16.8529987631233595
4.5104510451045172 -19.0577472051947652
4.5304530453045402 11.7626811473535309
4.5504550455045489 -27.9334824818189169
4.5704570457045719 8.0324311102797203
4.5904590459045949 5.8810509046522368
4.6104610461046178 12.2507373198529717
4.6304630463046408 -58.2551833076870551
4.6504650465046495 -13.1680482943926673
4.6704670467046725 9.5585374753673769
4.6904690469046955 9.7905080565771989
4.7104710471047184 4.0413364200670632
4.7304730473047414 -9.2594082733607816
4.7504750475047501 3.7106463171991320
4.7704770477047731 20.1989270594086747
4.7904790479047961 -16.4837203483146908
4.8104810481048190 -57.9951666365153429
4.8304830483048420 -3.5711074247056871
4.8504850485048507 46.2576580499209413
4.8704870487048737 0.0306536406800788
4.8904890489048967 33.7435568309601024
4.9104910491049196 18.1737399428552848
4.9304930493049426 -13.6727845924094407
4.9504950495049513 0.5187339116424567
4.9704970497049743 -18.1537238142150201
4.9904990499049973 -18.1082215355427820
5.0105010501050202 50.4298169221359416
5.0305030503050290 29.9830991958169868
5.0505050505050519 -50.2593500549091488
5.0705070507050749 21.7636692385935220
5.0905090509050979 -20.9008041003412899
5.1105110511051208 -23.4310783869396495
5.1305130513051296 -15.2272833126262146
5.1505150515051525 -4.9572348372598647
5.1705170517051755 30.0028117921138993
5.1905190519051985 -17.3594357845247949
5.2105210521052214 -5.2185223778462051
5.2305230523052302 46.7390780440458329
5.2505250525052531 -50.2330709629703449
5.2705270527052761 -1.6914407424368783
5.2905290529052991 1.4962104931686766
5.3105310531053220 23.6506574283859692
5.3305330533053308 -14.7485161432459684
5.3505350535053537 -53.3947199580915992
5.3705370537053767 5.7542248413037038
5.3905390539053997 -19.8728808126912853
5.4105410541054226 32.3274893584171323
5.4305430543054314 -9.1602976428254816
5.4505450545054543 -23.2064604048483787
5.4705470547054773 -22.5985656686296501
5.4905490549055003 4.5096508456428896
5.5105510551055090 24.8441811382364790
5.5305530553055320 -58.6290723012374855
5.5505550555055549 3.0468545004185712
5.5705570557055779 -14.0195301928399143
5.5905590559056009 0.2094093218995455
5.6105610561056096 -8.3502776503074738
5.6305630563056326 30.3618262311856100
5.6505650565056555 23.6952541098248020
5.6705670567056785 -15.7292577920309444
5.6905690569057015 -32.1716466127735288
5.7105710571057102 24.8530969908909256
5.7305730573057332 9.4291027364136504
5.7505750575057561 4.1341575649564080
5.7705770577057791 10.9250312326886565
5.7905790579058021 -18.4146923251663708
5.8105810581058108 21.9539782134724994
5.8305830583058338 4.4950604508374008
5.8505850585058568 -13.3180859488703032
5.8705870587058797 -61.2578406938963624
5.8905890589059027 -0.7768935383295086
5.9105910591059114 -5.4969894305560185
5.9305930593059344 21.8748011790579113
5.9505950595059574 -12.7914477821483530
5.9705970597059803 45.9790349091927126
5.9905990599059891 10.6366623057007441
6.0106010601060120 4.6120936447092777
6.0306030603060350 -7.3989008850238855
6.0506050605060580 -11.1011953023180254
6.0706070607060809 14.1134436557030760
6.0906090609060897 15.8590819354755901
6.1106110611061126 6.2869154572227810
6.1306130613061356 9.7535547002801373
6.1506150615061586 -41.1246666271023571
6.1706170617061815 -24.6495601269179652
6.1906190619061903 -30.4052919788508369
6.2106210621062132 -55.2759239016072996
6.2306230623062362 -10.1026975857059185
6.2506250625062592 30.1699182760558173
6.2706270627062821 -32.8663054549601981
6.2906290629062909 -31.2677972505057440
6.3106310631063138 -45.2397378547194222
6.3306330633063368 -6.5063930377751866
6.3506350635063598 7.6329336933610517
6.3706370637063827 -33.3035813223044812
6.3906390639063915 -15.4550540967173244
6.4106410641064144 22.2172542715913757
6.4306430643064374 -40.5926138693522844
6.4506450645064604 0.9042167581007553
6.4706470647064691 -63.4391912092652603
6.4906490649064921 9.1558752070056446
6.5106510651065150 26.7154249652147513
6.5306530653065380 -17.2575567803008489
6.5506550655065610 19.2625787770862189
6.5706570657065697 40.5777396926428580
6.5906590659065927 14.0783936027998067
6.6106610661066156 -26.6831418424150506
6.6306630663066386 41.9090182002485037
6.6506650665066616 3.0902201124214872
6.6706670667066703 -22.3262788616434591
6.6906690669066933 17.9763220487312196
6.7106710671067162 -2.5946283863800979
6.7306730673067392 -24.4937819696934120
6.7506750675067622 18.7885017490298942
6.7706770677067709 -7.0951329361139486
6.7906790679067939 20.3911231482056508
6.8106810681068168 16.0836131763056116
6.8306830683068398 6.3705483758016976
6.8506850685068628 -19.8162487110253380
6.8706870687068715 -6.9439559117597893
6.8906890689068945 6.1089152081475229
6.9106910691069174 30.6840550347774368
6.9306930693069404 9.8483130058169372
6.9506950695069492 27.8779949649608945
6.9706970697069721 -45.1098462147186012
6.9906990699069951 32.4469269070906776
7.0107010701070180 6.5154892942767768
7.0307030703070410 3.1503419665897510
7.0507050705070498 22.1852781119815070
7.0707070707070727 -7.1883026104000605
7.0907090709070957 -10.3183119105474788
7.1107110711071186 21.1366211493488194
7.1307130713071416 -53.0899062486440982
7.1507150715071504 -9.6933861455302459
7.1707170717071733 34.4363493878542286
7.1907190719071963 4.4565391561320871
7.2107210721072192 19.9713071947526473
7.2307230723072422 -10.1718619226182732
7.2507250725072510 55.2633869938393616
7.2707270727072739 10.3992725909859232
7.2907290729072969 -12.3644790085393268
7.3107310731073198 23.1248895206937206
7.3307330733073428 -28.8308052092068472
7.3507350735073516 -30.3263583207206509
7.3707370737073745 -9.8617315575813116
7.3907390739073975 -30.9178868282702375
7.4107410741074204 10.7342582227185837
7.4307430743074292 12.2871478342532807
7.4507450745074522 24.5989400891357093
7.4707470747074751 -21.4434543857185425
7.4907490749074981 6.5468001287053443
7.5107510751075210 -32.5926988969254694
7.5307530753075298 -16.4650107232273797
7.5507550755075528 33.3699487802434334
7.5707570757075757 4.4834069551236126
7.5907590759075987 -36.3472451708276481
7.6107610761076216 33.5127980021573180
7.6307630763076304 -5.8398245333343697
7.6507650765076534 13.6732854886453481
7.6707670767076763 -0.7535393855209425
7.6907690769076993 35.9296098808673818
7.7107710771077222 -17.7819719860457894
7.7307730773077310 -11.5844541322186672
7.7507750775077540 12.8884240032917159
7.7707770777077769 40.4453407834691703
7.7907790779077999 45.4753467146939911
7.8107810781078229 17.4884574970340765
7.8307830783078316 4.4375293722661446
7.8507850785078546 -2.1766483543386057
7.8707870787078775 -47.4280795860328226
7.8907890789079005 -14.7927454102683331
7.9107910791079092 18.2748711561542478
7.9307930793079322 4.8475595838577332
7.9507950795079552 32.8503780929047267
7.9707970797079781 22.6919571331000895
7.9907990799080011 19.2723721952747411
8.0108010801080098 -45.2768616632661391
8.0308030803080328 3.3856123973295702
8.0508050805080558 -54.8544927271930263
8.0708070807080787 -8.8423400105957999
8.0908090809081017 14.9880627586944044
8.1108110811081104 -21.1543985140416524
8.1308130813081334 25.8594368722375201
8.1508150815081564 -28.4967795614660702
8.1708170817081793 -28.8923134707722049
8.1908190819082023 -22.3367517614396753
8.2108210821082110 39.0691513169969440
8.2308230823082340 -23.7459304090634582
8.2508250825082570 -5.5793180332468708
8.2708270827082799 0.3543634232958672
8.2908290829083029 24.2193413964035358
8.3108310831083116 -5.4256968731649780
8.3308330833083346 30.2202308420874886
8.3508350835083576 -27.6044241691759176
8.3708370837083805 -14.2515808117101628
8.3908390839083893 -17.5067079304478206
8.4108410841084122 34.6844243158589549
8.4308430843084352 8.8301516434701455
8.4508450845084582 -15.3927244402543568
8.4708470847084811 -45.3694303582886249
8.4908490849084899 -21.2363500959596614
8.5108510851085128 19.4123933876934025
8.5308530853085358 21.7678716081953390
8.5508550855085588 24.4262397715747923
8.5708570857085817 5.4970582955578919
8.5908590859085905 3.5776000815735070
8.6108610861086134 19.8415909067999578
8.6308630863086364 -3.9433221323261858
8.6508650865086594 12.4298863746684773
8.6708670867086823 21.9664343045453663
8.6908690869086911 54.5334107518403570
8.7108710871087141 18.1576509079107993
8.7308730873087370 -59.7968469396665938
8.7508750875087600 -4.1164496255802341
8.7708770877087829 -13.2325012680282939
8.7908790879087917 -27.4822221510521914
8.8108810881088147 -51.7398858230130756
8.8308830883088376 17.8636319550151939
8.8508850885088606 -43.5466955765037582
8.8708870887088693 -4.4824570992025485
8.8908890889088923 -2.1011956366490945
8.9108910891089153 -23.5888529531357705
8.9308930893089382 -23.2371066096943366
8.9508950895089612 8.4661921066038399
8.9708970897089699 -3.6294640753955925
8.9908990899089929 50.8022380704111640
9.0109010901090159 11.0734825999186519
9.0309030903090388 21.3278207137412714
9.0509050905090618 34.4153451850083272
9.0709070907090705 -22.2798353853462849
9.0909090909090935 -31.1332294887157062
9.1109110911091165 31.7992579868257046
9.1309130913091394 -24.7084076504592787
9.1509150915091624 9.9123046078961323
9.1709170917091711 -9.1709310305355629
9.1909190919091941 14.1788035966016430
9.2109210921092171 11.2335452179814634
9.2309230923092400 12.1263286489418505
9.2509250925092630 -20.9621057941119275
9.2709270927092717 11.7793743863963876
9.2909290929092947 -10.0874644940190841
9.3109310931093177 -3.4394831072158403
9.3309330933093406 -12.0854711394249019
9.3509350935093494 21.7004806716964218
9.3709370937093723 22.5884252616214489
9.3909390939093953 -48.8779036255322410
9.4109410941094183 14.0119995465333318
9.4309430943094412 1.1937240636953144
9.4509450945094500 18.5258121474626556
9.4709470947094729 41.1943875500811174
9.4909490949094959 49.0022713075614078
9.5109510951095189 58.6507747347921793
9.5309530953095418 0.1829818984082858
9.5509550955095506 -23.9474202032005650
9.5709570957095735 -13.6877407472628843
9.5909590959095965 -13.3942774443925678
9.6109610961096195 64.7248486534368226
9.6309630963096424 -34.4457222394770923
9.6509650965096512 10.7299949120965206
9.6709670967096741 16.6188875903112105
9.6909690969096971 3.9029917885601302
9.7109710971097201 10.8938957609326685
9.7309730973097430 -21.4187969732439996
9.7509750975097518 24.6508890501096261
9.7709770977097747 -4.1958473023890122
9.7909790979097977 -3.9781185679452364
9.8109810981098207 -57.1813375426203621
9.8309830983098294 -2.4613430724344432
9.8509850985098524 -15.5681023554795175
9.8709870987098753 -29.7106076038549141
9.8909890989098983 25.0446768842575977
9.9109910991099213 -23.1909082834531972
9.9309930993099300 8.3729919361099618
9.9509950995099530 -24.2852429704093922
9.9709970997099759 31.8998666175105505
9.9909990999099989 9.0263526020854670
10.0110011001100219 14.4218164351635316
10.0310031003100306 56.3798933860714158
10.0510051005100536 4.0063012719077156
10.0710071007100765 -6.9138627659255949
10.0910091009100995 1.7595980888373739
10.1110111011101225 -23.7069706735603987
10.1310131013101312 -0.3232194226313658
10.1510151015101542 6.0790014220894593
10.1710171017101771 -13.1669317740019132
10.1910191019102001 19.9499782342862169
10.2110211021102231 -6.5141555270511429
10.2310231023102318 7.2442289662995938
10.2510251025102548 2.6775238416010922
10.2710271027102777 29.2892895758463254
10.2910291029103007 -1.7639961648427978
10.3110311031103095 20.2076946101645625
10.3310331033103324 -21.0239154706794622
10.3510351035103554 -24.5796965109427532
10.3710371037103783 -32.6001285245158030
10.3910391039104013 4.6319693906733317
10.4110411041104101 25.7660417765678638
10.4310431043104330 19.1037516053861580
10.4510451045104560 -11.4607650662778457
10.4710471047104789 3.7917755027176390
10.4910491049105019 3.3262383713228401
10.5110511051105107 36.0154375624347693
10.5310531053105336 8.6751860947369757
10.5510551055105566 -1.4791339090774986
10.5710571057105795 -13.4662764771648682
10.5910591059106025 -24.8905383311736443
10.6110611061106113 30.3565881998250937
10.6310631063106342 45.4948285397080312
10.6510651065106572 -22.5188452503672210
10.6710671067106802 -2.8535389751133220
10.6910691069107031 -33.7782947824080253
10.7110711071107119 -5.9634623187586371
10.7310731073107348 -0.4974437869588897
10.7510751075107578 48.3143163052295961
10.7710771077107808 41.5301485698309492
10.7910791079107895 -22.2888730735383653
10.8110811081108125 0.6999951615553277
10.8310831083108354 18.6011775256170075
10.8510851085108584 -10.6404921231911160
10.8710871087108814 -18.7137464325098115
10.8910891089108901 6.4394020937303216
10.9110911091109131 -48.8731991894135476
10.9310931093109360 -5.5113458908305075
10.9510951095109590 -11.3629615956282244
10.9710971097109820 11.8033476846800891
10.9910991099109907 -2.7287520546467077
11.0111011101110137 21.6396713673307843
11.0311031103110366 10.1360447334124171
11.0511051105110596 16.9182140896153612
11.0711071107110826 -21.1511920347880036
11.0911091109110913 -32.4076443792989650
11.1111111111111143 10.3247448200853285
11.1311131113111372 6.8633957066969504
11.1511151115111602 -34.8442492886671857
11.1711171117111832 -15.1358471479114236
11.1911191119111919 29.5512990635369341
11.2111211121112149 -30.4843032000246126
11.2311231123112378 -26.8589793156426495
11.2511251125112608 10.6836520187961845
11.2711271127112695 75.5632009794033479
11.2911291129112925 -4.5271922246390357
11.3111311131113155 9.8648332415397881
11.3311331133113384 6.7740123556975282
11.3511351135113614 18.4455842506955001
11.3711371137113701 18.2359184344452956
11.3911391139113931 -14.6907840666393774
11.4111411141114161 -8.8596137790327205
11.4311431143114390 -9.6721879850608321
11.4511451145114620 38.4378811069717301
11.4711471147114707 24.2744854075637413
11.4911491149114937 54.3938800745733175
11.5111511151115167 -40.5095819054801183
11.5311531153115396 -5.4618490492846936
11.5511551155115626 -17.8558496008640404
11.5711571157115714 24.4719535256808598
11.5911591159115943 15.0295655237863954
11.6111611161116173 21.6019693404535325
11.6311631163116402 -18.8934917401504308
11.6511651165116632 20.7129465984496086
11.6711671167116720 67.7378564617727363
11.6911691169116949 22.1698388926271406
11.7111711171117179 1.5929324780072305
11.7311731173117408 -13.9685950505178731
11.7511751175117496 -6.6691361743718112
11.7711771177117726 -28.6836925504409450
11.7911791179117955 -0.7868077782344036
11.8111811181118185 31.8963803118370031
11.8311831183118414 11.2614830384809643
11.8511851185118502 -17.8406317881744130
11.8711871187118732 -31.0104781599847641
11.8911891189118961 -37.0503213454137921
11.9111911191119191 -0.2516941734849301
11.9311931193119420 -10.4105878180898053
11.9511951195119508 -15.9106998339686694
11.9711971197119738 -13.2899249722916331
11.9911991199119967 16.6305645090696785
12.0112011201120197 4.1648846941352771
12.0312031203120426 23.3581798442179931
12.0512051205120514 -19.0444665790761967
12.0712071207120744 0.5238389247239992
12.0912091209120973 -23.8440708715490075
12.1112111211121203 4.7078117713858934
12.1312131213121432 -6.3981200716961260
12.1512151215121520 16.3366838101172398
12.1712171217121750 37.2052479185907075
12.1912191219121979 11.0839148162292993
12.2112211221122209 -6.0324211917650441
12.2312231223122296 23.5987463408306581
12.2512251225122526 56.9747970589308395
12.2712271227122756 -12.2164368412306530
12.2912291229122985 9.7754433335969448
12.3112311231123215 16.5929513364891967
12.3312331233123302 6.3017791559697134
12.3512351235123532 5.4805531181245986
12.3712371237123762 -13.3082653973693894
12.3912391239123991 8.0412556215955178
12.4112411241124221 -21.7761377553366948
12.4312431243124308 -23.5844876206189369
12.4512451245124538 18.5816545369950390
12.4712471247124768 10.5211370162486819
12.4912491249124997 -19.0880896745879767
12.5112511251125227 6.2646524562583670
12.5312531253125314 10.7892636638155857
12.5512551255125544 20.3715570343696335
12.5712571257125774 -33.1032596444225717
12.5912591259126003 2.5130254915115584
12.6112611261126233 -1.7204578925671363
12.6312631263126320 17.2484241614878293
12.6512651265126550 -4.0396735855858790
12.6712671267126780 50.2961030350723703
12.6912691269127009 -46.0400517475692510
12.7112711271127239 -31.5292242167764094
12.7312731273127326 9.7438971447915534
12.7512751275127556 27.8114626127825844
12.7712771277127786 69.7067024843576775
12.7912791279128015 6.2026259518092424
12.8112811281128103 16.7276259521629989
12.8312831283128332 -11.7211841984653375
12.8512851285128562 2.5257894725416632
12.8712871287128792 37.8164239919321190
12.8912891289129021 -29.6107975796981222
12.9112911291129109 -4.8330302861610566
12.9312931293129338 -20.2344977023755845
12.9512951295129568 -1.7423530088047983
12.9712971297129798 1.6569514675542729
12.9912991299130027 22.7726636691080131
13.0113011301130115 -27.1645668325474823
13.0313031303130344 -29.2899904734164380
13.0513051305130574 30.7557651669493630
13.0713071307130804 25.8298744130763680
13.0913091309131033 -1.2326733211327721
13.1113111311131121 -8.7807728798864115
13.1313131313131350 -43.8769812048603072
13.1513151315131580 38.5455420215502684
13.1713171317131810 -26.2842401643334966
13.1913191319132039 35.9153413080699693
13.2113211321132127 21.8452389238862601
13.2313231323132356 13.4848993462111206
13.2513251325132586 7.3225562617622328
13.2713271327132816 -5.7443437098871293
13.2913291329132903 -7.2176860336297413
13.3113311331133133 -6.7912802701506383
13.3313331333133362 21.9083165268844802
13.3513351335133592 10.4445662620442334
13.3713371337133822 23.7192235400201312
13.3913391339133909 -20.0832918326568262
13.4113411341134139 52.1475048663574796
13.4313431343134368 13.8711916602773879
13.4513451345134598 50.4694716302661348
13.4713471347134828 -8.6555049247307956
13.4913491349134915 7.1246118704043528
13.5113511351135145 14.1039130174544969
13.5313531353135375 67.6208771057186624
13.5513551355135604 14.2229229123537912
13.5713571357135834 -39.0959952549827676
13.5913591359135921 33.6195164742992745
13.6113611361136151 9.4457606957256406
13.6313631363136381 -4.0932090013395452
13.6513651365136610 32.4593027847282940
13.6713671367136840 0.9714293531165552
13.6913691369136927 17.7618317175882225
13.7113711371137157 -17.2883510628999488
13.7313731373137387 8.8066505833413551
13.7513751375137616 34.2956471138347965
13.7713771377137704 23.5000401936177283
13.7913791379137933 -25.7734796539487121
13.8113811381138163 30.4863135337225941
13.8313831383138393 8.1837253980091216
13.8513851385138622 10.4016851881865389
13.8713871387138710 3.0391462431656979
13.8913891389138939 9.8991199989328091
13.9113911391139169 26.7944529201726098
13.9313931393139399 21.8049907672095813
13.9513951395139628 -3.4965222598135473
13.9713971397139716 48.5892441726777804
13.9913991399139945 4.3261350401938357
14.0114011401140175 -39.7725517294284003
14.0314031403140405 7.0879966808213517
14.0514051405140634 41.6870211701965800
14.0714071407140722 33.7397160053224567
14.0914091409140951 -31.3951572577853355
14.1114111411141181 -12.4409041188875555
14.1314131413141411 26.3042588342319092
14.1514151415141640 -30.7207097708549099
14.1714171417141728 30.8639762116155225
14.1914191419141957 25.9090717556725032
14.2114211421142187 -27.3546019476917515
14.2314231423142417 -15.6313063168294306
14.2514251425142504 8.1646168843314761
14.2714271427142734 5.7136312244020715
14.2914291429142963 -12.2011993161584815
14.3114311431143193 -15.4936636349282360
14.3314331433143423 -13.5363944502333524
14.3514351435143510 -8.7293920309229662
14.3714371437143740 10.8936614654358959
14.3914391439143969 31.8020957775292956
14.4114411441144199 18.4369014199093613
14.4314431443144429 1.1719006971248405
14.4514451445144516 -26.8189571208297508
14.4714471447144746 17.7388480099279526
14.4914491449144975 -34.2171929543535498
14.5114511451145205 18.7395473196514395
14.5314531453145435 2.2912244553482193
14.5514551455145522 34.7549196974715997
14.5714571457145752 12.6851174152962720
14.5914591459145981 19.1877609817638834
14.6114611461146211 0.7259805517546738
14.6314631463146441 33.7935157285650050
14.6514651465146528 28.7675748366224866
14.6714671467146758 10.0109741775140524
14.6914691469146987 32.1424540766106759
14.7114711471147217 18.8959404672979829
14.7314731473147305 -7.7859948935456984
14.7514751475147534 30.9220318910243677
14.7714771477147764 10.1153013169758825
14.7914791479147993 9.1965350148346126
14.8114811481148223 13.8292029521910820
14.8314831483148311 34.9097851274989353
14.8514851485148540 -25.4523364748943699
14.8714871487148770 10.9592273419161792
14.8914891489148999 54.5869060651550910
14.9114911491149229 4.4484905916566362
14.9314931493149317 18.4363705505273536
14.9514951495149546 23.4697551590875904
14.9714971497149776 -2.8226063644255799
14.9914991499150005 -0.2004560907684176
15.0115011501150235 0.4594460197100805
15.0315031503150323 -47.4545751078724649
15.0515051505150552 -21.2992346263034307
15.0715071507150782 6.1324938965360110
15.0915091509151011 37.5405984307563827
15.1115111511151241 20.7335379881413928
15.1315131513151329 -21.9871363708761827
15.1515151515151558 2.4944357351236359
15.1715171517151788 -28.1394354947521848
15.1915191519152017 45.7092552282171809
15.2115211521152105 -5.7600668221270457
15.2315231523152335 19.3339910479792998
15.2515251525152564 18.8501964686362129
15.2715271527152794 -3.2076504913277777
15.2915291529153023 15.4073466682396116
15.3115311531153111 22.2410146721888253
15.3315331533153341 2.8884343582822058
15.3515351535153570 8.5779381305092191
15.3715371537153800 37.2929017752290619
15.3915391539154029 21.9935252829650310
15.4115411541154117 -44.4796159020636068
15.4315431543154347 17.3911331190494174
15.4515451545154576 -50.6405538518523031
15.4715471547154806 0.4391890192375509
15.4915491549155036 21.8759063673199883
15.5115511551155123 -13.7796995703706706
15.5315531553155353 5.6622373066380556
15.5515551555155582 -20.4548544464137692
15.5715571557155812 -17.7838801215029818
15.5915591559156042 -28.2005672789670463
15.6115611561156129 -17.3837641103714517
15.6315631563156359 -5.7724672664843037
15.6515651565156588 22.0052515306275893
15.6715671567156818 24.8193403007078537
15.6915691569156905 28.0418010881961806
15.7115711571157135 -36.7183659470837043
15.7315731573157365 -19.0698765445395289
15.7515751575157594 5.1166349400938556
15.7715771577157824 17.4183673084828499
15.7915791579157911 3.2815880390335330
15.8115811581158141 43.2081377210153335
15.8315831583158371 -17.8771779522488714
15.8515851585158600 49.0081604343709358
15.8715871587158830 -10.6327615961249489
15.8915891589158917 -14.4512049226510904
15.9115911591159147 6.3453930539419146
15.9315931593159377 28.3769844186945406
15.9515951595159606 2.9174535517896523
15.9715971597159836 -8.1620004961226584
15.9915991599159923 27.4281880799071658
16.0116011601160153 27.2245066583062822
16.0316031603160383 -36.6868340889542139
16.0516051605160612 45.1848900150824591
16.0716071607160842 -10.6586174604064006
16.0916091609160929 -4.4941609327209520
16.1116111611161159 58.1460274549575757
16.1316131613161389 3.5337478790317860
16.1516151615161618 7.8439168493194602
16.1716171617161706 -0.0109010428841980
16.1916191619161935 -12.6016447518162593
16.2116211621162165 -19.9818059219056714
16.2316231623162395 23.9667854906758961
16.2516251625162624 37.4521674136862117
16.2716271627162712 26.1393992388947218
16.2916291629162941 24.6674837049018976
16.3116311631163171 -26.8018112693672528
16.3316331633163401 23.3985723094908771
16.3516351635163630 53.3474041946281829
16.3716371637163718 -8.5061299684212042
16.3916391639163948 35.1597337912943573
16.4116411641164177 2.5675777805110567
16.4316431643164407 -1.9289165248112194
16.4516451645164636 16.1391509289418842
16.4716471647164724 -24.6007305463441277
16.4916491649164954 22.9025781227426606
16.5116511651165183 5.9102861915635998
16.5316531653165413 -1.7094420846165992
16.5516551655165642 -10.1591466980526715
16.5716571657165730 14.8059221531903997
16.5916591659165960 19.3284713142549656
16.6116611661166189 -12.2796618191858133
16.6316631663166419 -19.8663123804224817
16.6516651665166506 65.0029567136246698
16.6716671667166736 2.5320411251476447
16.6916691669166966 70.0017349086324430
16.7116711671167195 47.3376473025605833
16.7316731673167425 12.5751033076308190
16.7516751675167512 39.8003396423227542
16.7716771677167742 -29.8825346260046913
16.7916791679167972 -3.9273023891629197
16.8116811681168201 -11.2268929463055915
16.8316831683168431 -10.1124207680897644
16.8516851685168518 -15.9123208533318348
16.8716871687168748 -17.6873937611291119
16.8916891689168978 57.3432426300024503
16.9116911691169207 -0.8275579690570041
16.9316931693169437 -25.1081495520614268
16.9516951695169524 2.5132140711445281
16.9716971697169754 -6.3718159286205900
16.9916991699169984 15.7831870811187116
17.0117011701170213 37.8063883619546175
17.0317031703170443 1.4826414106490517
17.0517051705170530 -5.7354879981080611
17.0717071707170760 -2.1409131723286823
17.0917091709170990 37.0019820970742614
17.1117111711171219 35.4171162217211020
17.1317131713171307 18.3772770578579134
17.1517151715171536 20.6902194306408838
17.1717171717171766 18.3731665988989263
17.1917191719171996 46.8058166943244629
17.2117211721172225 17.1849813057944871
17.2317231723172313 -15.6629050497980185
17.2517251725172542 48.6508338732245420
17.2717271727172772 -11.8467934912048278
17.2917291729173002 38.8603131009737055
17.3117311731173231 9.1616534403698964
17.3317331733173319 0.4535360641491017
17.3517351735173548 14.0775655650539662
17.3717371737173778 30.2276026866050529
17.3917391739174008 -30.5181083841273306
17.4117411741174237 -8.2148218395236192
17.4317431743174325 38.7492297069391185
17.4517451745174554 42.7590783219467028
17.4717471747174784 26.7865876042140556
17.4917491749175014 -5.4833418000043164
17.5117511751175243 23.9490057290204383
17.5317531753175331 2.1194089582608218
17.5517551755175560 30.2193007509409135
17.5717571757175790 29.3343997430636527
17.5917591759176020 29.4724951509308895
17.6117611761176107 4.2281690834294992
17.6317631763176337 52.3712156886067746
17.6517651765176566 64.8221910050760499
17.6717671767176796 4.9666743091758807
17.6917691769177026 47.2879574593198129
17.7117711771177113 5.3946708176165661
17.7317731773177343 45.8191179173453378
17.7517751775177572 28.8687293759732881
17.7717771777177802 36.8243672535789841
17.7917791779178032 38.6936055332560827
17.8117811781178119 3.0749756835753921
17.8317831783178349 5.5276899613560655
17.8517851785178578 15.1223641335906187
17.8717871787178808 36.9336013035718125
17.8917891789179038 -14.1336587950008550
17.9117911791179125 63.2693470501276849
17.9317931793179355 21.5032256397533956
17.9517951795179584 -18.6367699055193050
17.9717971797179814 -22.2198350224453449
17.9917991799180044 29.4282340200189481
18.0118011801180131 -17.1429249491501849
18.0318031803180361 19.0674392212449852
18.0518051805180590 14.6797810575707004
18.0718071807180820 -47.0845703595029477
18.0918091809180908 -10.5286639133576401
18.1118111811181137 -5.0026485815116750
18.1318131813181367 30.0409583670049969
18.1518151815181596 1.6594045378626632
18.1718171817181826 49.2811672066116557
18.1918191819181914 1.3109738675949245
18.2118211821182143 25.5845200384576970
18.2318231823182373 27.7438144959791302
18.2518251825182602 23.2818402199888617
18.2718271827182832 -5.1406638084329330
18.2918291829182920 46.2934808825842907
18.3118311831183149 -23.3064801391036198
18.3318331833183379 39.0649539048158445
18.3518351835183609 50.7961542041909553
18.3718371837183838 13.0016593952190185
18.3918391839183926 4.3671628647898650
18.4118411841184155 51.1386641085591194
18.4318431843184385 45.8419238891835050
18.4518451845184615 -10.3709404191531114
18.4718471847184844 43.8690011123558818
18.4918491849184932 2.4862102593767919
18.5118511851185161 20.2695172999300794
18.5318531853185391 29.0118189734494045
18.5518551855185621 65.9377945895570718
18.5718571857185708 41.7368614251014023
18.5918591859185938 14.5792235543738489
18.6118611861186167 49.2935766024894804
18.6318631863186397 19.3967566953096018
18.6518651865186627 -26.6475440218235029
18.6718671867186714 10.9729039543239324
18.6918691869186944 7.0718653853128650
18.7118711871187173 50.5706915991380939
18.7318731873187403 39.7032990612468097
18.7518751875187633 0.5017069348570011
18.7718771877187720 53.2520761833332870
18.7918791879187950 1.6966407278330173
18.8118811881188179 13.0078927195663248
18.8318831883188409 64.0066845998929068
18.8518851885188639 18.4110991718575185
18.8718871887188726 17.4308953614229871
18.8918891889188956 18.5293368451170544
18.9118911891189185 3.0640552692254701
18.9318931893189415 -5.5105668489823678
18.9518951895189645 0.4125268955296022
18.9718971897189732 -35.2183647115108371
18.9918991899189962 1.2008537858468706
19.0119011901190191 22.8711122874626689
19.0319031903190421 17.6374278012526844
19.0519051905190508 54.4322464698659090
19.0719071907190738 23.3876081441459576
19.0919091909190968 -0.4620530380989969
19.1119111911191197 7.2168351211156150
19.1319131913191427 -7.9576158036202038
19.1519151915191514 10.7861393206220022
19.1719171917191744 -0.2900408891730635
19.1919191919191974 22.4245844475659410
19.2119211921192203 8.2846752433292394
19.2319231923192433 30.2954221349612425
19.2519251925192521 2.3692124945635982
19.2719271927192750 23.8646410609689994
19.2919291929192980 68.1056704482878246
19.3119311931193209 -4.9894620822192728
19.3319331933193439 27.9824365025124848
19.3519351935193527 16.3865630866812531
19.3719371937193756 4.3165145442279993
19.3919391939193986 -2.3812824104657047
19.4119411941194215 -10.6575563240248457
19.4319431943194445 43.0082498238902033
19.4519451945194533 -39.6593420419175189
19.4719471947194762 16.4705098586309546
19.4919491949194992 3.3863294211045449
19.5119511951195221 18.2574296388804491
19.5319531953195309 17.5300905177844015
19.5519551955195539 35.5459898745192646
19.5719571957195768 50.3106458922062956
19.5919591959195998 39.7764912576179768
19.6119611961196227 7.3492110996049043
19.6319631963196315 60.1238553809817802
19.6519651965196545 6.8006567721096598
19.6719671967196774 32.2838615507195783
19.6919691969197004 27.7985999649514000
19.7119711971197233 33.1645963361587590
19.7319731973197321 43.9847130697968396
19.7519751975197551 -2.2566636978342700
19.7719771977197780 44.4624951698103743
19.7919791979198010 33.3694475012352854
19.8119811981198239 59.2917802872761257
19.8319831983198327 9.3801228470163185
19.8519851985198557 -24.4656549028278612
19.8719871987198786 -7.0436827513707563
19.8919891989199016 -0.0933110141671705
19.9119911991199245 13.9339432890384955
19.9319931993199333 34.0287624612174895
19.9519951995199563 26.8287955973750059
19.9719971997199792 38.7884693926448492
19.9919991999200022 22.5057474884687636
20.0120012001200109 29.5093066380632862
20.0320032003200339 3.0863470188308959
20.0520052005200569 72.5540303723688851
20.0720072007200798 -11.4831713207347086
20.0920092009201028 33.6345804298131554
20.1120112011201115 28.0941946142915064
20.1320132013201345 68.4432439302957931
20.1520152015201575 36.6309238946656635
20.1720172017201804 23.4040861609423807
20.1920192019202034 31.6914172839904396
20.2120212021202121 -12.9223695375310790
20.2320232023202351 21.1913610285531107
20.2520252025202581 32.0771869339672406
20.2720272027202810 15.5033339034412947
20.2920292029203040 25.6970311414132020
20.3120312031203127 -10.4556810800704554
20.3320332033203357 65.2513537613530303
20.3520352035203587 18.1925879347603932
20.3720372037203816 -16.8226771135160114
20.3920392039204046 44.1475294000805576
20.4120412041204133 2.0580847517143610
20.4320432043204363 14.6817926614659235
20.4520452045204593 32.4819899201835653
20.4720472047204822 22.2668064565531125
20.4920492049204910 34.1102703196979746
20.5120512051205139 -12.5132374397559154
20.5320532053205369 34.6112123182294198
20.5520552055205599 61.6566923862680909
20.5720572057205828 41.2065002997027676
20.5920592059205916 26.1409766041223506
20.6120612061206145 -1.0613348613164426
20.6320632063206375 7.8846659937101808
20.6520652065206605 26.3178750759764029
20.6720672067206834 32.0689762104622247
20.6920692069206922 27.8565866125447563
20.7120712071207151 15.5286190959700310
20.7320732073207381 -28.2390966164792481
20.7520752075207611 66.9825017144084569
20.7720772077207840 20.9797595432561614
20.7920792079207928 -7.9084306258115014
20.8120812081208157 31.5789301077987830
20.8320832083208387 -17.0688152281009025
20.8520852085208617 5.6894308418992399
20.8720872087208846 17.6133542025324097
20.8920892089208934 37.2557203696664203
20.9120912091209163 1.1405301395499805
20.9320932093209393 53.0090582030712056
20.9520952095209623 53.3796164633459327
20.9720972097209710 45.2382044424998213
20.9920992099209940 39.8564766580693259
21.0121012101210169 87.5227003045940393
21.0321032103210399 64.3200054151346592
21.0521052105210629 27.9488407257743212
21.0721072107210716 29.8468283312204434
21.0921092109210946 18.0657768172824902
21.1121112111211175 -2.5679232144538560
21.1321132113211405 82.4763803747659949
21.1521152115211635 17.5099663990435275
21.1721172117211722 4.5747874879985808
21.1921192119211952 15.7591501835447332
21.2121212121212182 44.9778107562554936
21.2321232123212411 19.2594826207777530
21.2521252125212641 25.8672008665301689
21.2721272127212728 25.3683917664443541
21.2921292129212958 -2.8640339027839374
21.3121312131213188 18.4762520877512806
21.3321332133213417 -23.6962180716991000
21.3521352135213647 30.6483515184265194
21.3721372137213734 48.5663261737612189
21.3921392139213964 -3.9250740729871012
21.4121412141214194 -0.0916126848452734
21.4321432143214423 33.4894953156054456
21.4521452145214511 18.1342235898511532
21.4721472147214740 -18.6130456382504690
21.4921492149214970 45.2948226630391417
21.5121512151215200 31.2489690375774352
21.5321532153215429 -15.7788677110912232
21.5521552155215517 16.5281716548793192
21.5721572157215746 -5.2265336694030360
21.5921592159215976 11.9955085980769347
21.6121612161216206 4.4612550485269971
21.6321632163216435 67.2735559301302146
21.6521652165216523 27.9017666677802048
21.6721672167216752 26.1300788137556701
21.6921692169216982 48.9831231651134544
21.7121712171217212 -3.2427526722410143
21.7321732173217441 -7.6951647074107221
21.7521752175217529 40.2864598260753084
21.7721772177217758 9.2043842841805681
21.7921792179217988 39.5198337516745539
21.8121812181218218 51.4511752809254688
21.8321832183218447 -15.3528778129657830
21.8521852185218535 40.3491848406678528
21.8721872187218764 19.2614589575047717
21.8921892189218994 24.2135421036893526
21.9121912191219224 -0.0640154351396163
21.9321932193219311 16.3618227028212289
21.9521952195219541 27.5690019857874908
21.9721972197219770 43.9340488150026829
21.9921992199220000 2.7585964879234233
22.0122012201220230 49.2841437775948705
22.0322032203220317 43.6656683016727811
22.0522052205220547 33.1961209907254684
22.0722072207220776 10.4809155964251346
22.0922092209221006 53.5654512070200184
22.1122112211221236 34.1740753163715283
22.1322132213221323 11.7877279824852490
22.1522152215221553 -4.7141491587274729
22.1722172217221782 36.4527269608577456
22.1922192219222012 -1.7122346205703671
22.2122212221222242 35.0119197819579213
22.2322232223222329 6.6648846863748936
22.2522252225222559 37.0605359794815854
22.2722272227222788 61.5796201824197738
22.2922292229223018 25.0130557048413280
22.3122312231223248 63.3961121066407713
22.3322332233223335 35.7930649709466309
22.3522352235223565 -10.3991695761616683
22.3722372237223794 28.0797606293762705
22.3922392239224024 15.2462812726191661
22.4122412241224112 46.5680254520749486
22.4322432243224341 45.3776336130887756
22.4522452245224571 5.8679409738988433
22.4722472247224800 11.8372907395438887
22.4922492249225030 -30.3590649225227871
22.5122512251225118 -0.0679723514326973
22.5322532253225347 64.9061317207919615
22.5522552255225577 -0.5245680080616388
22.5722572257225806 48.0672707969009991
22.5922592259226036 10.3533007248204107
22.6122612261226124 52.1963389625683618
22.6322632263226353 39.1024266757577124
22.6522652265226583 30.2442892977467608
22.6722672267226812 34.8440802674751708
22.6922692269227042 62.1269096952409825
22.7122712271227130 52.5422039099478297
22.7322732273227359 -0.0845286362509015
22.7522752275227589 -38.9565890575145346
22.7722772277227818 14.3335532242635360
22.7922792279228048 11.0434202414496969
22.8122812281228136 66.5236455536273752
22.8322832283228365 71.2067080654072697
22.8522852285228595 3.5498445027909717
22.8722872287228824 56.1724339715332377
22.8922892289228912 93.6019177132423437
22.9122912291229142 -15.2080505907426335
22.9322932293229371 32.6745579056883102
22.9522952295229601 -10.9834543307463584
22.9722972297229830 7.8980378198549879
22.9922992299229918 31.6277326902722997
23.0123012301230148 49.0199420169412292
23.0323032303230377 -0.3384035285851539
23.0523052305230607 24.5553593303141753
23.0723072307230836 54.7529640913679856
23.0923092309230924 1.2855185463653669
23.1123112311231154 0.9384030889878403
23.1323132313231383 29.1110027763773971
23.1523152315231613 18.0328222379230816
23.1723172317231842 3.1406277897615524
23.1923192319231930 21.5107355697929670
23.2123212321232160 22.6050647588215021
23.2323232323232389 23.8975793937727232
23.2523252325232619 107.5875156286782612
23.2723272327232849 43.4349164380302284
23.2923292329232936 6.7412602635497194
23.3123312331233166 24.8304948538528691
23.3323332333233395 8.4762662631722812
23.3523352335233625 4.7706776163419136
23.3723372337233855 20.9592485442523326
23.3923392339233942 -32.1624037782049044
23.4123412341234172 44.4473452503421029
23.4323432343234401 17.5879751486379732
23.4523452345234631 30.1346340942769864
23.4723472347234718 55.0846146716662730
23.4923492349234948 50.5794616584444157
23.5123512351235178 22.1910891214002959
23.5323532353235407 47.8577135684969335
23.5523552355235637 18.3001783017037667
23.5723572357235724 5.2049967232848928
23.5923592359235954 29.9826424148458095
23.6123612361236184 51.0802624700370558
23.6323632363236413 23.2927281709712872
23.6523652365236643 31.9844059352368006
23.6723672367236730 -16.0872698255088089
23.6923692369236960 52.3358898195735520
23.7123712371237190 23.8451106107550359
23.7323732373237419 53.4259205408838511
23.7523752375237649 -13.4802058259671824
23.7723772377237736 50.6669496205710956
23.7923792379237966 25.4152979049424701
23.8123812381238196 -47.9251949451821559
23.8323832383238425 19.7730653845611286
23.8523852385238655 19.1223176735018185
23.8723872387238742 61.4870022560441214
23.8923892389238972 11.7160824063763886
23.9123912391239202 34.4108500940164532
23.9323932393239431 43.3396645879499545
23.9523952395239519 19.6238978684356269
23.9723972397239748 56.0495554813024555
23.9923992399239978 57.9159233684344059
24.0124012401240208 20.2173334403474065
24.0324032403240437 61.0116878247920482
24.0524052405240525 23.0429612997482138
24.0724072407240755 21.0619571450469962
24.0924092409240984 18.1956566299183748
24.1124112411241214 35.8016251227855733
24.1324132413241443 34.9398010883028292
24.1524152415241531 46.4216716838035879
24.1724172417241761 90.8279080428483780
24.1924192419241990 -6.0711003343797891
24.2124212421242220 26.0383304756035585
24.2324232423242449 4.6492920689506150
24.2524252425242537 71.3532723781685831
24.2724272427242767 21.8936549387180150
24.2924292429242996 41.0698197784877195
24.3124312431243226 -47.6134222339521358
24.3324332433243455 44.3233114165738940
24.3524352435243543 42.9052532620968989
24.3724372437243773 -0.9590771901838266
24.3924392439244002 53.0121224254865595
24.4124412441244232 3.1754754920394070
24.4324432443244319 35.4445459884425276
24.4524452445244549 31.6789604200527251
24.4724472447244779 15.5277446007091591
24.4924492449245008 34.0036104309326248
24.5124512451245238 36.0128592661429323
24.5324532453245325 14.3147312281709667
24.5524552455245555 16.8732612392148411
24.5724572457245785 30.6914252156043297
24.5924592459246014 -19.9039812582674998
24.6124612461246244 40.9425347412165834
24.6324632463246331 17.6395545731578345
24.6524652465246561 -8.2824679206537688
24.6724672467246791 -5.3457871045519099
24.6924692469247020 -1.5018279388115445
24.7124712471247250 16.9899282021950171
24.7324732473247337 44.1864960183970368
24.7524752475247567 55.6164603965203241
24.7724772477247797 68.0172924123244229
24.7924792479248026 15.7362214844216961
24.8124812481248256 65.2302499092843107
24.8324832483248343 19.0957970283385805
24.8524852485248573 35.7236284213238235
24.8724872487248803 56.9394803020006819
24.8924892489249032 20.0527555376706950
24.9124912491249120 43.6684028162135576
24.9324932493249349 11.6821419328660987
24.9524952495249579 43.1281713693217341
24.9724972497249809 20.4304130029659774
24.9924992499250038 23.0071324959572223
25.0125012501250126 -4.3915734732252538
25.0325032503250355 54.5455397455183402
25.0525052505250585 26.5815637721479945
25.0725072507250815 -0.6507494844269637
25.0925092509251044 65.3082816831657738
25.1125112511251132 27.1671412287281910
25.1325132513251361 20.6908372620008265
25.1525152515251591 45.3365490339165689
25.1725172517251821 67.3583951701461245
25.1925192519252050 -1.5220522456358054
25.2125212521252138 35.1127700648836267
25.2325232523252367 4.4431412931460059
25.2525252525252597 42.6319277166834780
25.2725272527252827 48.2390244729695681
25.2925292529253056 31.8022799986936775
25.3125312531253144 91.1831419428286836
25.3325332533253373 57.0398631190531020
25.3525352535253603 37.2590853828315858
25.3725372537253833 10.1100171999679702
25.3925392539253920 33.2897907487372393
25.4125412541254150 41.7368916074791727
25.4325432543254379 51.9988261857517955
25.4525452545254609 41.9899127070316922
25.4725472547254839 -1.0296257068646142
25.4925492549254926 34.7335477193969098
25.5125512551255156 18.3771432468367948
25.5325532553255385 28.9779708827423086
25.5525552555255615 32.1979668508830272
25.5725572557255845 31.7340691917762960
25.5925592559255932 -1.1060934888005747
25.6125612561256162 69.3490443747022454
25.6325632563256391 57.6355160799505271
25.6525652565256621 46.2361542795866995
25.6725672567256851 73.4104644413481537
25.6925692569256938 58.9090506581177706
25.7125712571257168 32.7513364757556857
25.7325732573257397 32.2208705969391289
25.7525752575257627 57.6854412011359017
25.7725772577257857 21.9069505142644481
25.7925792579257944 25.0894279266572546
25.8125812581258174 75.0620614863956064
25.8325832583258403 50.0626010215986383
25.8525852585258633 46.7124448083243564
25.8725872587258721 61.8708960951079803
25.8925892589258950 49.1322021731083112
25.9125912591259180 14.1113623987599528
25.9325932593259409 19.6788317882191421
25.9525952595259639 81.0683442489141015
25.9725972597259727 60.1560405259417337
25.9925992599259956 41.5293196517174792
26.0126012601260186 62.9552947618778092
26.0326032603260415 57.5025340494423887
26.0526052605260645 2.9937824085951412
26.0726072607260733 9.1258483826266712
26.0926092609260962 39.6651843828284782
26.1126112611261192 9.5713426624226088
26.1326132613261422 33.5616522505035277
26.1526152615261651 25.6127804824830250
26.1726172617261739 -14.7193406670179883
26.1926192619261968 44.5324857894926254
26.2126212621262198 27.8364530313247229
26.2326232623262428 43.0706524662135521
26.2526252625262657 16.1492331842701695
26.2726272627262745 29.3126581470256440
26.2926292629262974 29.8335179354373743
26.3126312631263204 -7.1375498860065427
26.3326332633263434 38.2048241181142174
26.3526352635263521 12.5432355341840847
26.3726372637263751 31.7258527912844102
26.3926392639263980 41.0608848089100107
26.4126412641264210 45.4681807270202540
26.4326432643264440 -27.6400512255452320
26.4526452645264527 20.2211084955295988
26.4726472647264757 46.4809764612115472
26.4926492649264986 33.5041310238067425
26.5126512651265216 46.5109152916953335
26.5326532653265446 2.2959362933639760
26.5526552655265533 24.8143556958856699
26.5726572657265763 72.1543339207042038
26.5926592659265992 -18.1653516756570603
26.6126612661266222 41.8832407450839170
26.6326632663266452 50.8468773341324010
26.6526652665266539 27.5262005878619895
26.6726672667266769 3.1646480014242293
26.6926692669266998 20.1919742893599832
26.7126712671267228 30.4068816891998637
26.7326732673267458 9.7033141703190395
26.7526752675267545 1.9123222345966120
26.7726772677267775 45.5251056391032733
26.7926792679268004 40.7435372047480442
26.8126812681268234 78.6977695154269838
26.8326832683268321 27.9436391725386279
26.8526852685268551 59.1594554131362571
26.8726872687268781 81.6075006404271619
26.8926892689269010 47.0910166272331168
26.9126912691269240 46.4272766444748441
26.9326932693269328 38.5429179187927460
26.9526952695269557 23.7804909819277235
26.9726972697269787 11.9246165195264631
26.9926992699270016 45.2133194226307324
27.0127012701270246 73.7179466445184630
27.0327032703270334 50.0912587206554036
27.0527052705270563 5.5705580366582019
27.0727072707270793 61.2602616907032740
27.0927092709271022 15.9335224859406921
27.1127112711271252 30.5424728604915359
27.1327132713271340 18.5596973973364854
27.1527152715271569 53.0248409650095880
27.1727172717271799 66.6804625200659729
27.1927192719272028 8.0794421776817664
27.2127212721272258 3.5942796792787846
27.2327232723272346 23.6277248418474493
27.2527252725272575 37.7896143971940717
27.2727272727272805 69.7880960336202492
27.2927292729273034 36.9689040894489906
27.3127312731273122 95.6396771724314618
27.3327332733273352 28.6571328116728381
27.3527352735273581 -6.2463866671058454
27.3727372737273811 5.3837492969238205
27.3927392739274040 56.4064409790019852
27.4127412741274128 23.5438821511210179
27.4327432743274358 28.2716131294712838
27.4527452745274587 44.3653647490379583
27.4727472747274817 23.9656205836432186
27.4927492749275046 43.7314240177872620
27.5127512751275134 61.2056333467455147
27.5327532753275364 30.2186428716913653
27.5527552755275593 39.5239163411145000
27.5727572757275823 7.4487050263501118
27.5927592759276052 27.5400828729994132
27.6127612761276140 10.1213655691995825
27.6327632763276370 54.6072765713419130
27.6527652765276599 62.9925048892144090
27.6727672767276829 6.7555599778227204
27.6927692769277058 -14.9927780496462262
27.7127712771277146 67.9745477362534700
27.7327732773277376 48.4730782691042421
27.7527752775277605 1.1421171367344236
27.7727772777277835 25.0652199528566832
27.7927792779277922 48.4603232528401762
27.8127812781278152 6.5809632054750260
27.8327832783278382 57.6636414781526199
27.8527852785278611 20.6841966024426505
27.8727872787278841 49.3566959734840225
27.8927892789278928 2.0046353600653504
27.9127912791279158 43.5571823287725124
27.9327932793279388 57.5022645977902016
27.9527952795279617 45.4510842144495015
27.9727972797279847 64.6491374088443962
27.9927992799279934 -4.3554405062579420
28.0128012801280306 22.2360978295683509
28.0328032803280394 41.7725029323886972
28.0528052805280481 43.4449496718806287
28.0728072807280853 46.2121863962290078
28.0928092809280940 46.3049099643049118
28.1128112811281312 11.5854173046412754
28.1328132813281400 46.1437056220663138
28.1528152815281487 31.4935736809223989
28.1728172817281859 32.3018783325665666
28.1928192819281946 10.6355609801534534
28.2128212821282318 84.7668569464763664
28.2328232823282406 -4.6368874841248626
28.2528252825282493 -14.8560653899521355
28.2728272827282865 56.3590779244855753
28.2928292829282952 -20.7602066300306731
28.3128312831283324 14.4802045950931593
28.3328332833283412 23.2887577660184490
28.3528352835283499 21.7821003803200490
28.3728372837283871 75.4409573143094292
28.3928392839283958 63.1256902993826543
28.4128412841284330 12.7839341610306150
28.4328432843284418 50.1534773136837657
28.4528452845284505 36.5534160853437129
28.4728472847284877 15.1974436242276738
28.4928492849284964 14.4341025646953725
28.5128512851285052 29.8596856144849134
28.5328532853285424 -0.9971894341140413
28.5528552855285511 98.3048010720114291
28.5728572857285883 36.3153843458312906
28.5928592859285970 32.5169427989653030
28.6128612861286058 51.2976953023671456
28.6328632863286430 12.4480932845200378
28.6528652865286517 74.2565508033876540
28.6728672867286889 35.3150834597862726
28.6928692869286976 48.6417157318314395
28.7128712871287064 75.3173064823826053
28.7328732873287436 56.2674400678464082
28.7528752875287523 39.2226708083661677
28.7728772877287895 45.7895751643973767
28.7928792879287982 52.3247696683638068
28.8128812881288070 52.3639298397998800
28.8328832883288442 32.8984664759150789
28.8528852885288529 29.8085958938856024
28.8728872887288901 40.4193002242773360
28.8928892889288988 26.0758276829238653
28.9128912891289076 20.3931897535857161
28.9328932893289448 65.0850272052407917
28.9528952895289535 32.5913986710529073
28.9728972897289907 49.1781348934070692
28.9928992899289995 33.1225046231799922
29.0129012901290082 25.5867974149944644
29.0329032903290454 91.8831287989995644
29.0529052905290541 66.4396621663426572
29.0729072907290913 44.8983275276468987
29.0929092909291001 9.8198900036246890
29.1129112911291088 43.2866433912924222
29.1329132913291460 43.3600068732037016
29.1529152915291547 44.3168993965907561
29.1729172917291919 32.9854536412406532
29.1929192919292007 -9.6288783059535774
29.2129212921292094 24.9154756666641433
29.2329232923292466 72.2126433856421386
29.2529252925292553 -22.5832538286374955
29.2729272927292925 26.6971464102739802
29.2929292929293013 19.7876694037835819
29.3129312931293100 7.1093399189984474
29.3329332933293472 17.9917571051385430
29.3529352935293559 27.5638976245507443
29.3729372937293931 44.2186189539254926
29.3929392939294019 35.2613475062149462
29.4129412941294106 40.5196385436578268
29.4329432943294478 10.9179206347723579
29.4529452945294565 11.6331807598503119
29.4729472947294653 -48.6978003560922375
29.4929492949295025 25.5682412051929262
29.5129512951295112 34.6231149934547062
29.5329532953295484 -13.3779057338929590
29.5529552955295571 43.0450884003813030
29.5729572957295659 16.0416391675773085
29.5929592959296031 46.9240065261653641
29.6129612961296118 33.7742474127512651
29.6329632963296490 33.4247795726854235
29.6529652965296577 28.3756293639921040
29.6729672967296665 48.4662866921809297
29.6929692969297037 83.9162331124909429
29.7129712971297124 68.2883146912103882
29.7329732973297496 9.5679759172600249
29.7529752975297583 -0.6292030831531648
29.7729772977297671 49.1743378056403628
29.7929792979298043 31.4350043238781396
29.8129812981298130 -31.5758345909264904
29.8329832983298502 46.1714057983559414
29.8529852985298589 25.5967600302717315
29.8729872987298677 34.1831426149159086
29.8929892989299049 8.5753075028455683
29.9129912991299136 -2.6299513617742818
29.9329932993299508 47.1090324374189677
29.9529952995299595 34.1761578590564739
29.9729972997299683 71.5780425039768886
29.9929992999300055 61.7382314970641204
30.0130013001300142 43.1246477287655523
30.0330033003300514 44.3769808430475692
30.0530053005300601 84.9203892399860081
30.0730073007300689 35.0948365568242764
30.0930093009301061 16.1449860080851977
30.1130113011301148 21.5390677590108552
30.1330133013301520 62.6504465454776778
30.1530153015301607 50.4976542751273882
30.1730173017301695 30.1262266461295951
30.1930193019302067 64.0654683544996999
30.2130213021302154 38.5112942707807804
30.2330233023302526 22.3796657894813791
30.2530253025302613 29.9487356858335474
30.2730273027302701 49.3420843997844472
30.2930293029303073 82.4976252507412937
30.3130313031303160 39.9839207049155618
30.3330333033303532 60.8519514655219922
30.3530353035303619 34.7580032236887035
30.3730373037303707 27.9856400503351423
30.3930393039304079 28.8219015920443766
30.4130413041304166 40.1522035705537803
30.4330433043304254 43.8863370393808268
30.4530453045304625 36.9657749995250455
30.4730473047304713 77.2666484008819197
30.4930493049305085 14.1122016450088310
30.5130513051305172 43.5542116515900304
30.5330533053305260 48.1276474513812218
30.5530553055305631 20.5396452911107090
30.5730573057305719 71.6974976828836930
30.5930593059306091 55.3027013218790913
30.6130613061306178 67.3377848330727602
30.6330633063306266 43.5058340876248124
30.6530653065306637 45.4986782588322001
30.6730673067306725 4.4975428196023373
30.6930693069307097 31.0312696710924278
30.7130713071307184 30.4315936008171199
30.7330733073307272 28.5523154672088921
30.7530753075307643 41.2937773177336922
30.7730773077307731 43.0984249735804141
30.7930793079308103 41.2042063903807474
30.8130813081308190 88.2193424869803806
30.8330833083308278 77.1584529792214653
30.8530853085308649 8.3972588493313189
30.8730873087308737 25.8961332414133878
30.8930893089309109 23.8393391064921403
30.9130913091309196 30.2911949318101250
30.9330933093309284 9.8379523832830813
30.9530953095309656 65.7165009346216067
30.9730973097309743 82.2345046213917215
30.9930993099310115 0.1938467518430329
31.0131013101310202 -6.6100228649859289
31.0331033103310290 -12.1387095019085436
31.0531053105310662 44.8379168091071563
31.0731073107310749 32.1054493791207634
31.0931093109311121 -10.7366122934281307
31.1131113111311208 17.2185049785792650
31.1331133113311296 42.5094226088100484
31.1531153115311668 56.4977081965761485
31.1731173117311755 38.4790661652405674
31.1931193119312127 55.6957386643859351
31.2131213121312214 34.6426003131435678
31.2331233123312302 36.6797922910561311
31.2531253125312674 4.1009148100310284
31.2731273127312761 43.1213874356146221
31.2931293129313133 -6.5391531819391489
31.3131313131313220 89.2751742988853891
31.3331333133313308 53.0318420644267547
31.3531353135313680 68.2673151738702870
31.3731373137313767 86.5093180653762062
31.3931393139313855 56.4081399855899832
31.4131413141314226 62.0859926870204077
31.4331433143314314 46.4590528073252997
31.4531453145314686 63.4127106212994462
31.4731473147314773 59.0474901062620461
31.4931493149314861 20.7228948774466275
31.5131513151315232 21.6457389254276222
31.5331533153315320 36.7135062239256627
31.5531553155315692 -0.0017965195944569
31.5731573157315779 12.8907738931536642
31.5931593159315867 51.6012915298024950
31.6131613161316238 68.5231483120127649
31.6331633163316326 85.8648349682642760
31.6531653165316698 12.9923467203407093
31.6731673167316785 28.0583827415958709
31.6931693169316873 38.2554198664272320
31.7131713171317244 41.0577290413417586
31.7331733173317332 55.8263406534767768
31.7531753175317704 32.7963346858178184
31.7731773177317791 31.5358405352288003
31.7931793179317879 51.4228774071304144
31.8131813181318250 27.4093730398798172
31.8331833183318338 15.4859094167110918
31.8531853185318710 40.4680996159108517
31.8731873187318797 55.1465723438309112
31.8931893189318885 44.1904393418857424
31.9131913191319256 67.2346497155040765
31.9331933193319344 39.0170302560067910
31.9531953195319716 48.5436749431057208
31.9731973197319803 43.6170152229907373
31.9931993199319891 45.2497769035639124
32.0132013201320262 4.9648085093382193
32.0332033203320350 84.3351231217370270
32.0532053205320722 37.3629808060700697
32.0732073207320809 84.8621936053291677
32.0932093209320897 20.0948124610589893
32.1132113211321268 33.0364480337981377
32.1332133213321356 52.4664534507161804
32.1532153215321728 58.7534716786842921
32.1732173217321815 44.1899470693223932
32.1932193219321903 21.2005321498100443
32.2132213221322274 20.0190889123829940
32.2332233223322362 25.3864769563620882
32.2532253225322734 66.5264941709050390
32.2732273227322821 48.7336475063409509
32.2932293229322909 7.7976767774135567
32.3132313231323280 57.6523749833650783
32.3332333233323368 52.2675202984314993
32.3532353235323455 12.9777197101733748
32.3732373237323827 31.7754099411578039
32.3932393239323915 53.5406120951130333
32.4132413241324286 27.5783252966874279
32.4332433243324374 15.7346519509967315
32.4532453245324461 30.4731151827867528
32.4732473247324833 35.3641337668445814
32.4932493249324921 66.0834723771281318
32.5132513251325292 61.8575636128100115
32.5332533253325380 69.6997708000682223
32.5532553255325467 59.5092860049884251
32.5732573257325839 74.8823962873072446
32.5932593259325927 27.6938945986484271
32.6132613261326298 1.0395183952878000
32.6332633263326386 35.8468193920362523
32.6532653265326474 59.2278240816934129
32.6732673267326845 53.7449075264856475
32.6932693269326933 33.2315485564912834
32.7132713271327304 72.4552964727400308
32.7332733273327392 90.2804552774222202
32.7532753275327480 62.1045863821958619
32.7732773277327851 19.1329408825470573
32.7932793279327939 33.3300971399766865
32.8132813281328310 31.1232314266139305
32.8332833283328398 39.8575787776730195
32.8532853285328486 -2.6244549407034654
32.8732873287328857 24.3691254493415101
32.8932893289328945 76.2092098886814426
32.9132913291329317 69.7453764516516230
32.9332933293329404 78.7602118589167901
32.9532953295329492 32.2858161507229653
32.9732973297329863 32.4843124275202371
32.9932993299329951 30.5640988948638679
33.0133013301330323 89.9110451313193551
33.0333033303330410 34.9361883732465728
33.0533053305330498 79.3825444953735655
33.0733073307330869 61.8394246841990665
33.0933093309330957 57.2007224115757680
33.1133113311331329 90.3854649449291543
33.1333133313331416 35.2863548774762208
33.1533153315331504 43.1882264366453157
33.1733173317331875 7.7865978955436717
33.1933193319331963 14.4464817369324230
33.2133213321332335 82.1603952389914411
33.2333233323332422 5.1986218626806036
33.2533253325332510 -5.0284717150325235
33.2733273327332881 50.3408405200364086
33.2933293329332969 12.7142822335993770
33.3133313331333341 21.6230276618198225
33.3333333333333428 -2.8763719557680290
33.3533353335333516 29.4084966956902889
33.3733373337333887 38.5064332487468519
33.3933393339333975 38.5619217150765508
33.4133413341334062 44.5844067773021351
33.4333433343334434 77.1128377694662106
33.4533453345334522 97.7953448454483265
33.4733473347334893 36.6268348924452951
33.4933493349334981 47.5614056798122249
33.5133513351335068 66.6113119227636901
33.5333533353335440 37.6540195664291417
33.5533553355335528 30.1449632831802639
33.5733573357335899 61.5000908889259250
33.5933593359335987 50.8478072317107319
33.6133613361336074 13.8888031209465233
33.6333633363336446 43.6903146317167526
33.6533653365336534 27.3939054427209996
33.6733673367336905 51.3217792813102420
33.6933693369336993 88.7224859941107411
33.7133713371337080 71.0516725966921001
33.7333733373337452 50.6893694813109406
33.7533753375337540 21.6259481980851227
33.7733773377337911 7.7264221210640258
33.7933793379337999 42.1875079343502506
33.8133813381338086 18.6519088863726488
33.8333833383338458 2.8417592499875184
33.8533853385338546 -1.8271817098669914
33.8733873387338917 14.8649206251215347
33.8933893389339005 27.2336187413237134
33.9133913391339092 73.9201374548251238
33.9333933393339464 3.8923193169163781
33.9533953395339552 71.6550763739003855
33.9733973397339923 47.5148377870327465
33.9933993399340011 32.0773935419460940
34.0134013401340098 58.2654727212996235
34.0334033403340470 -11.6415828622539195
34.0534053405340558 56.0179996335575225
34.0734073407340929 70.2276396410759816
34.0934093409341017 -14.5810357146582490
34.1134113411341104 -3.9197211077075877
34.1334133413341476 32.9349931062297046
34.1534153415341564 14.3345466361421998
34.1734173417341935 37.3588511500293237
34.1934193419342023 32.0777676379086287
34.2134213421342110 70.2419447255495726
34.2334233423342482 85.4565320844805854
34.2534253425342570 30.4384115744454355
34.2734273427342941 43.7756774351124491
34.2934293429343029 45.9452298921997269
34.3134313431343116 52.2524352107456238
34.3334333433343488 70.0926179718024969
34.3534353435343576 18.9288957890598724
34.3734373437343663 61.5445470703277948
34.3934393439344035 84.4604409760624719
34.4134413441344122 10.1025475203655866
34.4334433443344494 86.9283647394446177
34.4534453445344582 -4.3355043636557724
34.4734473447344669 -14.0939069104725903
34.4934493449345041 55.3748363058063688
34.5134513451345128 9.5664133824486015
34.5334533453345500 39.0780529878226801
34.5534553455345588 12.1882948378344977
34.5734573457345675 42.9317141085641509
34.5934593459346047 26.2298994237566845
34.6134613461346134 48.3528587801504415
34.6334633463346506 43.1985471133633681
34.6534653465346594 24.7425331429146311
34.6734673467346681 39.3888454821679446
34.6934693469347053 29.1867040907745192
34.7134713471347141 33.2219199365454756
34.7334733473347512 23.0040752446155601
34.7534753475347600 -12.2360639175754073
34.7734773477347687 28.3927563064197841
34.7934793479348059 14.3446237359712683
34.8134813481348147 98.3361888502779493
34.8334833483348518 6.1530566188065450
34.8534853485348606 103.2645738888861899
34.8734873487348693 49.4785050583977295
34.8934893489349065 5.3741426544692246
34.9134913491349153 69.2096060923839786
34.9334933493349524 -2.4611660390211227
34.9534953495349612 5.2202277124422167
34.9734973497349699 45.2452686665451154
34.9934993499350071 67.1908400625766262
35.0135013501350159 29.1733218888065551
35.0335033503350530 80.2104228515202635
35.0535053505350618 48.9436386428827177
35.0735073507350705 32.5857980700793775
35.0935093509351077 31.7141292495143077
35.1135113511351165 66.4219712011409342
35.1335133513351536 36.8748444070565569
35.1535153515351624 83.4323535214016658
35.1735173517351711 48.7785372022781232
35.1935193519352083 77.0183715784930882
35.2135213521352171 -11.3140448960254005
35.2335233523352542 81.8398266509287140
35.2535253525352630 51.0309374732181880
35.2735273527352717 29.0415672650095402
35.2935293529353089 25.5642297793539655
35.3135313531353177 -1.3545842279706761
35.3335333533353264 76.9511132092224841
35.3535353535353636 64.5241267431681251
35.3735373537353723 27.3610776847721837
35.3935393539354095 48.1087392317316969
35.4135413541354183 20.5314678849832113
35.4335433543354270 18.0310038569358753
35.4535453545354642 35.2521297273802645
35.4735473547354729 46.7945389127559821
35.4935493549355101 46.3917260379738110
35.5135513551355189 26.4457474550991591
35.5335533553355276 21.1768156912298053
35.5535553555355648 55.0569987925226840
35.5735573557355735 43.9335095609927464
35.5935593559356107 18.0051815042134393
35.6135613561356195 -7.4264399529443850
35.6335633563356282 53.6713169662691740
35.6535653565356654 -6.7966884419308684
35.6735673567356741 18.0340356554754777
35.6935693569357113 23.0135730174513604
35.7135713571357201 49.0179148964998035
35.7335733573357288 37.0370300293561314
35.7535753575357660 69.9821737346870094
35.7735773577357747 51.6193995973641933
35.7935793579358119 64.1812344597039726
35.8135813581358207 60.4938847015037453
35.8335833583358294 77.0111477228347496
35.8535853585358666 52.2076481097843086
35.8735873587358753 37.6462734001254375
35.8935893589359125 57.3817297233090784
35.9135913591359213 24.2512897682888280
35.9335933593359300 55.0665864154247373
35.9535953595359672 6.1611637328487348
35.9735973597359759 33.4704414247959292
35.9935993599360131 70.5899757007718023
36.0136013601360219 30.3113825034457420
36.0336033603360306 24.5058790551117234
36.0536053605360678 58.6245414251059316
36.0736073607360765 56.1172868238091027
36.0936093609361137 40.9545626478901426
36.1136113611361225 36.9097866324386459
36.1336133613361312 68.7746862526240932
36.1536153615361684 10.2271718954483397
36.1736173617361771 37.1973998532827181
36.1936193619362143 61.4856456185348961
36.2136213621362231 13.1005192143843274
36.2336233623362318 61.3595121987198127
36.2536253625362690 46.3697298620747631
36.2736273627362777 51.1671555469917507
36.2936293629362865 44.5863807101752982
36.3136313631363237 54.6248734069523678
36.3336333633363324 32.1613016254679778
36.3536353635363696 52.9846215277264463
36.3736373637363783 63.5621374459455382
36.3936393639363871 39.7821794345776070
36.4136413641364243 19.3229395580150438
36.4336433643364330 14.8488099275742087
36.4536453645364702 0.3751810182900712
36.4736473647364789 85.9601319641411266
36.4936493649364877 13.6770958530894156
36.5136513651365249 50.9555251619142311
36.5336533653365336 40.7047214940499416
36.5536553655365708 6.7986080748584570
36.5736573657365795 18.5260454640175247
36.5936593659365883 6.8283720886603234
36.6136613661366255 33.2722704620832843
36.6336633663366342 47.7037148202410393
36.6536653665366714 35.4465676356779298
36.6736673667366802 70.8890639381014296
36.6936693669366889 -3.5234255799981113
36.7136713671367261 37.0465210597558681
36.7336733673367348 58.7928394864072104
36.7536753675367720 9.0782212299939609
36.7736773677367808 84.3332169078390024
36.7936793679367895 19.4619770324217960
36.8136813681368267 60.5789630983228449
36.8336833683368354 24.4606560717583932
36.8536853685368726 82.8292261116776842
36.8736873687368814 74.0905517548151096
36.8936893689368901 60.7059104324611667
36.9136913691369273 57.7521768979398686
36.9336933693369360 21.8810395357007224
36.9536953695369732 59.7902718176770875
36.9736973697369820 69.6870442860589634
36.9936993699369907 46.9236014087648883
37.0137013701370279 37.5646556793297606
37.0337033703370366 63.3229151006391930
37.0537053705370738 27.9781648102837934
37.0737073707370826 81.0951461846272821
37.0937093709370913 15.1729152926436406
37.1137113711371285 27.3707489509623016
37.1337133713371372 36.8902977290992098
37.1537153715371744 8.3270359512435661
37.1737173717371832 12.8537257319087779
37.1937193719371919 55.5548775242238264
37.2137213721372291 33.3995481304523807
37.2337233723372378 94.0993642414859011
37.2537253725372466 18.5612279789396588
37.2737273727372838 23.0740703096771007
37.2937293729372925 33.8366492565902348
37.3137313731373297 41.1442863606479321
37.3337333733373384 76.6489792780041626
37.3537353735373472 25.6067181762789886
37.3737373737373844 44.9903256239089870
37.3937393739373931 -13.9128721125314812
37.4137413741374303 43.6237204610236020
37.4337433743374390 53.7968422132747506
37.4537453745374478 25.2422176231389628
37.4737473747374850 37.2806129223607172
37.4937493749374937 71.5374390012519257
37.5137513751375309 89.4029219719123773
37.5337533753375396 27.4428688751477310
37.5537553755375484 39.4561169720262583
37.5737573757375856 53.3965735094315690
37.5937593759375943 20.7652142957994847
37.6137613761376315 6.4749737308059210
37.6337633763376402 49.6178768137674808
37.6537653765376490 77.5631092220475438
37.6737673767376862 39.3314760129818239
37.6937693769376949 63.2287475293382926
37.7137713771377321 17.4725482548289612
37.7337733773377408 18.8849386460248709
37.7537753775377496 25.3224737564892948
37.7737773777377868 33.3306887442715336
37.7937793779377955 -9.7756575407591768
37.8137813781378327 24.0183944787292170
37.8337833783378414 46.7671934553050335
37.8537853785378502 45.5074127902418439
37.8737873787378874 27.6920478831420809
37.8937893789378961 49.4369580383922269
37.9137913791379333 29.3734758161795781
37.9337933793379420 62.1114604605002469
37.9537953795379508 98.5439311754772262
37.9737973797379880 27.3792537182981732
37.9937993799379967 27.1969939151265621
38.0138013801380339 38.9533890547185919
38.0338033803380426 66.2968766282172766
38.0538053805380514 53.6566137071189502
38.0738073807380886 31.6250146413208526
38.0938093809380973 40.8398373328903261
38.1138113811381345 25.0788244576474355
38.1338133813381432 13.3635033825033815
38.1538153815381520 21.5282632302126125
38.1738173817381892 30.7006328418961090
38.1938193819381979 47.1216070240894354
38.2138213821382067 -9.5238298129543466
38.2338233823382438 45.3573870851255734
38.2538253825382526 31.2177563880389286
38.2738273827382898 73.1031686409149302
38.2938293829382985 44.4092000987505102
38.3138313831383073 72.8528169120381648
38.3338333833383444 68.8190451662187428
38.3538353835383532 50.5254738716951550
38.3738373837383904 19.1351614231529901
38.3938393839383991 17.2398109495445198
38.4138413841384079 33.8400771908828233
38.4338433843384450 27.8265787876786064
38.4538453845384538 24.3216799496002167
38.4738473847384910 38.8690120588823547
38.4938493849384997 13.9047729239706896
38.5138513851385085 34.6466756667576021
38.5338533853385456 8.4319177540423240
38.5538553855385544 27.3784738176293487
38.5738573857385916 31.7068319819724671
38.5938593859386003 7.4945580136267012
38.6138613861386091 60.0924250851571742
38.6338633863386463 52.3978127168204111
38.6538653865386550 46.3985070098063659
38.6738673867386922 88.8442391259565483
38.6938693869387009 66.2209078022329720
38.7138713871387097 34.4174230628359439
38.7338733873387469 66.3585489400801691
38.7538753875387556 62.5337120451081034
38.7738773877387928 54.7026198168143480
38.7938793879388015 -15.9345448457228045
38.8138813881388103 36.6782504891547987
38.8338833883388475 30.9691665995199301
38.8538853885388562 35.5458596998575658
38.8738873887388934 81.5428607184556995
38.8938893889389021 65.8881092260460264
38.9138913891389109 29.9549418979687161
38.9338933893389481 40.1631737808689664
38.9538953895389568 37.3479892804770159
38.9738973897389940 41.8729452872126302
38.9938993899390027 39.7648344600751429
39.0139013901390115 49.7003952862013278
39.0339033903390487 38.4202118487048097
39.0539053905390574 43.4499286425757418
39.0739073907390946 29.7098700213682605
39.0939093909391033 10.0348878157228825
39.1139113911391121 41.0112573232857258
39.1339133913391493 22.1272756438195088
39.1539153915391580 36.9689442779046544
39.1739173917391668 43.0540226316787411
39.1939193919392039 35.0186944757012952
39.2139213921392127 15.8257775433569208
39.2339233923392499 90.1857330852129024
39.2539253925392586 71.6143216014399258
39.2739273927392674 34.6352190692621207
39.2939293929393045 33.2198757388938972
39.3139313931393133 81.6324903239008535
39.3339333933393505 54.7491994540849589
39.3539353935393592 44.5448239321382218
39.3739373937393680 34.3664904399316029
39.3939393939394051 60.1047025189500559
39.4139413941394139 67.9818129091297862
39.4339433943394511 24.4285710756867545
39.4539453945394598 59.8389247582772867
39.4739473947394686 67.7155226059911257
39.4939493949395057 54.4660474036891031
39.5139513951395145 16.4182805070279016
39.5339533953395517 49.4163126645969371
39.5539553955395604 61.1553273142596083
39.5739573957395692 47.9802729804278414
39.5939593959396063 34.6020721438686536
39.6139613961396151 55.0046984260243192
39.6339633963396523 37.0270111449153632
39.6539653965396610 55.6941749751193242
39.6739673967396698 58.0441846055132231
39.6939693969397069 20.7661613738962281
39.7139713971397157 24.7340568639286218
39.7339733973397529 21.4416063346578909
39.7539753975397616 58.7891495933713983
39.7739773977397704 6.1001375958346529
39.7939793979398075 -16.8796724536335105
39.8139813981398163 61.7086856426015586
39.8339833983398535 52.7162073142305658
39.8539853985398622 -7.7934501279567314
39.8739873987398710 49.3657299742964710
39.8939893989399081 34.6245452456670080
39.9139913991399169 5.7246238395187845
39.9339933993399541 16.8497401527699502
39.9539953995399628 67.1294833388776340
39.9739973997399716 17.7538661637992909
39.9939993999400087 51.6268889414162828
40.0140014001400175 7.3522120581187025
40.0340034003400547 21.0169170644153702
40.0540054005400634 -11.0659744081653031
40.0740074007400722 16.9559293500575414
40.0940094009401093 65.7810406130096084
40.1140114011401181 88.5895085108930687
40.1340134013401268 52.6694212222567160
40.1540154015401640 12.3080699647758181
40.1740174017401728 67.5540122057097534
40.1940194019402099 34.5347461996700744
40.2140214021402187 76.1497357481951127
40.2340234023402274 45.1210577415844014
40.2540254025402646 -4.6940588561844621
40.2740274027402734 8.7511085708959158
40.2940294029403105 11.6315121345913610
40.3140314031403193 32.0652240861464293
40.3340334033403281 37.5578395259127689
40.3540354035403652 57.2307776564580166
40.3740374037403740 61.5303518840201065
40.3940394039404111 61.7634634486499863
40.4140414041404199 62.8673243524829957
40.4340434043404287 28.3492046929482200
40.4540454045404658 10.1519155814654489
40.4740474047404746 27.4542665625321440
40.4940494049405117 -8.7054343459567107
40.5140514051405205 33.5185583286639570
40.5340534053405293 48.2377899550199629
40.5540554055405664 -42.2770580897588459
40.5740574057405752 45.4878577420690888
40.5940594059406124 48.0493098827096503
40.6140614061406211 14.8695855099727936
40.6340634063406299 18.0617511889163360
40.6540654065406670 71.2564414254990481
40.6740674067406758 103.4319843579643248
40.6940694069407130 -7.4049835471195777
40.7140714071407217 -1.3542746283301739
40.7340734073407305 15.5382922040200100
40.7540754075407676 62.8603884947692393
40.7740774077407764 31.6819299116884956
40.7940794079408136 25.1007203802583234
40.8140814081408223 83.9109743929480771
40.8340834083408311 47.9818248242823202
40.8540854085408682 34.9935858712176184
40.8740874087408770 37.1881876520017656
40.8940894089409142 40.7797604631986488
40.9140914091409229 55.0948578650267820
40.9340934093409317 93.2682080128787874
40.9540954095409688 71.5839314754805400
40.9740974097409776 46.6158200495730668
40.9940994099410148 79.6158542938275104
41.0141014101410235 47.6366807520298750
41.0341034103410323 75.9124008475066034
41.0541054105410694 19.1953355758854620
41.0741074107410782 40.5751026489985804
41.0941094109410869 87.5133684637878275
41.1141114111411241 20.4547506184283989
41.1341134113411329 46.7566055833740251
41.1541154115411700 29.1178566104142114
41.1741174117411788 42.9519045719728894
41.1941194119411875 15.1740900133006171
41.2141214121412247 3.4919012688842770
41.2341234123412335 65.6176862694276082
41.2541254125412706 59.1237259661373287
41.2741274127412794 40.6255787711221430
41.2941294129412881 32.5845144362380950
41.3141314131413253 48.3088479594439164
41.3341334133413341 46.2695382240484037
41.3541354135413712 14.8568326236677066
41.3741374137413800 81.4938749620258136
41.3941394139413887 39.3800354788926867
41.4141414141414259 24.5716991997437937
41.4341434143414347 54.0800803535131678
41.4541454145414718 71.5578158306004184
41.4741474147414806 23.2518031588038774
41.4941494149414893 27.5038942154526218
41.5141514151415265 22.9008767557663369
41.5341534153415353 18.8099569792876409
41.5541554155415724 83.4311535243395213
41.5741574157415812 25.6725876969860174
41.5941594159415899 38.5876295897193629
41.6141614161416271 27.0894486647613633
41.6341634163416359 59.2013893413690937
41.6541654165416730 28.1585375480239044
41.6741674167416818 57.5404067451517065
41.6941694169416905 72.7965997913761669
41.7141714171417277 50.1330344724050647
41.7341734173417365 62.0357916477532143
41.7541754175417736 55.3586130638012577
41.7741774177417824 73.0480857431546582
41.7941794179417911 40.9393148952713446
41.8141814181418283 65.3235049997966826
41.8341834183418371 33.1056473899697465
41.8541854185418742 34.2284166750404850
41.8741874187418830 37.6350145315189124
41.8941894189418917 31.5762198145885051
41.9141914191419289 29.3285815433527652
41.9341934193419377 49.4526828837448491
41.9541954195419748 4.7857901079871752
41.9741974197419836 52.2646499064523269
41.9941994199419923 29.7469342767374414
42.0142014201420295 11.0263370830654850
42.0342034203420383 45.7500724481499859
42.0542054205420470 38.9310101307710568
42.0742074207420842 20.6270983959106609
42.0942094209420929 -4.0716646620838830
42.1142114211421301 44.3495287638758668
42.1342134213421389 31.6261352558736419
42.1542154215421476 86.3996766767845088
42.1742174217421848 70.9468684911707328
42.1942194219421935 5.4532801493843905
42.2142214221422307 36.7311338927106306
42.2342234223422395 26.6917113801860459
42.2542254225422482 39.9875437161515421
42.2742274227422854 42.8792611145678748
42.2942294229422941 9.0378226195429257
42.3142314231423313 32.8323082148354857
42.3342334233423401 0.3457132619342218
42.3542354235423488 6.8336975204371200
42.3742374237423860 43.3811514943903660
42.3942394239423948 49.9864622548990383
42.4142414241424319 69.7118425091321967
42.4342434243424407 58.9656887929111164
42.4542454245424494 52.4914588405164864
42.4742474247424866 81.2678579312822222
42.4942494249424954 19.7066762518283340
42.5142514251425325 42.2978353541679581
42.5342534253425413 23.5645393363749243
42.5542554255425500 23.6891531602887042
42.5742574257425872 36.3623201315524796
42.5942594259425960 -11.6961439748847695
42.6142614261426331 14.1719954545677176
42.6342634263426419 36.2701245314390448
42.6542654265426506 45.7516015630915334
42.6742674267426878 -14.8442771100036097
42.6942694269426966 25.3812596319703232
42.7142714271427337 42.3116990490826339
42.7342734273427425 96.9287043988830987
42.7542754275427512 23.2839936589387371
42.7742774277427884 47.3228941705070483
42.7942794279427972 9.3962415470628962
42.8142814281428343 50.5279827011389884
42.8342834283428431 38.6501914663795105
42.8542854285428518 72.0148568605920474
42.8742874287428890 20.2585237360976294
42.8942894289428978 25.2255377535934144
42.9142914291429349 18.0018753823105513
42.9342934293429437 28.7740028736802103
42.9542954295429524 33.0756646298901273
42.9742974297429896 26.4584008991680975
42.9942994299429984 63.9992896877878295
43.0143014301430071 40.4379831437886921
43.0343034303430443 42.7148496929052897
43.0543054305430530 37.8639069216547455
43.0743074307430902 81.9142126185451787
43.0943094309430990 37.3243733612195712
43.1143114311431077 50.5417147417034869
43.1343134313431449 103.3934368007039950
43.1543154315431536 79.3108056700753821
43.1743174317431908 55.6900784371927529
43.1943194319431996 56.0176463936967011
43.2143214321432083 79.6662578667677082
43.2343234323432455 59.7903786923944693
43.2543254325432542 58.6349753754182714
43.2743274327432914 77.6924657649730506
43.2943294329433002 -20.7801527263339665
43.3143314331433089 7.8607846974290929
43.3343334333433461 36.7102809834416774
43.3543354335433548 9.3811895104316321
43.3743374337433920 40.0383669599328655
43.3943394339434008 28.6881954896769464
43.4143414341434095 57.8960678937362871
43.4343434343434467 15.1855169010967188
43.4543454345434554 49.8495257564654821
43.4743474347434926 35.9156151463464113
43.4943494349435014 42.0977680281946931
43.5143514351435101 67.4815731511055930
43.5343534353435473 92.4924100478776410
43.5543554355435560 19.7844086151415048
43.5743574357435932 44.0777493198889019
43.5943594359436020 44.7839019009961490
43.6143614361436107 62.6422952164862465
43.6343634363436479 25.4342273112693533
43.6543654365436566 33.8737829514347766
43.6743674367436938 32.1838979277483332
43.6943694369437026 100.9104482719650377
43.7143714371437113 43.4006462724256465
43.7343734373437485 7.1156768534976287
43.7543754375437572 -0.9071675824564664
43.7743774377437944 45.3680139029921747
43.7943794379438032 52.4006705092744625
43.8143814381438119 36.7906934698449746
43.8343834383438491 53.4380095288093884
43.8543854385438578 67.4249498071801554
43.8743874387438950 66.5834496174386032
43.8943894389439038 45.5413035022456540
43.9143914391439125 86.6131104620094447
43.9343934393439497 82.9898734366661870
43.9543954395439584 12.0240552916676826
43.9743974397439956 75.5458141661234492
43.9943994399440044 13.8784652965967013
44.0144014401440131 55.7060223142347297
44.0344034403440503 59.1734154467090292
44.0544054405440590 39.9427996591850132
44.0744074407440678 50.3785433353460945
44.0944094409441050 20.3865549626843894
44.1144114411441137 88.4652844509022742
44.1344134413441509 32.6855651872342463
44.1544154415441596 39.9417759504045407
44.1744174417441684 68.5454439402729463
44.1944194419442056 24.1863271472000605
44.2144214421442143 19.5344319686967225
44.2344234423442515 61.2286325434786249
44.2544254425442602 77.7916170230841288
44.2744274427442690 55.2661193758836689
44.2944294429443062 70.7572353905241584
44.3144314431443149 53.3802831561362439
44.3344334433443521 -1.2187969059763546
44.3544354435443609 41.4742393830936820
44.3744374437443696 44.8539279533071280
44.3944394439444068 75.7542354642245073
44.4144414441444155 43.9260637698873353
44.4344434443444527 -3.6781420343495697
44.4544454445444615 76.2259006416486216
44.4744474447444702 22.3368375871472296
44.4944494449445074 52.8748315847874792
44.5144514451445161 32.7671893750539880
44.5344534453445533 62.9075245415173612
44.5544554455445621 4.2408046026724264
44.5744574457445708 65.8102926835514950
44.5944594459446080 16.2660591884411829
44.6144614461446167 44.7988101898733220
44.6344634463446539 49.7468287126503768
44.6544654465446627 55.9291123005676241
44.6744674467446714 51.1833956693070036
44.6944694469447086 21.7178858355900530
44.7144714471447173 47.8301011452103282
44.7344734473447545 15.0492022325592814
44.7544754475447633 19.7849107668773101
44.7744774477447720 25.7628287910895963
44.7944794479448092 64.0238116881250789
44.8144814481448179 77.9566269019427693
44.8344834483448551 40.0796783880086096
44.8544854485448639 28.3194454191043619
44.8744874487448726 27.4160156663701855
44.8944894489449098 18.5241933033715540
44.9144914491449185 32.5889835465715549
44.9344934493449557 57.4466118039666185
44.9544954495449645 49.6608264530756003
44.9744974497449732 -4.0119941624417876
44.9944994499450104 60.3501169874748626
45.0145014501450191 53.0236534188817927
45.0345034503450279 -11.1847308543905086
45.0545054505450651 60.2596670292674830
45.0745074507450738 55.9491370218745558
45.0945094509451110 33.9716650730039831
45.1145114511451197 35.1593518310904400
45.1345134513451285 70.1183184514943463
45.1545154515451657 23.3000088738649964
45.1745174517451744 21.5356835874002073
45.1945194519452116 85.3637338966897659
45.2145214521452203 23.3068627192240072
45.2345234523452291 37.1660330815305642
45.2545254525452663 0.8646067690325268
45.2745274527452750 20.8888858723201771
45.2945294529453122 70.7236715301185370
45.3145314531453209 7.2680953040112506
45.3345334533453297 51.1773644462452211
45.3545354535453669 75.9122690493045695
45.3745374537453756 32.3974943648794778
45.3945394539454128 50.6354779719126356
45.4145414541454215 50.5257797670640656
45.4345434543454303 66.1617837832994695
45.4545454545454675 47.8910530020872116
45.4745474547454762 32.9111044770679584
45.4945494549455134 7.6300100363008916
45.5145514551455221 3.7319085509756462
45.5345534553455309 9.5494411285580902
45.5545554555455681 50.2531109975633967
45.5745574557455768 -14.6934197420406534
45.5945594559456140 51.1018202321495210
45.6145614561456227 18.8076012582656560
45.6345634563456315 26.9393683665039667
45.6545654565456687 49.4702537578595951
45.6745674567456774 30.7815758474669074
45.6945694569457146 43.4491651739190914
45.7145714571457233 14.8927204858921485
45.7345734573457321 17.7951900430567527
45.7545754575457693 34.2169323181351572
45.7745774577457780 1.9350116645607471
45.7945794579458152 27.5874513719539287
45.8145814581458239 121.9187951278903199
45.8345834583458327 32.1410451696238582
45.8545854585458699 22.9848014301057759
45.8745874587458786 65.4142085983954189
45.8945894589459158 11.8866728806508029
45.9145914591459245 59.1077751661665332
45.9345934593459333 8.5586276931154721
45.9545954595459705 -19.3148481627803008
45.9745974597459792 21.0264623696803206
45.9945994599459880 48.1951301501645020
46.0146014601460251 63.5474721118220032
46.0346034603460339 40.0317280426700677
46.0546054605460711 26.1203301535170382
46.0746074607460798 36.0490018398330605
46.0946094609460886 58.9247382851714008
46.1146114611461257 42.4736747297469392
46.1346134613461345 15.4187656120908940
46.1546154615461717 19.9034636915572598
46.1746174617461804 4.7137133322938745
46.1946194619461892 39.5634459176875595
46.2146214621462263 40.5601409003054556
46.2346234623462351 28.2374330558982436
46.2546254625462723 58.6459986727082878
46.2746274627462810 57.8126333764813864
46.2946294629462898 36.0660963857478549
46.3146314631463270 81.2965970223351775
46.3346334633463357 15.7780963411755693
46.3546354635463729 46.9188035552893439
46.3746374637463816 34.3650018967457456
46.3946394639463904 46.0374974494138485
46.4146414641464276 50.9870122895091953
46.4346434643464363 58.5160946137083329
46.4546454645464735 19.9999439328131849
46.4746474647464822 37.2275742951148416
46.4946494649464910 32.7867437624352576
46.5146514651465282 26.2201378276431427
46.5346534653465369 -0.8722182802751206
46.5546554655465741 15.0659710950405241
46.5746574657465828 33.6227804688647396
46.5946594659465916 37.1435719497085799
46.6146614661466288 85.0892236880215762
46.6346634663466375 99.5579335540060413
46.6546654665466747 8.7016808720109395
46.6746674667466834 -3.9754886613537295
46.6946694669466922 44.8258412929500238
46.7146714671467294 57.5396115524120120
46.7346734673467381 70.4198017594893599
46.7546754675467753 67.5716447393595132
46.7746774677467840 4.3548553708439393
46.7946794679467928 57.3967046825160025
46.8146814681468300 38.3302916684439978
46.8346834683468387 45.8635668497221474
46.8546854685468759 50.8862736510099225
46.8746874687468846 69.1382885213795646
46.8946894689468934 8.7934047774943629
46.9146914691469306 24.9602280243883712
46.9346934693469393 -13.1453991291546330
46.9546954695469481 20.1022586513194739
46.9746974697469852 16.2531197521048441
46.9946994699469940 65.4500670870775423
47.0147014701470312 14.6759452790257967
47.0347034703470399 64.8174827937197335
47.0547054705470487 -10.3148859664223593
47.0747074707470858 55.5807671127431959
47.0947094709470946 44.0663281475267610
47.1147114711471318 57.7813581774771592
47.1347134713471405 30.7151137820323683
47.1547154715471493 14.5690735269997234
47.1747174717471864 92.6379142188119999
47.1947194719471952 12.3525248156904546
47.2147214721472324 65.7540181208780865
47.2347234723472411 47.1494395361391696
47.2547254725472499 13.0172714972999550
47.2747274727472870 67.5428810724374102
47.2947294729472958 48.3776889270212536
47.3147314731473330 43.6964199882029192
47.3347334733473417 35.6728371302307181
47.3547354735473505 56.0760792434053315
47.3747374737473876 49.4031963435874744
47.3947394739473964 25.9495366318231575
47.4147414741474336 59.3251154458111216
47.4347434743474423 44.8168858373738601
47.4547454745474511 35.9752046450539851
47.4747474747474882 36.5060545290758256
47.4947494749474970 47.7925383808077413
47.5147514751475342 35.1132887070371922
47.5347534753475429 5.5470625990816096
47.5547554755475517 25.2835794995261125
47.5747574757475888 47.7127172529901529
47.5947594759475976 33.0736680280510456
47.6147614761476348 45.3859969922086890
47.6347634763476435 33.9738013849816340
47.6547654765476523 36.4620046566033054
47.6747674767476894 28.7047731169560656
47.6947694769476982 21.1373517180557116
47.7147714771477354 36.8185766013736782
47.7347734773477441 4.5785864816527635
47.7547754775477529 26.9067007007228582
47.7747774777477900 38.9641328634048563
47.7947794779477988 7.2224069246114837
47.8147814781478360 26.6253615809891144
47.8347834783478447 33.1766182314230207
47.8547854785478535 42.3037349600276258
47.8747874787478906 21.8282434041618920
47.8947894789478994 57.4432945321324127
47.9147914791479081 41.1735077656940334
47.9347934793479453 69.7288943941663319
47.9547954795479541 13.5232653007527688
47.9747974797479912 13.8362535168763543
47.9947994799480000 47.9214568058540209
48.0148014801480087 73.5607144863441818
48.0348034803480459 9.0056515552140795
48.0548054805480547 44.7184417489229560
48.0748074807480918 28.5783585552319401
48.0948094809481006 84.5290388271107815
48.1148114811481094 54.1507485136545341
48.1348134813481465 3.7581480989466165
48.1548154815481553 30.8066132756054003
48.1748174817481924 4.1179406128584368
48.1948194819482012 38.7612098515394621
48.2148214821482100 62.4554606260582830
48.2348234823482471 -1.7095071339783914
48.2548254825482559 44.1191052720783361
48.2748274827482931 12.2466899124491491
48.2948294829483018 29.6694254648106366
48.3148314831483106 8.0479524122740571
48.3348334833483477 14.0116943043171531
48.3548354835483565 -18.9128943137247916
48.3748374837483937 17.6736952676996140
48.3948394839484024 7.1567405919659706
48.4148414841484112 31.6626886797713816
48.4348434843484483 23.8600495493616869
48.4548454845484571 42.7897448780060898
48.4748474847484943 33.0715855413797684
48.4948494849485030 56.3207771253375142
48.5148514851485118 20.6052029059480972
48.5348534853485489 50.9534869069564422
48.5548554855485577 13.7356704446895215
48.5748574857485949 -35.3372418264371930
48.5948594859486036 46.0317076098524254
48.6148614861486124 71.9428784910176233
48.6348634863486495 19.1903879536938362
48.6548654865486583 85.1063513643372715
48.6748674867486955 25.0701836133664102
48.6948694869487042 21.3594712903110917
48.7148714871487130 5.0183059948471893
48.7348734873487501 70.3970692155102427
48.7548754875487589 45.4818840115621015
48.7748774877487961 40.7109737202417108
48.7948794879488048 15.2215478927185970
48.8148814881488136 24.1128468134378053
48.8348834883488507 48.7662265495159772
48.8548854885488595 0.8794702116706823
48.8748874887488682 27.2132023055694852
48.8948894889489054 41.1129150605289482
48.9148914891489142 26.3896703945725086
48.9348934893489513 40.5047192269456389
48.9548954895489601 49.8707933719696541
48.9748974897489688 10.8479054001835884
48.9948994899490060 2.7676702721595952
49.0149014901490148 4.9493505920000302
49.0349034903490519 52.8692537302187517
49.0549054905490607 5.6229347595996906
49.0749074907490694 -10.2032593397596827
49.0949094909491066 40.9578634660043761
49.1149114911491154 79.7109465476994501
49.1349134913491525 15.5483740424528882
49.1549154915491613 50.5299637795581091
49.1749174917491700 20.2624868044699440
49.1949194919492072 45.4028568580765750
49.2149214921492160 6.2309323473436748
49.2349234923492531 6.8049212390537477
49.2549254925492619 21.6368151203632451
49.2749274927492706 39.7625937928550854
49.2949294929493078 16.7542809438122404
49.3149314931493166 17.3328298820982241
49.3349334933493537 43.5518000539440138
49.3549354935493625 29.1372797126644336
49.3749374937493712 11.9006525920712782
49.3949394939494084 54.1501017926103501
49.4149414941494172 4.3380264445199650
49.4349434943494543 7.7136056415115988
49.4549454945494631 28.9752601728723178
49.4749474947494718 56.7505090952993001
49.4949494949495090 63.7974487829989272
49.5149514951495178 16.9183356515828081
49.5349534953495549 25.5067726885996358
49.5549554955495637 78.4377324418958750
49.5749574957495724 33.6213008824166835
49.5949594959496096 37.9977573269825015
49.6149614961496184 10.4553896336836871
49.6349634963496555 27.3473561288836571
49.6549654965496643 33.7993454712088948
49.6749674967496730 78.1998552342717090
49.6949694969497102 75.7973426483691668
49.7149714971497190 64.3629587109014523
49.7349734973497561 54.3041042057112975
49.7549754975497649 -14.0567565743169531
49.7749774977497736 48.7325486191483179
49.7949794979498108 15.6268966216405012
49.8149814981498196 26.7461022705787137
49.8349834983498283 17.5641749668523381
49.8549854985498655 27.5116007109621101
49.8749874987498742 25.6999695452801014
49.8949894989499114 17.6741006263749725
49.9149914991499202 46.5080843664140602
49.9349934993499289 23.8645616670190037
49.9549954995499661 36.3265888088884168
49.9749974997499748 67.0246991129106391
49.9949994999500120 28.6594211099131186
50.0150015001500208 26.3717849385344607
50.0350035003500295 48.9992839133241915
50.0550055005500667 71.4920703978151693
50.0750075007500755 55.3082872342440339
50.0950095009501126 8.9367575476048025
50.1150115011501214 -21.1643864477442527
50.1350135013501301 32.7670406781968424
50.1550155015501673 11.3830092103750324
50.1750175017501761 67.0317299091875185
50.1950195019502132 40.8174950666555816
50.2150215021502220 -4.5688978274100833
50.2350235023502307 11.9724369961283728
50.2550255025502679 32.0975367816364709
50.2750275027502767 3.2602782167748714
50.2950295029503138 10.0784608606506154
50.3150315031503226 14.0580713938265554
50.3350335033503313 44.4731073800304486
50.3550355035503685 39.9724728454385811
50.3750375037503773 17.1278880380772733
50.3950395039504144 36.6615348548663107
50.4150415041504232 61.1668497583216322
50.4350435043504319 33.8307860944714491
50.4550455045504691 29.4734311680377061
50.4750475047504779 -1.7592795041443630
50.4950495049505150 33.6346536364483555
50.5150515051505238 46.0696135619082625
50.5350535053505325 19.7756257028564875
50.5550555055505697 -9.9767249871264418
50.5750575057505785 10.3512561158737526
50.5950595059506156 25.6978025608970171
50.6150615061506244 -1.2322280934037302
50.6350635063506331 29.4699490071347476
50.6550655065506703 36.1704303848313913
50.6750675067506791 12.5532728604472368
50.6950695069507162 27.3992679398938108
50.7150715071507250 -7.0880922500928953
50.7350735073507337 46.7970175007403242
50.7550755075507709 19.3195834493389498
50.7750775077507797 64.3126946669224679
50.7950795079507884 40.4164899428304878
50.8150815081508256 44.5958349093588780
50.8350835083508343 49.2023832729268094
50.8550855085508715 31.6613983471924776
50.8750875087508803 18.4151332729804835
50.8950895089508890 77.1242375748299480
50.9150915091509262 6.2108619036680324
50.9350935093509349 32.6171473308779412
50.9550955095509721 29.2049539812148744
50.9750975097509809 23.5108040028083884
50.9950995099509896 32.0241654624914105
51.0151015101510268 63.3443177487751683
51.0351035103510355 25.7719597605283184
51.0551055105510727 53.8033578666879677
51.0751075107510815 5.7075476034250627
51.0951095109510902 95.8365637710045490
51.1151115111511274 41.0716467266838308
51.1351135113511361 60.3018603749166857
51.1551155115511733 24.5324446362766757
51.1751175117511821 0.5691069853349369
51.1951195119511908 9.5112938815256136
51.2151215121512280 31.0686532790431222
51.2351235123512367 65.3787801576394259
51.2551255125512739 32.1736755115022461
51.2751275127512827 38.3280637423142210
51.2951295129512914 9.8441471476308458
51.3151315131513286 0.6768867536946530
51.3351335133513373 30.8952395612991815
51.3551355135513745 18.6432479285361907
51.3751375137513833 21.4892262047199942
51.3951395139513920 40.5685541306360662
51.4151415141514292 16.7357556383154957
51.4351435143514379 16.2523337051831227
51.4551455145514751 43.1747743047249912
51.4751475147514839 8.0036754862747550
51.4951495149514926 53.9416220279815093
51.5151515151515298 40.2830054088391236
51.5351535153515385 82.5560016149631366
51.5551555155515757 22.3795918000685887
51.5751575157515845 26.3941785385590251
51.5951595159515932 -3.2065890599471807
51.6151615161516304 -9.1856863075515847
51.6351635163516391 40.1928987097896808
51.6551655165516763 30.7319802146270398
51.6751675167516851 -2.9051915021953079
51.6951695169516938 1.9032973543842822
51.7151715171517310 23.4206618079617996
51.7351735173517397 42.9274949528186340
51.7551755175517485 20.9255136392749606
51.7751775177517857 54.1002464389324800
51.7951795179517944 27.7533374270257269
51.8151815181518316 39.3003492783976682
51.8351835183518403 95.4390528976537240
51.8551855185518491 32.1668283383478339
51.8751875187518863 59.5073799211152803
51.8951895189518950 50.7756039634156977
51.9151915191519322 55.3293223596849160
51.9351935193519409 27.2196975477329275
51.9551955195519497 -5.6929071948119372
51.9751975197519869 37.4997368405352631
51.9951995199519956 -22.9832302561507937
52.0152015201520328 32.9564812705244563
52.0352035203520416 48.0299201359185020
52.0552055205520503 31.0245132156465822
52.0752075207520875 8.7570704238847838
52.0952095209520962 38.3804278268803500
52.1152115211521334 -4.7983103967484908
52.1352135213521422 92.7545513633818359
52.1552155215521509 59.9232869019361090
52.1752175217521881 48.4651205763795474
52.1952195219521968 -10.2327324497244341
52.2152215221522340 -6.1159280762733985
52.2352235223522428 31.2744228077148030
52.2552255225522515 50.6334708983997075
52.2752275227522887 5.4526787146529045
52.2952295229522974 33.4654312795625941
52.3152315231523346 17.1904598767906407
52.3352335233523434 60.5528901882011397
52.3552355235523521 60.3214145692959747
52.3752375237523893 9.6364460685517415
52.3952395239523980 16.1210094477031198
52.4152415241524352 16.4334846305864737
52.4352435243524440 23.5322056349289710
52.4552455245524527 60.5525481385204500
52.4752475247524899 42.9186265947449854
52.4952495249524986 -0.5328863939128077
52.5152515251525358 87.9541564646133764
52.5352535253525446 66.1460811525952579
52.5552555255525533 39.1469990054647425
52.5752575257525905 1.9006450431701793
52.5952595259525992 29.7718888089112994
52.6152615261526364 1.7463569469377269
52.6352635263526452 46.6829393371104260
52.6552655265526539 32.6309725092525511
52.6752675267526911 8.1754195896045658
52.6952695269526998 29.8383579027631143
52.7152715271527086 19.9041393952395538
52.7352735273527458 9.9201298768033013
52.7552755275527545 -13.6892385598356690
52.7752775277527917 14.1348445794351605
52.7952795279528004 0.0775414955653559
52.8152815281528092 -0.3272697811117062
52.8352835283528464 64.6227659725838066
52.8552855285528551 18.4517664626289957
52.8752875287528923 2.7497611515255045
52.8952895289529010 2.5711228984781265
52.9152915291529098 -14.9294843514314195
52.9352935293529470 64.8665691131024857
52.9552955295529557 13.9963404240337663
52.9752975297529929 32.9724427451926090
52.9952995299530016 63.0783216220943359
53.0153015301530104 10.8910219885042778
53.0353035303530476 20.7810019148942615
53.0553055305530563 7.9410347772923977
53.0753075307530935 -6.0786547342358190
53.0953095309531022 39.4095569456312944
53.1153115311531110 71.7074859537313216
53.1353135313531482 38.6956140168260134
53.1553155315531569 17.0210366388272263
53.1753175317531941 45.9986549742484669
53.1953195319532028 17.7348183408077702
53.2153215321532116 62.9054688719177975
53.2353235323532488 25.5819658856206615
53.2553255325532575 34.3352018918077135
53.2753275327532947 -2.3375967927544856
53.2953295329533034 5.1897943094109493
53.3153315331533122 29.1067817986102853
53.3353335333533494 31.5828288498588421
53.3553355335533581 14.2903977580662609
53.3753375337533953 40.2668549751087568
53.3953395339534040 15.9047594449796694
53.4153415341534128 13.5676695821748936
53.4353435343534500 48.0409226999209977
53.4553455345534587 -23.9408150789603944
53.4753475347534959 40.5615558052086413
53.4953495349535046 8.3990191832420038
53.5153515351535134 -1.9460288280233122
53.5353535353535506 42.4237130276194065
53.5553555355535593 35.1681573325958468
53.5753575357535965 15.1673211170601494
53.5953595359536052 64.2218811400829850
53.6153615361536140 22.6906229760787035
53.6353635363536512 55.0787432140060957
53.6553655365536599 35.3998435332646011
53.6753675367536971 10.4035036856475589
53.6953695369537058 47.3343743254022797
53.7153715371537146 39.7158461796195610
53.7353735373537518 51.1174053204484977
53.7553755375537605 -6.3113881679338597
53.7753775377537693 28.9969898073853116
53.7953795379538064 29.1915939737117967
53.8153815381538152 61.4597592917039108
53.8353835383538524 38.0735260501512656
53.8553855385538611 22.6429985341689282
53.8753875387538699 36.6244985507435246
53.8953895389539070 21.9264129046839571
53.9153915391539158 24.0791189084907806
53.9353935393539530 57.8054899429408522
53.9553955395539617 42.4706523749776110
53.9753975397539705 2.7171757015312927
53.9953995399540077 26.8629881329631424
54.0154015401540164 -20.1894567814675199
54.0354035403540536 29.9406388885206916
54.0554055405540623 26.3393715850826169
54.0754075407540711 35.2541071151884395
54.0954095409541083 16.5171285924050437
54.1154115411541170 12.4769429852950982
54.1354135413541542 9.8670871845873247
54.1554155415541629 43.7510324651548643
54.1754175417541717 72.5265643119045933
54.1954195419542089 15.2458152348881200
54.2154215421542176 10.0835059251186863
54.2354235423542548 8.9739677233442983
54.2554255425542635 42.0872398770633751
54.2754275427542723 -60.7030821180989335
54.2954295429543095 25.2642804205265961
54.3154315431543182 52.7939970805265943
54.3354335433543554 55.2047432897246253
54.3554355435543641 11.2087670000636805
54.3754375437543729 -3.4766148477357319
54.3954395439544101 1.1075247511938713
54.4154415441544188 33.1670375340746446
54.4354435443544560 24.3380790850900617
54.4554455445544647 -21.2219251029266651
54.4754475447544735 2.5477315636623032
54.4954495449545107 14.0783770836203370
54.5154515451545194 5.5357749970082857
54.5354535453545566 41.8424988784506411
54.5554555455545653 36.7639213027135412
54.5754575457545741 33.7062387926076354
54.5954595459546113 -0.0120883777668261
54.6154615461546200 26.6983919763351523
54.6354635463546572 25.5858399880271214
54.6554655465546659 33.7598065527891862
54.6754675467546747 -24.1765807113047124
54.6954695469547119 20.3815718435750668
54.7154715471547206 -20.5382879921245838
54.7354735473547294 43.5758101821830408
54.7554755475547665 37.1291681740328343
54.7754775477547753 20.8578525452365326
54.7954795479548125 65.2939729741089252
54.8154815481548212 -14.8051305426172419
54.8354835483548300 52.2262282931185027
54.8554855485548671 60.1396128050520957
54.8754875487548759 -20.3555625056684413
54.8954895489549131 33.3754390997130201
54.9154915491549218 31.8993330604019079
54.9354935493549306 50.4904364622569375
54.9554955495549677 33.2574804000870756
54.9754975497549765 25.5071912345954956
54.9954995499550137 36.7148523279757981
55.0155015501550224 56.3846683573593808
55.0355035503550312 59.8995098297625077
55.0555055505550683 59.8300854226970529
55.0755075507550771 0.1678934782123704
55.0955095509551143 21.0426573341978056
55.1155115511551230 55.9597580877081953
55.1355135513551318 -5.7250163606093274
55.1555155515551689 27.6809047554734704
55.1755175517551777 26.7348703912314640
55.1955195519552149 32.2118527587906769
55.2155215521552236 -9.2092442717402641
55.2355235523552324 50.3675244691139454
55.2555255525552695 22.1175008607993178
55.2755275527552783 -47.2039871624445340
55.2955295529553155 12.3979363884112690
55.3155315531553242 15.4701370208529951
55.3355335533553330 -5.1543563238661640
55.3555355535553701 -31.8016269364273647
55.3755375537553789 57.5681794234833575
55.3955395539554161 16.4211020882067373
55.4155415541554248 40.2206036726470870
55.4355435543554336 -4.5200141022566847
55.4555455545554707 37.3674504087338732
55.4755475547554795 58.4743449661998511
55.4955495549555167 4.6924264027582030
55.5155515551555254 39.9327707732080484
55.5355535553555342 14.2567445283319234
55.5555555555555713 23.1260817811310417
55.5755575557555801 4.2450267171122658
55.5955595559556173 -27.4355537464541079
55.6155615561556260 25.7398103743687656
55.6355635563556348 22.1005758345211625
55.6555655565556719 40.5812095582966350
55.6755675567556807 16.1465424662744041
55.6955695569556894 48.1983226124393838
55.7155715571557266 33.8631307393374428
55.7355735573557354 -5.5878038480029311
55.7555755575557725 21.4123932012662088
55.7755775577557813 -8.3715432481814744
55.7955795579557901 21.7241965343446495
55.8155815581558272 53.6637268089511110
55.8355835583558360 15.5230420108079059
55.8555855585558731 19.0268467620930899
55.8755875587558819 -15.2711898329621825
55.8955895589558907 30.8448499839463466
55.9155915591559278 18.7777915844443406
55.9355935593559366 30.4396289110316545
55.9555955595559738 27.9172037787949350
55.9755975597559825 -2.0507235695287882
55.9955995599559913 21.5314593452505463
56.0156015601560284 23.3610258344408237
56.0356035603560372 26.6806881470955837
56.0556055605560744 27.8476997748223098
56.0756075607560831 -3.4333479195649552
56.0956095609560919 23.1545471066666693
56.1156115611561290 34.6389552272401247
56.1356135613561378 53.2719563806797680
56.1556155615561750 44.6732202586935188
56.1756175617561837 -2.0336909991525260
56.1956195619561925 24.7329075848282294
56.2156215621562296 63.4100851320118295
56.2356235623562384 -1.0545230603358284
56.2556255625562756 46.0555336624952645
56.2756275627562843 17.8415989645260140
56.2956295629562931 49.0243668256979390
56.3156315631563302 14.4879615467751570
56.3356335633563390 57.7057759271970525
56.3556355635563762 12.9090246724514763
56.3756375637563849 14.0303446007000225
56.3956395639563937 26.2799916523116863
56.4156415641564308 12.1413418292927293
56.4356435643564396 -0.2887264992596457
56.4556455645564768 11.7253493592099929
56.4756475647564855 29.7292939540718670
56.4956495649564943 31.8472586668065532
56.5156515651565314 14.6833382589949331
56.5356535653565402 35.5524926814685074
56.5556555655565774 2.6300977678320798
56.5756575657565861 21.6327960001576791
56.5956595659565949 14.2571862648571983
56.6156615661566320 39.3892404116048667
56.6356635663566408 -11.4213775769903556
56.6556655665566495 52.4246314090584349
56.6756675667566867 6.2444954487208193
56.6956695669566955 24.9871574507805789
56.7156715671567326 28.2912227106544165
56.7356735673567414 -10.3740490531267291
56.7556755675567501 27.7168264886701579
56.7756775677567873 54.3423061013435387
56.7956795679567961 31.7810350650502969
56.8156815681568332 51.7060428928644029
56.8356835683568420 1.5120571013506066
56.8556855685568507 34.1315950621153874
56.8756875687568879 31.0894929777044311
56.8956895689568967 34.1714838627123640
56.9156915691569338 22.2597827088192162
56.9356935693569426 33.4118156105763902
56.9556955695569513 8.1311943010623171
56.9756975697569885 20.0293777865436340
56.9956995699569973 35.6862879350561784
57.0157015701570344 43.4184535540768337
57.0357035703570432 1.9698070609990967
57.0557055705570519 56.8409551463259959
57.0757075707570891 -8.1461511484277871
57.0957095709570979 23.9659700019605033
57.1157115711571350 27.5237776105309457
57.1357135713571438 10.3547738203844659
57.1557155715571525 5.0599526498259060
57.1757175717571897 -12.9785240997510662
57.1957195719571985 24.5923848163476464
57.2157215721572356 5.5317606543038060
57.2357235723572444 16.4897436069751855
57.2557255725572531 36.6133054615201274
57.2757275727572903 54.2990213420642931
57.2957295729572991 -16.1978084886797795
57.3157315731573362 52.4576778642674384
57.3357335733573450 38.3709199159803802
57.3557355735573537 16.5567794507347088
57.3757375737573909 -21.5603811031192478
57.3957395739573997 -9.7233246663930757
57.4157415741574368 19.7508648951756562
57.4357435743574456 15.6091179366768031
57.4557455745574543 23.7980896177422032
57.4757475747574915 32.4672948188796866
57.4957495749575003 3.8706477713041600
57.5157515751575374 35.1123544414014077
57.5357535753575462 15.3290233688073982
57.5557555755575549 -14.2108530378881852
57.5757575757575921 -38.0101683066583078
57.5957595759576009 19.9482790063682529
57.6157615761576096 34.7657132056336309
57.6357635763576468 3.7232737812672010
57.6557655765576555 -16.7280700994785221
57.6757675767576927 15.0286263097228741
57.6957695769577015 17.8385167840371111
57.7157715771577102 22.2115363795501928
57.7357735773577474 20.7422222330538126
57.7557755775577562 7.0123826241474188
57.7757775777577933 1.4021253733634893
57.7957795779578021 49.0077420060797166
57.8157815781578108 25.1639912454758914
57.8357835783578480 0.9464685888357049
57.8557855785578568 -24.6392207939362571
57.8757875787578939 -23.5393682942981357
57.8957895789579027 -14.8270179545204357
57.9157915791579114 31.6725580358702885
57.9357935793579486 25.5309287270033209
57.9557955795579574 13.5136024704622475
57.9757975797579945 38.6721187627222562
57.9957995799580033 6.3495741111253388
58.0158015801580120 42.6333662891179443
58.0358035803580492 5.3852774948949591
58.0558055805580580 36.7006767584338007
58.0758075807580951 16.8830540710610819
58.0958095809581039 44.2136993867158594
58.1158115811581126 -4.1956979036464936
58.1358135813581498 -8.1540133506032717
58.1558155815581586 -2.1591805665491695
58.1758175817581957 -2.4258121685336409
58.1958195819582045 -1.4432902015855458
58.2158215821582132 10.1308282177661440
58.2358235823582504 -4.5398926669582025
58.2558255825582592 81.8283171396465718
58.2758275827582963 30.0692908108264376
58.2958295829583051 27.3557561221776098
58.3158315831583138 24.0622543195989849
58.3358335833583510 44.7117897078950435
58.3558355835583598 29.6074224917475917
58.3758375837583969 10.3534052702741253
58.3958395839584057 -2.2544153930848552
58.4158415841584144 26.0614342386765543
58.4358435843584516 56.8926793421325883
58.4558455845584604 10.1926135102328583
58.4758475847584975 -1.7538708100819829
58.4958495849585063 35.2303712629752539
58.5158515851585150 -29.1101147972662808
58.5358535853585522 21.7691747952530719
58.5558555855585610 28.1005206146158919
58.5758575857585697 32.2929354113382487
58.5958595859586069 19.8484264158874097
58.6158615861586156 -2.3065023451826896
58.6358635863586528 -12.4798423528927955
58.6558655865586616 19.6625618145160743
58.6758675867586703 35.8986847687981268
58.6958695869587075 11.9527102083851950
58.7158715871587162 36.9141587744094579
58.7358735873587534 24.9247574490462966
58.7558755875587622 15.8485853400002359
58.7758775877587709 69.5100953788173399
58.7958795879588081 7.4868642275478754
58.8158815881588168 -14.2908694352653107
58.8358835883588540 32.7623350741861401
58.8558855885588628 22.2743741407383915
58.8758875887588715 43.0967687871922251
58.8958895889589087 7.7877040731161911
58.9158915891589174 -23.5912123041371906
58.9358935893589546 -9.2668247470615945
58.9558955895589634 28.2188420730115865
58.9758975897589721 1.2290542712074597
58.9958995899590093 37.8983120704630991
59.0159015901590180 -2.0338378154138788
59.0359035903590552 -19.8342867004928820
59.0559055905590640 6.6310080679706909
59.0759075907590727 -22.0752699054450687
59.0959095909591099 -10.0875862931147182
59.1159115911591186 3.8087263248984229
59.1359135913591558 23.6667667824100789
59.1559155915591646 18.5590794043877487
59.1759175917591733 14.1353227165568605
59.1959195919592105 50.4594508003881117
59.2159215921592192 8.9523972264374780
59.2359235923592564 9.0305905210319928
59.2559255925592652 28.6106953518309197
59.2759275927592739 -14.9427400960242167
59.2959295929593111 9.6941820655727078
59.3159315931593198 11.5833095418608103
59.3359335933593570 24.8591173792670119
59.3559355935593658 50.5146744022644754
59.3759375937593745 52.4553005078557106
59.3959395939594117 11.9538545843741293
59.4159415941594204 20.3692370919575723
59.4359435943594576 -16.6952063696177859
59.4559455945594664 -43.1118730423954020
59.4759475947594751 -11.6118038830277008
59.4959495949595123 40.1788049372491614
59.5159515951595210 -3.3474713803655760
59.5359535953595298 -10.5203868577162361
59.5559555955595670 -9.3988603035666571
59.5759575957595757 -12.0164010972283073
59.5959595959596129 42.8350725809930282
59.6159615961596216 6.8651323051399906
59.6359635963596304 -7.9800860605341946
59.6559655965596676 23.6240780343846595
59.6759675967596763 4.4345369579562908
59.6959695969597135 -3.0798875459946817
59.7159715971597223 15.9644139330073873
59.7359735973597310 -3.9328971816841172
59.7559755975597682 17.7796084081686523
59.7759775977597769 35.2837043254245515
59.7959795979598141 24.0809876331507695
59.8159815981598229 30.3103455482055608
59.8359835983598316 -35.5030993427039334
59.8559855985598688 3.5883318831129927
59.8759875987598775 39.3193266710886178
59.8959895989599147 -5.1036717894053076
59.9159915991599235 22.3328008435473819
59.9359935993599322 51.9179083457858823
59.9559955995599694 69.4438044930736140
59.9759975997599781 -1.8027077480226055
59.9959995999600153 35.4055645865030968
60.0160016001600241 -15.5862872348614321
60.0360036003600328 28.8149805748609396
60.0560056005600700 5.6652400575271677
60.0760076007600787 31.3073019297939155
60.0960096009601159 52.6130511443760298
60.1160116011601247 7.0228415915480804
60.1360136013601334 -12.7863266805310261
60.1560156015601706 26.6417852400196828
60.1760176017601793 14.1316525915204991
60.1960196019602165 -10.7929568156439952
60.2160216021602253 29.9934652112452582
60.2360236023602340 15.4104664485119400
60.2560256025602712 -3.0808583215435288
60.2760276027602799 -16.3392030223232467
60.2960296029603171 44.9708027271626136
60.3160316031603259 8.4429622462545346
60.3360336033603346 9.1100791839259347
60.3560356035603718 -30.3854074914569807
60.3760376037603805 0.5267566426099606
60.3960396039604177 17.6086631297572040
60.4160416041604265 26.4191671878325529
60.4360436043604352 -21.3553301388254368
60.4560456045604724 19.9114542162355832
60.4760476047604811 -13.1059838339706349
60.4960496049604899 32.3716024492201910
60.5160516051605271 4.9322156983667620
60.5360536053605358 39.3130807225389560
60.5560556055605730 21.5400360478069040
60.5760576057605817 18.2001551984716166
60.5960596059605905 -0.2191966070788158
60.6160616061606277 32.4642934483585961
60.6360636063606364 47.5798453092237281
60.6560656065606736 -15.5738790994327250
60.6760676067606823 -1.0005173990003371
60.6960696069606911 8.1310535222592115
60.7160716071607283 34.9219546854051828
60.7360736073607370 -15.6337744391071158
60.7560756075607742 -11.5608002986503582
60.7760776077607829 15.1288631397139532
60.7960796079607917 25.7078884422066949
60.8160816081608289 3.0305555384581053
60.8360836083608376 34.2256147345909483
60.8560856085608748 43.4236401999702366
60.8760876087608835 43.2171180977289922
60.8960896089608923 -0.0677030614929937
60.9160916091609295 13.7218247413697352
60.9360936093609382 -8.1926288111150125
60.9560956095609754 69.5389915834475403
60.9760976097609841 -28.0457835605074024
60.9960996099609929 45.3883024776076667
61.0161016101610301 2.3322508958480217
61.0361036103610388 9.0476560939931421
61.0561056105610760 -36.1956579812038584
61.0761076107610847 20.7212229644521209
61.0961096109610935 45.4467692621505677
61.1161116111611307 6.0330383157414804
61.1361136113611394 3.4541907558468345
61.1561156115611766 20.6028398557219674
61.1761176117611853 43.6933085750627015
61.1961196119611941 -11.4798776617947933
61.2161216121612313 9.8107229757969936
61.2361236123612400 -14.8651065341958244
61.2561256125612772 -9.1946156497412996
61.2761276127612859 -5.9141676907491245
61.2961296129612947 48.1925990317990909
61.3161316131613319 3.9985230439864603
61.3361336133613406 -13.5531842700722223
61.3561356135613778 12.9134077067401041
61.3761376137613865 -25.9003825375555863
61.3961396139613953 20.3105980775705923
61.4161416141614325 -31.0478258399869524
61.4361436143614412 -7.9772983088305667
61.4561456145614500 -36.0783372735785335
61.4761476147614871 -5.5795499905965240
61.4961496149614959 34.1703354465505598
61.5161516151615331 6.1992905766191928
61.5361536153615418 -38.0423951887769505
61.5561556155615506 -38.6788432693453714
61.5761576157615877 27.3180391779538532
61.5961596159615965 8.4254620647233907
61.6161616161616337 2.9663920663981056
61.6361636163616424 53.8044967999221413
61.6561656165616512 -10.6783419030968361
61.6761676167616884 -29.6168641568530617
61.6961696169616971 17.7933021406617087
61.7161716171617343 6.8536556924534207
61.7361736173617430 23.3483827025490882
61.7561756175617518 93.0572527045596019
61.7761776177617890 20.2259755504950860
61.7961796179617977 -28.0112440457361949
61.8161816181618349 15.0247164225185230
61.8361836183618436 4.9754367043284518
61.8561856185618524 -1.0875551399469092
61.8761876187618896 42.7228804236708584
61.8961896189618983 15.4879791838799150
61.9161916191619355 22.5932813215159882
61.9361936193619442 -1.1652769835292469
61.9561956195619530 17.1767006643276545
61.9761976197619902 24.7194937395350216
61.9961996199619989 23.7224955444722312
62.0162016201620361 11.8342087265750955
62.0362036203620448 -39.2446591156375320
62.0562056205620536 -20.9223961110630086
62.0762076207620908 3.7257583479436245
62.0962096209620995 23.2237777076014176
62.1162116211621367 11.8545639974239343
62.1362136213621454 2.3226147277593778
62.1562156215621542 29.3824140710632697
62.1762176217621914 34.0046415407086471
62.1962196219622001 -6.5529897067231087
62.2162216221622373 -50.6569382450614114
62.2362236223622460 -4.4741703527705141
62.2562256225622548 16.5480557739703293
62.2762276227622920 -2.1659048934676850
62.2962296229623007 -23.0419921086649495
62.3162316231623379 1.9669451029245790
62.3362336233623466 -9.0632709925524626
62.3562356235623554 16.9337885086077478
62.3762376237623926 14.8291356061894106
62.3962396239624013 -45.4553328008577253
62.4162416241624101 26.7437495795006051
62.4362436243624472 -14.5552237660357555
62.4562456245624560 35.3634515733097174
62.4762476247624932 3.4638573676365580
62.4962496249625019 23.4244514399141259
62.5162516251625107 -15.5033801730204743
62.5362536253625478 -41.3697492114482728
62.5562556255625566 31.0084896145308946
62.5762576257625938 51.8827921461873132
62.5962596259626025 -13.1152674973714216
62.6162616261626113 -3.7772902532698245
62.6362636263626484 16.2315230774423185
62.6562656265626572 -26.6252308217006970
62.6762676267626944 27.3186428846969918
62.6962696269627031 -20.2463692531672308
62.7162716271627119 14.0875482822986520
62.7362736273627490 -14.1123222372311758
62.7562756275627578 -15.2268760416062392
62.7762776277627950 -10.7224539143555759
62.7962796279628037 -7.3916616983808785
62.8162816281628125 -24.7382844230028347
62.8362836283628496 -29.9920079633088577
62.8562856285628584 11.1758578250536562
62.8762876287628956 49.1456903337211628
62.8962896289629043 40.2689375735686568
62.9162916291629131 -38.2545228985173651
62.9362936293629502 15.5579451460246077
62.9562956295629590 15.5683571990933398
62.9762976297629962 45.4563529507084070
62.9962996299630049 16.3059308028820418
63.0163016301630137 -31.9338764706481513
63.0363036303630508 21.4917354379854544
63.0563056305630596 5.8244013757315898
63.0763076307630968 -13.3118041797628344
63.0963096309631055 15.3242132406330924
63.1163116311631143 -24.9032180225330464
63.1363136313631514 18.9668545012785330
63.1563156315631602 26.1993929649358819
63.1763176317631974 2.4137674516284986
63.1963196319632061 3.8554919936703200
63.2163216321632149 -24.6338330272949761
63.2363236323632520 7.5182288713664613
63.2563256325632608 29.8046839640642460
63.2763276327632980 36.9543788456038982
63.2963296329633067 -33.5172884802205289
63.3163316331633155 26.3210759725001608
63.3363336333633526 7.0410550230503421
63.3563356335633614 -34.9720046164331748
63.3763376337633701 15.0993476628813603
63.3963396339634073 7.1611549670501287
63.4163416341634161 3.8126961050527020
63.4363436343634532 29.8563942092668562
63.4563456345634620 -29.1909485599148084
63.4763476347634708 17.3123246488544353
63.4963496349635079 2.3260113624938414
63.5163516351635167 -12.3080442495039399
63.5363536353635538 -81.8798580937617544
63.5563556355635626 25.4552688900919186
63.5763576357635714 -5.5821887278460025
63.5963596359636085 8.6247494800823965
63.6163616361636173 10.2275596607550625
63.6363636363636545 -11.7152041611598214
63.6563656365636632 0.2180979897507296
63.6763676367636720 -21.3737438176306114
63.6963696369637091 9.9434354500507851
63.7163716371637179 9.8685187785269939
63.7363736373637551 -8.0137420669597574
63.7563756375637638 -14.6724166700387428
63.7763776377637726 -8.6041194071820950
63.7963796379638097 32.9364418840300601
63.8163816381638185 -14.1188442237648211
63.8363836383638557 4.7740988733634335
63.8563856385638644 11.1316003298364024
63.8763876387638732 -34.5868287320495114
63.8963896389639103 7.1305129742249163
63.9163916391639191 15.3796444994670711
63.9363936393639563 26.8116903510393740
63.9563956395639650 -40.8465750561752756
63.9763976397639738 29.5976815323561162
63.9963996399640109 22.0955632703094160
64.0164016401640197 18.7627698343503120
64.0364036403640569 37.6102307378492497
64.0564056405640656 4.4028103175709479
64.0764076407640744 -9.4666956822331727
64.0964096409641115 41.9236454149203723
64.1164116411641203 12.3954915549641775
64.1364136413641575 -10.6073092389051187
64.1564156415641662 42.1045096095981179
64.1764176417641750 -48.2531368062295201
64.1964196419642121 9.4184410980320123
64.2164216421642209 34.7818219351675921
64.2364236423642581 -20.7294348813812235
64.2564256425642668 -2.7640220909731310
64.2764276427642756 -7.4684502362369951
64.2964296429643127 41.2233778474914558
64.3164316431643215 30.0281109402399160
64.3364336433643587 -25.5978949948429992
64.3564356435643674 -36.6844806910430066
64.3764376437643762 -13.8650417526478922
64.3964396439644133 -4.4397664553674430
64.4164416441644221 3.4167250408598937
64.4364436443644308 -21.3902439753332487
64.4564456445644680 5.8302357236758162
64.4764476447644768 -10.2488165823538804
64.4964496449645139 5.0434921845670839
64.5164516451645227 -30.4173979872285010
64.5364536453645314 26.0014915183735305
64.5564556455645686 14.9577115826511307
64.5764576457645774 -12.1743281175935056
64.5964596459646145 -18.0808803675416172
64.6164616461646233 14.4682146198913912
64.6364636463646320 -13.5214736848987798
64.6564656465646692 -1.6984431319942228
64.6764676467646780 0.5748796944873773
64.6964696469647151 -15.6767445665288019
64.7164716471647239 35.9282444470236157
64.7364736473647326 -30.2496585852979045
64.7564756475647698 -6.0805034299699772
64.7764776477647786 14.3379470036863896
64.7964796479648157 44.7071015340028666
64.8164816481648245 -36.3583282657144338
64.8364836483648332 4.9997611174485082
64.8564856485648704 -18.8442901844929480
64.8764876487648792 -15.5081817505088573
64.8964896489649163 -0.2124305936072179
64.9164916491649251 -39.2011214364446303
64.9364936493649338 -5.9784922948736972
64.9564956495649710 -18.3440001525802927
64.9764976497649798 -49.7943813779045144
64.9964996499650169 10.8557977640401209
65.0165016501650257 -12.8565898868549198
65.0365036503650344 -16.5259572991245456
65.0565056505650716 6.1858268912430869
65.0765076507650804 11.3775260132500868
65.0965096509651175 -26.1557859620794062
65.1165116511651263 18.8285765337329600
65.1365136513651350 23.7919172541923132
65.1565156515651722 -42.1692934614759096
65.1765176517651810 -28.1232394761761881
65.1965196519652181 -21.3018884042797012
65.2165216521652269 -10.4270817273236691
65.2365236523652356 2.7915136755217733
65.2565256525652728 2.7381777382585284
65.2765276527652816 12.3417872683204166
65.2965296529653187 -1.4931913647580697
65.3165316531653275 -36.7787481936819844
65.3365336533653362 0.4547342689906221
65.3565356535653734 -7.0216288159720586
65.3765376537653822 -41.8206064715790546
65.3965396539653909 12.4158949333350215
65.4165416541654281 -8.3835985219425808
65.4365436543654369 -28.7524292500878573
65.4565456545654740 -22.7172665070870892
65.4765476547654828 -19.0970654333777574
65.4965496549654915 21.3342328646199064
65.5165516551655287 -44.6810311626800498
65.5365536553655375 4.3192846328734458
65.5565556555655746 -1.4612755672521078
65.5765576557655834 30.4332878604702017
65.5965596559655921 -41.2273878568716370
65.6165616561656293 28.4065199372502839
65.6365636563656381 -29.9531896745037862
65.6565656565656752 -33.2046792308761098
65.6765676567656840 -45.5284894357214114
65.6965696569656927 24.6089592369388619
65.7165716571657299 -74.3227176956599180
65.7365736573657387 -1.5316520605546058
65.7565756575657758 13.8071370707543437
65.7765776577657846 -8.4300322276993196
65.7965796579657933 -4.5265292148494929
65.8165816581658305 -6.1413691175854250
65.8365836583658393 -6.3245348841280027
65.8565856585658764 -11.9833768834642900
65.8765876587658852 -10.4500188376550796
65.8965896589658939 56.1820850188503371
65.9165916591659311 1.5419321376572395
65.9365936593659399 -53.6482978449300560
65.9565956595659770 7.6807681156824197
65.9765976597659858 9.1957261435771027
65.9965996599659945 11.5457966312811351
66.0166016601660317 4.4777587341683773
66.0366036603660405 52.8365843906008408
66.0566056605660776 -28.0665601789851245
66.0766076607660864 63.8526603184769073
66.0966096609660951 -9.5779037639905500
66.1166116611661323 -57.8752590732253935
66.1366136613661411 8.0726060049909627
66.1566156615661782 -34.8794733721572072
66.1766176617661870 51.0127860599185752
66.1966196619661957 -10.7926878362100780
66.2166216621662329 -12.2601894857824263
66.2366236623662417 -64.5006849578067119
66.2566256625662788 56.1981896923048154
66.2766276627662876 19.5860711051649474
66.2966296629662963 8.0564648163823964
66.3166316631663335 -8.2446225171447303
66.3366336633663423 -23.5917095260054381
66.3566356635663510 28.5289063448149136
66.3766376637663882 -15.6782322081403755
66.3966396639663969 -39.4502435459116683
66.4166416641664341 16.6810216967365861
66.4366436643664429 56.8620820385260828
66.4566456645664516 11.7881168882341463
66.4766476647664888 14.4861262560708202
66.4966496649664975 -25.2531546610575219
66.5166516651665347 -3.7839964613117019
66.5366536653665435 -11.0797937097723551
66.5566556655665522 -27.5651598667116460
66.5766576657665894 4.2045303280045019
66.5966596659665981 32.6183252704267019
66.6166616661666353 67.0938535245963266
66.6366636663666441 -45.3068219277888034
66.6566656665666528 15.5340491317417069
66.6766676667666900 -17.7749675565057039
66.6966696669666987 -53.8691358309808237
66.7166716671667359 -37.3258856441753863
66.7366736673667447 -10.2450055653241154
66.7566756675667534 -53.8733026712676732
66.7766776677667906 10.6753368164109865
66.7966796679667993 -7.6115541673793148
66.8166816681668365 -38.3252557753326855
66.8366836683668453 53.6528387377916971
66.8566856685668540 14.4641256430867369
66.8766876687668912 -5.4995865079158106
66.8966896689668999 21.7009518910156061
66.9166916691669371 -43.0656317236536665
66.9366936693669459 4.6517856500162953
66.9566956695669546 34.2258244774144202
66.9766976697669918 -16.8942660043203645
66.9966996699670005 -42.3214526366761916
67.0167016701670377 -36.5652372949912916
67.0367036703670465 -21.3772442608361715
67.0567056705670552 5.0566849746530664
67.0767076707670924 24.9339349568590549
67.0967096709671011 -14.3550325347903307
67.1167116711671383 14.6234748185718519
67.1367136713671471 7.6581372829710244
67.1567156715671558 8.5825447086191815
67.1767176717671930 -6.7823905698917590
67.1967196719672017 19.0187389981864072
67.2167216721672389 27.5408094905654721
67.2367236723672477 36.8967674738972278
67.2567256725672564 -7.5751838469899786
67.2767276727672936 -1.6228009982921865
67.2967296729673023 17.2655362491307187
67.3167316731673111 -20.6724083535883523
67.3367336733673483 35.4036623509158375
67.3567356735673570 20.7539673710188666
67.3767376737673942 -21.0564275992503767
67.3967396739674030 -18.1204863345851948
67.4167416741674117 10.5984983971385187
67.4367436743674489 21.8104926213872332
67.4567456745674576 8.8898112744263145
67.4767476747674948 17.7185252765819712
67.4967496749675036 7.7043172743153976
67.5167516751675123 -41.2892346263231644
67.5367536753675495 -3.0199952298379475
67.5567556755675582 -0.8074284016682189
67.5767576757675954 58.8103112865360700
67.5967596759676042 -35.3754603081880106
67.6167616761676129 18.7840891795670011
67.6367636763676501 -28.1464703230113891
67.6567656765676588 -48.8494380452653374
67.6767676767676960 -49.2237912057810263
67.6967696769677048 -19.2886575582536999
67.7167716771677135 1.6087391099314821
67.7367736773677507 27.8711282560710529
67.7567756775677594 -42.7093015647769931
67.7767776777677966 9.0303645578036118
67.7967796779678054 5.2678440412602106
67.8167816781678141 -19.4669418721302030
67.8367836783678513 1.0614491675673876
67.8567856785678600 -9.3539430177710390
67.8767876787678972 -4.6061367818403580
67.8967896789679060 3.5486228483389302
67.9167916791679147 -20.8268092282162733
67.9367936793679519 -7.9872796626913152
67.9567956795679606 -6.5100988038338414
67.9767976797679978 -18.0299842539650506
67.9967996799680066 -21.4667433321197727
68.0168016801680153 -36.2613043256079806
68.0368036803680525 -20.8414928934487449
68.0568056805680612 -4.8501314763204801
68.0768076807680984 10.7515506621765979
68.0968096809681072 11.2050018411746883
68.1168116811681159 -6.7624926781501751
68.1368136813681531 -14.0878854959042723
68.1568156815681618 -31.0291025833703600
68.1768176817681990 -17.6777855981709493
68.1968196819682078 -15.8083378226137583
68.2168216821682165 -14.5775615349379528
68.2368236823682537 -88.1864431300512308
68.2568256825682624 -28.3243964628071119
68.2768276827682712 21.5925453316437377
68.2968296829683084 -14.9334570382063347
68.3168316831683171 -8.1383579124987762
68.3368336833683543 -23.6628578962098821
68.3568356835683630 -13.2977860638305714
68.3768376837683718 -6.9650739098180248
68.3968396839684090 9.3335565990793370
68.4168416841684177 -20.0380343855585039
68.4368436843684549 11.3221752742761481
68.4568456845684636 10.4484369766174297
68.4768476847684724 -23.4708167477730498
68.4968496849685096 -31.4182457558079804
68.5168516851685183 -3.4385697897296974
68.5368536853685555 21.5788015160691131
68.5568556855685642 14.6975508086416422
68.5768576857685730 35.4027179741720701
68.5968596859686102 36.6321049981447260
68.6168616861686189 -17.8318607731824557
68.6368636863686561 1.8973107555848081
68.6568656865686648 54.4363232516700748
68.6768676867686736 -1.9965528230896443
68.6968696869687108 -20.3144094198885412
68.7168716871687195 -25.7101486919058004
68.7368736873687567 9.0064413719895811
68.7568756875687654 -4.9302879176992525
68.7768776877687742 -43.0399660457309281
68.7968796879688114 -37.7283315031190583
68.8168816881688201 -2.2482015826084565
68.8368836883688573 -21.8883370224568949
68.8568856885688660 -42.5674416723100890
68.8768876887688748 52.2213668860302889
68.8968896889689120 -27.0498325452290800
68.9168916891689207 58.9600031685215598
68.9368936893689579 -33.4811957640639122
68.9568956895689666 6.7866325057477743
68.9768976897689754 -33.8852741751703093
68.9968996899690126 -9.6049505494381826
69.0169016901690213 29.8113410179003004
69.0369036903690585 9.0979879036005507
69.0569056905690672 -18.7910363782158107
69.0769076907690760 10.9732032241250437
69.0969096909691132 20.5270364840208721
69.1169116911691219 -38.6103497768657249
69.1369136913691591 20.5776364642527696
69.1569156915691678 -9.9675998623202293
69.1769176917691766 -3.4592887409927293
69.1969196919692138 -27.8840883246370694
69.2169216921692225 -15.5460376262449351
69.2369236923692313 14.0817824513282854
69.2569256925692684 -18.9154745510756399
69.2769276927692772 35.9126896949378889
69.2969296929693144 -37.0614293381025917
69.3169316931693231 7.2692127946888858
69.3369336933693319 -31.2895813855625242
69.3569356935693691 -21.0966157497600300
69.3769376937693778 27.5170186561605128
69.3969396939694150 17.2333087632400144
69.4169416941694237 -36.3968286791837272
69.4369436943694325 27.3366258469950765
69.4569456945694697 -26.1434168556069437
69.4769476947694784 -3.1036451126932385
69.4969496949695156 1.3044882746146893
69.5169516951695243 -0.3547528622365608
69.5369536953695331 37.9924979949650563
69.5569556955695703 8.4712950591138352
69.5769576957695790 0.0610376357868008
69.5969596959696162 -34.0597996074662390
69.6169616961696249 -22.3766064107492291
69.6369636963696337 27.1537412432363752
69.6569656965696709 -19.4193912834682365
69.6769676967696796 -21.2100563510243987
69.6969696969697168 1.7130025640701509
69.7169716971697255 -26.3922163311480418
69.7369736973697343 12.8706429538770006
69.7569756975697715 -17.3166573444594540
69.7769776977697802 9.6109511981724864
69.7969796979698174 -7.7688989745449710
69.8169816981698261 -8.1313490273632212
69.8369836983698349 8.4943198203189887
69.8569856985698721 -38.9075261311515206
69.8769876987698808 13.5737651268674888
69.8969896989699180 -8.1980791446509489
69.9169916991699267 17.8343595438158538
69.9369936993699355 -20.2952354512997282
69.9569956995699727 -28.2542267446767035
69.9769976997699814 -40.5447521565321409
69.9969996999700186 -37.6796936396413784
70.0170017001700273 -23.3539512907591416
70.0370037003700361 19.4650632089600180
70.0570057005700733 19.4024001776543251
70.0770077007700820 17.7247272781229199
70.0970097009701192 -10.7078312749457716
70.1170117011701279 20.9647550409452847
70.1370137013701367 -11.2856952469273075
70.1570157015701739 -15.9771364370533320
70.1770177017701826 -2.3002464999703340
70.1970197019701914 -13.7507575990905320
70.2170217021702285 0.5489412296536491
70.2370237023702373 12.1838653643143768
70.2570257025702745 -9.9168694154189367
70.2770277027702832 -32.4768094037347481
70.2970297029702920 -31.1676671677778963
70.3170317031703291 -29.2969403407023066
70.3370337033703379 7.6043233425573487
70.3570357035703751 -33.4908897254281044
70.3770377037703838 -6.4163849314065819
70.3970397039703926 -21.1635885884869737
70.4170417041704297 -9.0777484087060927
70.4370437043704385 -9.8933866247095352
70.4570457045704757 -9.7937273007557053
70.4770477047704844 -21.6502118296122319
70.4970497049704932 -24.6680080986550294
70.5170517051705303 10.4656225453009846
70.5370537053705391 -32.1197752726538965
70.5570557055705763 -6.4913529948245756
70.5770577057705850 13.4492762574975231
70.5970597059705938 12.7376297986552505
70.6170617061706309 -33.1702552370745423
70.6370637063706397 10.1148376141306979
70.6570657065706769 -27.5977077431300017
70.6770677067706856 15.5922361291780760
70.6970697069706944 -19.3571987973109856
70.7170717071707315 -26.4399360640527732
70.7370737073707403 -10.3620637350048206
70.7570757075707775 28.3633356301011439
70.7770777077707862 -8.5336933479748929
70.7970797079707950 -12.9490216780972318
70.8170817081708321 -18.4427275890677329
70.8370837083708409 -30.1311845207079827
70.8570857085708781 20.7117263468735118
70.8770877087708868 -39.9652445381731241
70.8970897089708956 15.3633012382995595
70.9170917091709327 -23.8888135891399145
70.9370937093709415 29.8317684843997100
70.9570957095709787 3.1210296391139973
70.9770977097709874 -14.2846192549183471
70.9970997099709962 -2.3174496678917240
71.0171017101710333 -1.3601094789219204
71.0371037103710421 24.2535168861862616
71.0571057105710793 -27.1131356620165107
71.0771077107710880 -61.7733336872649872
71.0971097109710968 -20.5217271392055380
71.1171117111711339 3.1065073726339216
71.1371137113711427 25.2321741482197446
71.1571157115711515 -37.3287800064057222
71.1771177117711886 -24.3756412579409130
71.1971197119711974 -33.4630808485058608
71.2171217121712345 -30.8655439224568724
71.2371237123712433 -19.7958433348553697
71.2571257125712521 -12.8079324017647664
71.2771277127712892 23.3520159767538971
71.2971297129712980 -11.5499166151665733
71.3171317131713352 -12.8196201278127262
71.3371337133713439 18.1817034204415613
71.3571357135713527 -17.5181683980536782
71.3771377137713898 -25.0998338166895749
71.3971397139713986 -9.1280379725746599
71.4171417141714358 -7.0493905360663955
71.4371437143714445 -15.8417555885495993
71.4571457145714533 -46.1723253044749029
71.4771477147714904 -26.8382353372714206
71.4971497149714992 -15.9364208848257789
71.5171517151715364 3.7792290207618366
71.5371537153715451 -8.8009882576883793
71.5571557155715539 -29.9430354473568059
71.5771577157715910 -7.3979454854017082
71.5971597159715998 -58.2295924735040415
71.6171617161716370 -5.3561435575334508
71.6371637163716457 10.7061522735762509
71.6571657165716545 -50.1600358967417606
71.6771677167716916 12.7533996861174419
71.6971697169717004 -26.9480985291080160
71.7171717171717376 -8.1407885802821589
71.7371737173717463 -43.2025639185184502
71.7571757175717551 3.9593190548251629
71.7771777177717922 51.0895509061926845
71.7971797179718010 -2.3527867582372508
71.8171817181718382 -26.9000729294069316
71.8371837183718469 -29.1221928782064552
71.8571857185718557 16.5380482981905850
71.8771877187718928 50.9521681135399334
71.8971897189719016 27.0373394990512068
71.9171917191719388 46.4024924010531521
71.9371937193719475 -6.6362613803502946
71.9571957195719563 16.1476677804952864
71.9771977197719934 -18.0110384062376632
71.9971997199720022 7.1367710189398288
72.0172017201720394 27.1764744696816436
72.0372037203720481 -23.6098619415097062
72.0572057205720569 40.5677603120713570
72.0772077207720940 -24.7782280705878080
72.0972097209721028 -11.2514273675482208
72.1172117211721115 13.8175871985953513
72.1372137213721487 12.4789592000855976
72.1572157215721575 -22.1656856551872536
72.1772177217721946 59.6969622008426342
72.1972197219722034 2.8819960226830110
72.2172217221722121 25.5112637232347694
72.2372237223722493 6.3911336386476405
72.2572257225722581 34.2997845671191683
72.2772277227722952 -0.3768353268077069
72.2972297229723040 16.3182736747047130
72.3172317231723127 -15.0552508435918249
72.3372337233723499 -5.8578928744852030
72.3572357235723587 -8.2837218585256718
72.3772377237723958 -22.5185593834436268
72.3972397239724046 -16.3265459785949076
72.4172417241724133 -49.6442839970568528
72.4372437243724505 -32.9137374707843691
72.4572457245724593 -15.8493355813156001
72.4772477247724964 -6.4812926625918053
72.4972497249725052 -9.8750801112429656
72.5172517251725139 -15.1302741004874957
72.5372537253725511 -53.1663691446650901
72.5572557255725599 15.0133750774814718
72.5772577257725970 2.5748052636796759
72.5972597259726058 -6.2310627227895825
72.6172617261726145 -41.9083524761995108
72.6372637263726517 -20.9246300804103669
72.6572657265726605 -32.6682051400313611
72.6772677267726976 26.5005573443401730
72.6972697269727064 4.8074850277059200
72.7172717271727151 -35.9175627941340139
72.7372737273727523 -2.9472784786299684
72.7572757275727611 7.0025852222665250
72.7772777277727982 -31.7190669938318344
72.7972797279728070 -36.7785074074562033
72.8172817281728157 -21.5488395153726984
72.8372837283728529 18.2207915241237863
72.8572857285728617 -31.8641062217410393
72.8772877287728988 -12.8635298506076481
72.8972897289729076 -20.5548376384219722
72.9172917291729163 -8.6003699689602513
72.9372937293729535 13.7368281783772037
72.9572957295729623 -22.9086789911920228
72.9772977297729994 43.0669976648638553
72.9972997299730082 -14.5574704094502803
73.0173017301730169 -51.2381317465316783
73.0373037303730541 -2.2000697221571697
73.0573057305730629 -24.8261829993786840
73.0773077307730716 13.3175645909425491
73.0973097309731088 48.6422716387808265
73.1173117311731176 2.6668732430499231
73.1373137313731547 9.4712400844502085
73.1573157315731635 6.7960644388279308
73.1773177317731722 -8.9572939924442263
73.1973197319732094 -28.9394976030523488
73.2173217321732182 0.9623795836304367
73.2373237323732553 -11.0727287814907225
73.2573257325732641 -28.5101560228375632
73.2773277327732728 -13.3497118004903612
73.2973297329733100 4.1147683719579478
73.3173317331733188 -8.0655944184184758
73.3373337333733559 14.9698229878091595
73.3573357335733647 -16.6487979031471909
73.3773377337733734 -11.1913520070100816
73.3973397339734106 -17.2326881316724219
73.4173417341734194 10.3370797628367690
73.4373437343734565 46.9033870626263294
73.4573457345734653 18.1197225373797011
73.4773477347734740 6.7935599276071983
73.4973497349735112 -41.2998600876370148
73.5173517351735200 3.1930414477768858
73.5373537353735571 -6.6283884673904483
73.5573557355735659 9.2401693106916589
73.5773577357735746 -37.3001744422746384
73.5973597359736118 38.7663860314188042
73.6173617361736206 -1.2472966375530525
73.6373637363736577 -23.5428148582320915
73.6573657365736665 -12.2346296617622166
73.6773677367736752 -2.1763465340553161
73.6973697369737124 -22.6454878554362722
73.7173717371737212 -40.4380927530893999
73.7373737373737583 -3.5824331325175773
73.7573757375737671 25.4068013991486339
73.7773777377737758 24.4192433455481890
73.7973797379738130 -21.8806295287671091
73.8173817381738218 -7.1107726130318003
73.8373837383738589 -13.6513592735957321
73.8573857385738677 -13.5957547001950836
73.8773877387738764 -0.8686980353216773
73.8973897389739136 -32.4084165655311551
73.9173917391739224 -29.1020419843605964
73.9373937393739595 -6.0730125310178886
73.9573957395739683 -23.2124832241415184
73.9773977397739770 35.0023223810377075
73.9973997399740142 -31.2543143789712481
74.0174017401740230 15.1602293881239270
74.0374037403740317 18.3237567744397687
74.0574057405740689 -7.4228314292696860
74.0774077407740776 -8.0307788616763887
74.0974097409741148 25.5149322369944045
74.1174117411741236 -28.9944393598212002
74.1374137413741323 11.8010615550714046
74.1574157415741695 -26.4793855783085093
74.1774177417741782 12.2942119119829254
74.1974197419742154 -5.8793539146214302
74.2174217421742242 -51.6101840471416082
74.2374237423742329 6.2854607421456370
74.2574257425742701 23.1293086772962440
74.2774277427742788 -4.8195482457935421
74.2974297429743160 -2.0712631502402905
74.3174317431743248 -10.6706271936180226
74.3374337433743335 -52.8327011748744368
74.3574357435743707 8.6585301195816857
74.3774377437743794 -44.3544119272462183
74.3974397439744166 -73.1401360446794655
74.4174417441744254 -5.8998311496361708
74.4374437443744341 -16.5641193746418942
74.4574457445744713 -27.0963188231901668
74.4774477447744800 -45.1331744981501544
74.4974497449745172 16.0842918967287289
74.5174517451745260 -27.5151027091978904
74.5374537453745347 -8.7890046958092647
74.5574557455745719 -50.8146180154775422
74.5774577457745806 10.5604721129364982
74.5974597459746178 -35.8068724137165759
74.6174617461746266 -18.3356148067722700
74.6374637463746353 -5.2001843557410314
74.6574657465746725 -42.5688982674918535
74.6774677467746812 13.1105991483697579
74.6974697469747184 -15.8950200542693025
74.7174717471747272 22.5003219850521994
74.7374737473747359 7.3491676340962275
74.7574757475747731 18.3910890172605548
74.7774777477747818 3.1899164941719533
74.7974797479748190 -0.9619407020801631
74.8174817481748278 -14.9196237432082874
74.8374837483748365 -19.1443642706140054
74.8574857485748737 5.7678066527038609
74.8774877487748824 10.7245986962720181
74.8974897489749196 -32.5514326066962383
74.9174917491749284 -44.0862896009565262
74.9374937493749371 -31.8076590879201717
74.9574957495749743 30.2650550706045323
74.9774977497749830 -33.3765784811430706
74.9974997499750202 27.0627587053773304
75.0175017501750290 -2.7866202857715052
75.0375037503750377 26.4480217887893509
75.0575057505750749 -15.6636008979663188
75.0775077507750837 2.7036070808488315
75.0975097509750924 -13.2001266569865177
75.1175117511751296 -20.3136788693344954
75.1375137513751383 12.7065668292555571
75.1575157515751755 25.3644934455661684
75.1775177517751843 -44.3593511535219562
75.1975197519751930 -37.7218896049364929
75.2175217521752302 -2.9260344392575597
75.2375237523752389 -55.4098778252823791
75.2575257525752761 -30.7824701386059445
75.2775277527752849 -34.8112053900590794
75.2975297529752936 -40.0333422046204817
75.3175317531753308 2.4751512896054830
75.3375337533753395 -8.7682507907005061
75.3575357535753767 -18.0008394641682656
75.3775377537753855 -19.0614349229698092
75.3975397539753942 -32.6981232044807015
75.4175417541754314 2.8969073254335251
75.4375437543754401 -53.5017791168097219
75.4575457545754773 -67.7412634541128682
75.4775477547754861 44.0325901442047396
75.4975497549754948 0.2121825105448121
75.5175517551755320 -6.8606270717134228
75.5375537553755407 40.2356213068024999
75.5575557555755779 26.3069589793023937
75.5775577557755867 -0.3432062852363735
75.5975597559755954 1.7564934090511786
75.6175617561756326 13.0046134243301275
75.6375637563756413 11.9016761666533171
75.6575657565756785 -38.6114662520629324
75.6775677567756873 41.8709833672797984
75.6975697569756960 -40.3322070279775673
75.7175717571757332 -7.8808526720338126
75.7375737573757419 -51.8711003635195524
75.7575757575757791 -1.7417969497566981
75.7775777577757879 -50.6070699518020888
75.7975797579757966 -38.2884079711289402
75.8175817581758338 13.2393175727232730
75.8375837583758425 -19.8002657142870824
75.8575857585758797 3.4973192301949210
75.8775877587758885 41.6882735455924163
75.8975897589758972 -4.2387006091245123
75.9175917591759344 -21.0716572064447263
75.9375937593759431 29.9656578136674874
75.9575957595759803 44.6759535012938827
75.9775977597759891 24.7170402054686384
75.9975997599759978 4.5601182707162540
76.0176017601760350 -44.5002717781768169
76.0376037603760437 -13.1911879516569037
76.0576057605760525 1.2283261844834197
76.0776077607760897 49.8889368771419655
76.0976097609760984 -8.3050889227903681
76.1176117611761356 5.1984406918242057
76.1376137613761443 17.6256510578021022
76.1576157615761531 -15.2264253989623768
76.1776177617761903 -12.1788022958490743
76.1976197619761990 21.4173820749782493
76.2176217621762362 23.7772668313984994
76.2376237623762449 -31.8642798730288739
76.2576257625762537 34.9318092761033796
76.2776277627762909 26.5907234058343853
76.2976297629762996 -41.9458996207775243
76.3176317631763368 20.6833987964344388
76.3376337633763455 21.4407184215338944
76.3576357635763543 -14.5999755489427780
76.3776377637763915 -6.9257348329175166
76.3976397639764002 0.7698682964729704
76.4176417641764374 -10.5189267188039253
76.4376437643764461 -12.4674442478911818
76.4576457645764549 -15.7494952461992952
76.4776477647764921 19.2291034322168493
76.4976497649765008 -21.7721517125501194
76.5176517651765380 -3.6333214673049268
76.5376537653765467 -12.3381103586800087
76.5576557655765555 10.1142850731785927
76.5776577657765927 -16.4397095196417240
76.5976597659766014 -11.3388681162193237
76.6176617661766386 7.8202056508705597
76.6376637663766473 -27.1980106154187879
76.6576657665766561 -32.1616676524553284
76.6776677667766933 -29.7520493404223636
76.6976697669767020 -22.1885307918335073
76.7176717671767392 -7.1177152366864576
76.7376737673767479 -27.9187601156525176
76.7576757675767567 -26.3294425765552518
76.7776777677767939 -27.5358081128702636
76.7976797679768026 -1.9920555133851403
76.8176817681768398 -35.5612346345532444
76.8376837683768485 4.0187169948587309
76.8576857685768573 16.5770341264416743
76.8776877687768945 29.6249279491364774
76.8976897689769032 19.8738211544048973
76.9176917691769404 -22.7148609260961969
76.9376937693769491 -9.5441455973552465
76.9576957695769579 -12.5202269955430214
76.9776977697769951 -16.2766964034945687
76.9976997699770038 -23.3747234621631250
77.0177017701770126 -23.6994309697386640
77.0377037703770498 -32.3419695376445802
77.0577057705770585 -50.2277887849490625
77.0777077707770957 -65.4286317524282879
77.0977097709771044 10.6797557481908854
77.1177117711771132 -41.3541507521433616
77.1377137713771504 42.2684752336894789
77.1577157715771591 -1.6780795826469461
77.1777177717771963 -47.4360220442996834
77.1977197719772050 -25.0204699016025209
77.2177217721772138 -2.1745691401497602
77.2377237723772510 -40.3437093221521295
77.2577257725772597 8.0206635298084450
77.2777277727772969 -8.7967720847046031
77.2977297729773056 29.1247773646489847
77.3177317731773144 24.2598152571501728
77.3377337733773516 -2.5837168267744692
77.3577357735773603 -33.6304150215467743
77.3777377737773975 25.0130804517901311
77.3977397739774062 -26.6461844030072790
77.4177417741774150 20.8005200830744386
77.4377437743774522 -7.3212874009637705
77.4577457745774609 17.5307680992315014
77.4777477747774981 -39.7079745416835763
77.4977497749775068 -29.4271832795339066
77.5177517751775156 -34.0760401673581796
77.5377537753775528 -37.8766889020590369
77.5577557755775615 -45.1340605137588824
77.5777577757775987 21.8484541454436716
77.5977597759776074 15.2088483966003984
77.6177617761776162 -15.9205476653214895
77.6377637763776534 -8.4538259800702740
77.6577657765776621 -43.0676586973899020
77.6777677767776993 -56.9656944672228320
77.6977697769777080 -30.9691570540270718
77.7177717771777168 -7.4254618789861970
77.7377737773777540 41.9536729790673988
77.7577757775777627 0.4226427902207739
77.7777777777777999 17.9757435178372695
77.7977797779778086 7.3787493361841197
77.8177817781778174 -36.2470270235819996
77.8377837783778546 44.2630940012860421
77.8577857785778633 16.4373904477321631
77.8777877787779005 -33.9476236707538064
77.8977897789779092 -6.9633555849407767
77.9177917791779180 -34.2251076738293847
77.9377937793779552 -25.0051059473783823
77.9577957795779639 -16.9455535209608570
77.9777977797779727 -18.7300978908002591
77.9977997799780098 29.6148642578540233
78.0178017801780186 -7.3771938523073803
78.0378037803780558 -52.5086994696698000
78.0578057805780645 -9.6834621044312605
78.0778077807780733 30.2679157036673843
78.0978097809781104 -6.2143638278024556
78.1178117811781192 -56.5919310273533753
78.1378137813781564 21.9785241549892376
78.1578157815781651 10.5896019211610053
78.1778177817781739 -10.3401269983488557
78.1978197819782110 -26.9883228332503577
78.2178217821782198 24.4568512868182282
78.2378237823782570 -17.7288204304508952
78.2578257825782657 14.3437751744146524
78.2778277827782745 -25.8786738466961168
78.2978297829783116 36.1448332853326519
78.3178317831783204 -5.7728649264412262
78.3378337833783576 8.7340124923629112
78.3578357835783663 -18.4097965880450047
78.3778377837783751 -7.3200675163658024
78.3978397839784122 -1.8711272204855547
78.4178417841784210 -13.3330859506487140
78.4378437843784582 -8.0086928918822853
78.4578457845784669 5.7840608585016362
78.4778477847784757 -21.4924583812359771
78.4978497849785128 23.6312204017910474
78.5178517851785216 -4.9772087023928542
78.5378537853785588 -3.0687170839440849
78.5578557855785675 -5.7687822410598688
78.5778577857785763 -50.1129898020040017
78.5978597859786134 -23.3560164942220823
78.6178617861786222 -16.2324458723802962
78.6378637863786594 -18.0622145720061056
78.6578657865786681 -22.4170243826880551
78.6778677867786769 -14.2243833482068602
78.6978697869787140 -14.0205966694550579
78.7178717871787228 34.9777793960043795
78.7378737873787600 -34.1752561751663535
78.7578757875787687 -3.8499263674788184
78.7778777877787775 -20.6358705684855579
78.7978797879788146 -29.6235889904615490
78.8178817881788234 -9.4275492992206118
78.8378837883788606 -3.8485857276668161
78.8578857885788693 23.1648163135118779
78.8778877887788781 -21.3272010125903293
78.8978897889789152 -2.7519943078429954
78.9178917891789240 6.5739026689255926
78.9378937893789328 -8.1671017818852150
78.9578957895789699 -12.7724630915840134
78.9778977897789787 -4.5708791892568374
78.9978997899790158 22.7520562876146144
79.0179017901790246 31.0506586171904360
79.0379037903790334 23.0358990378938238
79.0579057905790705 -4.4059301086264711
79.0779077907790793 32.5064439669581162
79.0979097909791165 38.7673927476380271
79.1179117911791252 9.5869895829516310
79.1379137913791340 -34.7990648572849537
79.1579157915791711 10.1879579409402936
79.1779177917791799 -26.9038985614933424
79.1979197919792171 6.4842539288183296
79.2179217921792258 -0.7659547793688413
79.2379237923792346 -54.4296812714443092
79.2579257925792717 4.5674717068648496
79.2779277927792805 -21.4316358921460015
79.2979297929793177 37.2180105482216703
79.3179317931793264 -14.5997656404877212
79.3379337933793352 -26.9804490343731587
79.3579357935793723 -6.6776938226153630
79.3779377937793811 -20.7917000774921625
79.3979397939794183 7.1281652407158855
79.4179417941794270 9.9509835711140493
79.4379437943794358 -4.3398278261437593
79.4579457945794729 6.9707248449430459
79.4779477947794817 4.8125253719716472
79.4979497949795189 -9.1059019425642980
79.5179517951795276 -4.9385794408292956
79.5379537953795364 -21.4209094286283417
79.5579557955795735 20.4684876270651799
79.5779577957795823 -14.1299840446686709
79.5979597959796195 -23.0371308104648556
79.6179617961796282 -29.9401793885792245
79.6379637963796370 -14.2992376819685170
79.6579657965796741 -20.2752214963350887
79.6779677967796829 -3.5861376947675021
79.6979697969797201 7.4432145143384680
79.7179717971797288 2.0113823773221329
79.7379737973797376 -27.8224447426938468
79.7579757975797747 -61.3255139568631833
79.7779777977797835 -13.9196716917743686
79.7979797979798207 -6.3332613309197283
79.8179817981798294 2.7443550145595399
79.8379837983798382 25.5225697352269236
79.8579857985798753 13.5477382612563506
79.8779877987798841 2.2175096387331843
79.8979897989798928 -1.9310787499864990
79.9179917991799300 10.7346944117664691
79.9379937993799388 22.5316191363921838
79.9579957995799759 -6.6523375088247665
79.9779977997799847 -2.5170028168404892
79.9979997999799934 34.1043423704704907
80.0180018001800306 -2.7405459157117997
80.0380038003800394 -28.1666437805302614
80.0580058005800765 42.8505310443803609
80.0780078007800853 -49.7518255041490747
80.0980098009800940 44.0460619846769674
80.1180118011801312 -9.6938583690139346
80.1380138013801400 34.0794076394830867
80.1580158015801771 -12.7493186334669595
80.1780178017801859 2.2175327875869320
80.1980198019801946 -13.0908853348822234
80.2180218021802318 -21.9473989899758237
80.2380238023802406 -24.0985925199100564
80.2580258025802777 -8.6922648171316883
80.2780278027802865 -23.9324958621715354
80.2980298029802952 -39.9880541331475570
80.3180318031803324 -26.4631318691268049
80.3380338033803412 -7.0699842705108722
80.3580358035803783 -20.7628715638044241
80.3780378037803871 -0.7052187866754851
80.3980398039803958 -47.8031199756475687
80.4180418041804330 16.1574978918680898
80.4380438043804418 -25.6531510406563079
80.4580458045804789 -2.6584439714548189
80.4780478047804877 -23.0502955470172815
80.4980498049804964 -27.5900239430106282
80.5180518051805336 -23.4641362741079007
80.5380538053805424 20.6093471811030078
80.5580558055805795 -11.7000749458191340
80.5780578057805883 4.8901537813545124
80.5980598059805970 2.2817381261375269
80.6180618061806342 42.9009268644645587
80.6380638063806430 3.5623362148676421
80.6580658065806801 -13.8131405686999464
80.6780678067806889 23.8247397702488648
80.6980698069806976 15.9896563114923680
80.7180718071807348 -32.9544987668533764
80.7380738073807436 -12.5613300285420095
80.7580758075807807 -29.9171478732971181
80.7780778077807895 -30.6908276255769081
80.7980798079807983 -35.4700294888443608
80.8180818081808354 -22.8212274270061073
80.8380838083808442 -3.9510167183149432
80.8580858085808529 0.2813402987100453
80.8780878087808901 5.8732538567974268
80.8980898089808989 11.1005471264867168
80.9180918091809360 17.8648128232684158
80.9380938093809448 16.4049350108183560
80.9580958095809535 -46.5343752928138059
80.9780978097809907 39.0403069727586356
80.9980998099809995 -7.6651176733713990
81.0181018101810366 -14.7234486877138799
81.0381038103810454 2.3650464595124756
81.0581058105810541 -34.7385361219088082
81.0781078107810913 25.0250639482245454
81.0981098109811001 4.8339370222945277
81.1181118111811372 -8.2804133106043452
81.1381138113811460 -1.8049414514368909
81.1581158115811547 -27.1014789127906717
81.1781178117811919 -30.9830859341585807
81.1981198119812007 -19.3141926653475267
81.2181218121812378 -14.7203323813476850
81.2381238123812466 -3.5457653785676966
81.2581258125812553 6.9097980120988218
81.2781278127812925 -61.6226234636517844
81.2981298129813013 -44.2243269504024425
81.3181318131813384 -21.3446293435774272
81.3381338133813472 23.2913298664594137
81.3581358135813559 -30.6319692806922106
81.3781378137813931 23.2211942496171275
81.3981398139814019 -14.3592709168727879
81.4181418141814390 -40.3263083491661831
81.4381438143814478 8.9635729603736607
81.4581458145814565 33.4255567145710373
81.4781478147814937 -21.3198404449585581
81.4981498149815025 -11.5697142939597981
81.5181518151815396 -0.9924270788757887
81.5381538153815484 1.4379223948366349
81.5581558155815571 -48.5702278833316541
81.5781578157815943 -43.7415311609916557
81.5981598159816031 -1.1362680146630377
81.6181618161816402 23.3741796634247265
81.6381638163816490 2.3953583350579368
81.6581658165816577 35.1251213968346505
81.6781678167816949 -2.3492129536495510
81.6981698169817037 40.0442394783422841
81.7181718171817408 -9.1155867422889223
81.7381738173817496 -5.6578880050579414
81.7581758175817583 7.9792438416985441
81.7781778177817955 -51.4009106887434797
81.7981798179818043 -58.3574901498125840
81.8181818181818130 -21.4878815761539279
81.8381838183818502 41.9537465158492395
81.8581858185818589 -8.6268867710606365
81.8781878187818961 -5.8910863962317777
81.8981898189819049 -30.3998247870214158
81.9181918191819136 -25.4678677861375355
81.9381938193819508 -19.5070795083245727
81.9581958195819595 -29.6962576505064426
81.9781978197819967 15.6538972471822682
81.9981998199820055 -15.7000783077405970
82.0182018201820142 -3.3075983092645336
82.0382038203820514 -15.0362618996154502
82.0582058205820601 -73.0326541022952114
82.0782078207820973 -16.1420039945845311
82.0982098209821061 -8.8808106530798767
82.1182118211821148 12.4806327013018699
82.1382138213821520 -21.1074429317331997
82.1582158215821607 -1.3427492786870081
82.1782178217821979 -22.0597018242117500
82.1982198219822067 -16.7988629660001259
82.2182218221822154 14.9069295348945587
82.2382238223822526 19.0553064343105092
82.2582258225822613 26.1566585031296803
82.2782278227822985 -3.2707960014665485
82.2982298229823073 7.4278665425222110
82.3182318231823160 -11.1596685713426602
82.3382338233823532 -1.8302431504418109
82.3582358235823619 -26.7269217788094728
82.3782378237823991 -25.6470283779548893
82.3982398239824079 -26.4882127103182761
82.4182418241824166 25.4718157261974021
82.4382438243824538 0.6402684003301671
82.4582458245824625 65.8113068374178738
82.4782478247824997 -19.2284758821481390
82.4982498249825085 -30.5871309136423832
82.5182518251825172 18.3332094730577637
82.5382538253825544 37.5258672884684401
82.5582558255825631 2.1863945426205840
82.5782578257826003 -33.6987090696655756
82.5982598259826091 12.2715706842491841
82.6182618261826178 4.2374189317910043
82.6382638263826550 -31.5184823202566022
82.6582658265826637 -12.7239667863206947
82.6782678267827009 -26.5915098168359947
82.6982698269827097 -2.2250636305294056
82.7182718271827184 -13.6991286760200985
82.7382738273827556 -11.5949547497462131
82.7582758275827644 -7.0657497261182503
82.7782778277827731 1.6755717302300281
82.7982798279828103 -67.7624587956440081
82.8182818281828190 -11.4483892253242914
82.8382838283828562 29.7729594638039430
82.8582858285828650 -36.3247300093403140
82.8782878287828737 -5.8032632688369929
82.8982898289829109 -25.1639630063142583
82.9182918291829196 -10.3806855241490510
82.9382938293829568 -19.6374562447473693
82.9582958295829656 7.2363480009968706
82.9782978297829743 12.8724489982113557
82.9982998299830115 10.8076710946409627
83.0183018301830202 18.3942332622374671
83.0383038303830574 -0.1760221634684944
83.0583058305830662 4.8744267313956504
83.0783078307830749 1.3763422944693078
83.0983098309831121 9.3821470991114673
83.1183118311831208 -14.0727881184936479
83.1383138313831580 29.5535807296291608
83.1583158315831668 -15.7659554496698551
83.1783178317831755 1.7889601717276853
83.1983198319832127 -34.4305318192551439
83.2183218321832214 0.1546725812044221
83.2383238323832586 6.0637907498615391
83.2583258325832674 -7.5445649451471599
83.2783278327832761 0.6107465075461351
83.2983298329833133 12.9559223056913524
83.3183318331833220 4.8378548005181976
83.3383338333833592 -27.0439101772888755
83.3583358335833680 14.4858846072152332
83.3783378337833767 -10.4780378912060197
83.3983398339834139 -18.2615606257859326
83.4183418341834226 40.4852197068539184
83.4383438343834598 11.0305797490954696
83.4583458345834686 -9.8710809091678868
83.4783478347834773 -29.0553525435079472
83.4983498349835145 1.2515021288097126
83.5183518351835232 -4.3782071581540016
83.5383538353835604 -41.4387808464964209
83.5583558355835692 -4.5277742800063887
83.5783578357835779 -35.8284261305883831
83.5983598359836151 -19.1093730250696510
83.6183618361836238 -28.9789794588082259
83.6383638363836610 14.7421863622595026
83.6583658365836698 25.9357753479342819
83.6783678367836785 25.9347536166129551
83.6983698369837157 -8.3990225691727360
83.7183718371837244 12.8690554104831119
83.7383738373837332 30.8749744302147278
83.7583758375837704 27.5036350479663128
83.7783778377837791 -54.5205767195627189
83.7983798379838163 -3.8208978536351048
83.8183818381838250 -2.7159238871318552
83.8383838383838338 -19.0580998182377854
83.8583858385838710 8.7660865906518453
83.8783878387838797 -12.6232289602304224
83.8983898389839169 -6.9491065355915520
83.9183918391839256 59.0131593915014250
83.9383938393839344 -27.9391855195804695
83.9583958395839716 -7.6706188305599126
83.9783978397839803 -13.6160367394231994
83.9983998399840175 -9.6730974799740572
84.0184018401840262 33.2407020935449893
84.0384038403840350 13.1359313214090054
84.0584058405840722 -11.9823867163668236
84.0784078407840809 -13.6397271764341426
84.0984098409841181 6.7731748124694668
84.1184118411841268 24.2115501999090448
84.1384138413841356 25.6733300249695873
84.1584158415841728 -48.2820086728283258
84.1784178417841815 31.8482369411483113
84.1984198419842187 -47.1600569564710810
84.2184218421842274 -24.1548798967751743
84.2384238423842362 -18.5427570473279815
84.2584258425842734 3.2713488221224343
84.2784278427842821 -15.5034336251522138
84.2984298429843193 25.1334003838864035
84.3184318431843280 -33.0075217465330724
84.3384338433843368 7.8621108906435158
84.3584358435843740 38.5062018706464215
84.3784378437843827 27.0102733216915638
84.3984398439844199 -13.3777550555589997
84.4184418441844286 -38.7052731505311840
84.4384438443844374 -16.1046780691809026
84.4584458445844746 24.8835255083306031
84.4784478447844833 0.5574008838746378
84.4984498449845205 30.9770674040121072
84.5184518451845292 -15.4494996546760301
84.5384538453845380 31.3537231966231431
84.5584558455845752 36.1523818234399883
84.5784578457845839 -42.4934760375363751
84.5984598459846211 34.7289951147295852
84.6184618461846298 -4.1364291112586207
84.6384638463846386 18.4528826664123748
84.6584658465846758 -7.5281407137786136
84.6784678467846845 -8.1926675309613088
84.6984698469847217 6.6218074650103489
84.7184718471847304 0.7545083732280164
84.7384738473847392 7.9323298856424858
84.7584758475847764 9.3969166977169163
84.7784778477847851 -28.0360147982133903
84.7984798479847939 -65.1638390890697394
84.8184818481848311 -32.8106754401171798
84.8384838483848398 -42.7820794404046865
84.8584858485848770 0.8117794559930300
84.8784878487848857 -4.9181595062318380
84.8984898489848945 -0.4503549341984177
84.9184918491849317 -31.8125446432110124
84.9384938493849404 3.1049066796394680
84.9584958495849776 -4.5930345430760617
84.9784978497849863 -1.2235683439825193
84.9984998499849951 -25.9694656049429824
85.0185018501850323 -37.2438732654714784
85.0385038503850410 -11.2462480429694232
85.0585058505850782 45.9689390222695238
85.0785078507850869 7.9796706128723969
85.0985098509850957 -32.6636409272700021
85.1185118511851329 -49.9660305141649488
85.1385138513851416 -23.7413809874941570
85.1585158515851788 -0.4467115173032425
85.1785178517851875 7.2143152641473813
85.1985198519851963 34.7772064475493039
85.2185218521852335 -12.6082344530878832
85.2385238523852422 -18.5903816749836395
85.2585258525852794 -20.0240851033186580
85.2785278527852881 -15.6838958593840232
85.2985298529852969 -46.7223006509612659
85.3185318531853341 27.3531173535601155
85.3385338533853428 -0.4863482952721894
85.3585358535853800 -9.1722431023391628
85.3785378537853887 -36.4933847201889492
85.3985398539853975 20.5298001554525769
85.4185418541854347 -35.1985573756431833
85.4385438543854434 46.7387640444520329
85.4585458545854806 -1.9889785223686867
85.4785478547854893 16.6787904931352386
85.4985498549854981 -39.3434804919491867
85.5185518551855353 0.6455553093758795
85.5385538553855440 -4.8556851888043591
85.5585558555855812 -16.6716001365024269
85.5785578557855899 36.5380495110989614
85.5985598559855987 -38.0552811023829562
85.6185618561856359 34.7223210865054810
85.6385638563856446 19.9428903572804899
85.6585658565856818 37.6768065471189217
85.6785678567856905 19.0210138884177198
85.6985698569856993 -42.9515619313893993
85.7185718571857365 22.7326703120683824
85.7385738573857452 27.8481747362913019
85.7585758575857540 0.5934810943628621
85.7785778577857911 -11.5602732089941647
85.7985798579857999 -16.9487282397999586
85.8185818581858371 -12.2181968270455243
85.8385838583858458 -0.4453060173636252
85.8585858585858546 -33.1484938092978467
85.8785878587858917 10.3814762112895558
85.8985898589859005 -11.7973878389814217
85.9185918591859377 -18.6791144577825463
85.9385938593859464 22.9017834049178894
85.9585958595859552 -70.5659714594762448
85.9785978597859923 -12.3683913983343512
85.9985998599860011 -47.3823736591162472
86.0186018601860383 11.2165555127648418
86.0386038603860470 -46.3485019027132097
86.0586058605860558 -4.0710613994697855
86.0786078607860929 10.7817688352031453
86.0986098609861017 18.9419730493444334
86.1186118611861389 -15.0806684154225401
86.1386138613861476 13.3068033794622309
86.1586158615861564 20.3770087120557974
86.1786178617861935 13.9164373320801360
86.1986198619862023 28.3188010636337033
86.2186218621862395 -19.3645224788993531
86.2386238623862482 -1.3700560329119884
86.2586258625862570 -1.2349756986173219
86.2786278627862941 23.3586220816371011
86.2986298629863029 -32.3420421680395549
86.3186318631863401 -31.6640238858796579
86.3386338633863488 -16.1105343625181732
86.3586358635863576 -25.1830758428844810
86.3786378637863947 39.4594150537506962
86.3986398639864035 -19.7802448885077595
86.4186418641864407 -37.8315644892180813
86.4386438643864494 27.6978879654078263
86.4586458645864582 3.1029883128615054
86.4786478647864953 19.7921889953213075
86.4986498649865041 -27.3454096500156112
86.5186518651865413 -7.2013661527520973
86.5386538653865500 23.1380054802313957
86.5586558655865588 30.8179178241470453
86.5786578657865959 20.4536398287184440
86.5986598659866047 -4.1055769091267553
86.6186618661866419 -14.3181407288705689
86.6386638663866506 20.9351965754376970
86.6586658665866594 30.0297087157558202
86.6786678667866965 -28.3989808796771221
86.6986698669867053 14.3251518786947649
86.7186718671867141 -16.9220243840920936
86.7386738673867512 17.9107307001376377
86.7586758675867600 2.9360974347672051
86.7786778677867972 30.7811001200170864
86.7986798679868059 17.5378750929231870
86.8186818681868147 10.7032270665335503
86.8386838683868518 -6.5822168239518994
86.8586858685868606 3.4208623539937761
86.8786878687868978 -6.3667114057265115
86.8986898689869065 18.4322177833761884
86.9186918691869153 -22.9714513009276757
86.9386938693869524 -42.8347874755009883
86.9586958695869612 12.6539867776511201
86.9786978697869984 -11.3354458706822356
86.9986998699870071 6.5326961076048491
87.0187018701870159 18.8937218983030419
87.0387038703870530 -36.6952176753686885
87.0587058705870618 -15.4249316767307469
87.0787078707870990 4.7302702988325409
87.0987098709871077 -2.6636722173079503
87.1187118711871165 -2.5419114600993020
87.1387138713871536 3.6560967453752919
87.1587158715871624 19.6400937459642684
87.1787178717871996 -5.4351166390326089
87.1987198719872083 2.0707225795022963
87.2187218721872171 27.2648348144075889
87.2387238723872542 -12.9179270420352559
87.2587258725872630 -35.2705407209148589
87.2787278727873002 -37.0963203132898087
87.2987298729873089 -55.7963521531923661
87.3187318731873177 30.7304702405278363
87.3387338733873548 -29.9375902328533243
87.3587358735873636 -47.0918772814877471
87.3787378737874008 12.7746274423846113
87.3987398739874095 -7.4593540691692031
87.4187418741874183 -37.9829868341715056
87.4387438743874554 -31.5659727181650247
87.4587458745874642 16.4560159709911815
87.4787478747875014 -3.2498860906105511
87.4987498749875101 2.5427068605977921
87.5187518751875189 -38.3842705211397757
87.5387538753875560 16.8500242170354113
87.5587558755875648 0.9207436238077529
87.5787578757876020 -6.2887117219628834
87.5987598759876107 38.9177678360981716
87.6187618761876195 25.2442189054024304
87.6387638763876566 -21.5166488985386835
87.6587658765876654 -5.0426699012588836
87.6787678767876741 -42.1606888195868734
87.6987698769877113 -28.4128804098417973
87.7187718771877201 -6.3705784983682605
87.7387738773877572 -6.4720977690889789
87.7587758775877660 9.6527825617882677
87.7787778777877747 13.3742717779340321
87.7987798779878119 -24.2818404000273063
87.8187818781878207 48.3052475353997721
87.8387838783878578 25.3753784178127866
87.8587858785878666 -22.5675875845341949
87.8787878787878753 -21.6348588837898888
87.8987898789879125 -18.7249619195234516
87.9187918791879213 -7.7933718709572837
87.9387938793879584 40.2487636189890665
87.9587958795879672 -9.2791812789791237
87.9787978797879759 34.5036051645253394
87.9987998799880131 -18.3378711631712719
88.0188018801880219 -53.1593815964035343
88.0388038803880590 -1.7486133317911201
88.0588058805880678 20.6897225194706493
88.0788078807880765 8.1259820403297844
88.0988098809881137 6.7977520107661427
88.1188118811881225 -9.5751715702717739
88.1388138813881596 -2.4610513390416306
88.1588158815881684 -8.6245712636246221
88.1788178817881771 45.3595973955365466
88.1988198819882143 -18.1942827848640825
88.2188218821882231 40.9994036951415310
88.2388238823882602 -5.5711308920040645
88.2588258825882690 9.2612710005545793
88.2788278827882777 20.3426919441512979
88.2988298829883149 -22.3850768443760231
88.3188318831883237 22.6705401318782833
88.3388338833883608 -18.0269517652843803
88.3588358835883696 14.0928038596928076
88.3788378837883783 -13.8173565474234081
88.3988398839884155 41.6487852003077066
88.4188418841884243 21.0695676077894234
88.4388438843884614 12.2076955744068982
88.4588458845884702 5.0473631094231681
88.4788478847884790 7.8722268265413593
88.4988498849885161 3.7841084421654791
88.5188518851885249 -14.5359097512314754
88.5388538853885620 6.8166436677088402
88.5588558855885708 -58.5129116501470250
88.5788578857885796 22.9500374431956509
88.5988598859886167 -40.5183607439437949
88.6188618861886255 -27.7400436849327861
88.6388638863886342 -40.8154887774314403
88.6588658865886714 32.8114405236966462
88.6788678867886802 7.8456925120525085
88.6988698869887173 -29.2145961915360743
88.7188718871887261 -2.8053184679294798
88.7388738873887348 36.4684895534752513
88.7588758875887720 -9.5707679434837551
88.7788778877887808 22.6735844659822305
88.7988798879888179 22.5663051013675044
88.8188818881888267 2.4505134521244933
88.8388838883888354 15.2455635658397135
88.8588858885888726 14.7235178882851194
88.8788878887888814 -21.8413693984189266
88.8988898889889185 -1.1460876284353723
88.9188918891889273 0.9201690985165261
88.9388938893889360 -27.5700955275889967
88.9588958895889732 9.6759949709822575
88.9788978897889820 -1.4762908395042902
88.9988998899890191 -18.3320127671185773
89.0189018901890279 43.4380217690530728
89.0389038903890366 28.6909359700997975
89.0589058905890738 -0.4990219837256697
89.0789078907890826 13.0862175891363748
89.0989098909891197 -9.9116820912329224
89.1189118911891285 -2.0788150153362652
89.1389138913891372 -38.0837930128217366
89.1589158915891744 18.6157200982490423
89.1789178917891832 7.7021349206794945
89.1989198919892203 -28.0609268438395851
89.2189218921892291 -40.4943741962351069
89.2389238923892378 8.5350946690265772
89.2589258925892750 7.3559047055004347
89.2789278927892838 34.0561157513353407
89.2989298929893209 -32.6555662306693790
89.3189318931893297 2.7390648434233009
89.3389338933893384 -6.9889367108275895
89.3589358935893756 -28.5110924588547618
89.3789378937893844 -6.1963693302783662
89.3989398939894215 -33.0418046941265402
89.4189418941894303 -34.7074245657925147
89.4389438943894390 -29.2868315874957261
89.4589458945894762 -8.1009165401988739
89.4789478947894850 12.8125787840529668
89.4989498949895221 -22.8943325974664234
89.5189518951895309 3.0812945079420206
89.5389538953895396 -31.0106957137826704
89.5589558955895768 -43.2902006401104842
89.5789578957895856 4.0156680772760636
89.5989598959895943 -34.8398242891601981
89.6189618961896315 0.5722771150943862
89.6389638963896402 -0.7656898659877971
89.6589658965896774 -45.8085109987856853
89.6789678967896862 -11.8635680701731605
89.6989698969896949 -29.2035153030643357
89.7189718971897321 -4.0300786416579113
89.7389738973897408 -32.1659313506670088
89.7589758975897780 4.9977216100231550
89.7789778977897868 -20.7654670122895517
89.7989798979897955 38.0743567043483040
89.8189818981898327 7.0027737196348907
89.8389838983898414 -5.0745097909483281
89.8589858985898786 -77.2247544221038567
89.8789878987898874 9.6866638440454409
89.8989898989898961 -3.4007314990989288
89.9189918991899333 -30.4531689159239889
89.9389938993899420 -3.1530470761801803
89.9589958995899792 -95.0053890218647155
89.9789978997899880 15.6741851942783015
89.9989998999899967 1.8366761245646455
90.0190019001900339 13.1165869541958386
90.0390039003900426 8.5117489421924937
90.0590059005900798 -36.0159432164808990
90.0790079007900886 -25.3320310196251626
90.0990099009900973 -30.3615721378206089
90.1190119011901345 -2.3801396143898499
90.1390139013901432 -0.0682571235891247
90.1590159015901804 16.3138789974977136
90.1790179017901892 -33.8496142194366456
90.1990199019901979 -16.5252530707335410
90.2190219021902351 -57.8358147361089792
90.2390239023902438 20.1893153493920003
90.2590259025902810 -33.5712472872800589
90.2790279027902898 31.7047068859039065
90.2990299029902985 5.4850779471131705
90.3190319031903357 3.5725739305644257
90.3390339033903444 18.4767750050182187
90.3590359035903816 -20.9316337780997301
90.3790379037903904 -23.1720866644397745
90.3990399039903991 -24.9428302403718973
90.4190419041904363 21.3598667597812479
90.4390439043904451 -6.1712402805645645
90.4590459045904822 -43.0619864564098478
90.4790479047904910 -35.6888994235985209
90.4990499049904997 39.7226327264963857
90.5190519051905369 -47.5668022953152914
90.5390539053905457 -24.6900040645789645
90.5590559055905544 -23.1624216170432327
90.5790579057905916 13.6522284642381155
90.5990599059906003 25.9873783350814804
90.6190619061906375 -2.1448553983631253
90.6390639063906463 -23.9144060867816464
90.6590659065906550 -9.6974539219951197
90.6790679067906922 36.0054148514658579
90.6990699069907009 3.4912470422740789
90.7190719071907381 -12.2135753401503742
90.7390739073907469 -54.8509658934761433
90.7590759075907556 9.8288510131765570
90.7790779077907928 26.3572289829023312
90.7990799079908015 -28.3118779693969209
90.8190819081908387 13.8970197477523918
90.8390839083908475 -14.2113704980715276
90.8590859085908562 -5.4435778433377138
90.8790879087908934 -16.5041639653076402
90.8990899089909021 -27.3384303411375669
90.9190919091909393 -27.3776737024942030
90.9390939093909481 -22.4677442015072515
90.9590959095909568 40.4527943958366691
90.9790979097909940 38.4616038335842134
90.9990999099910027 -32.6087991971330098
91.0191019101910399 -0.5943653041432206
91.0391039103910487 -32.7456039716208522
91.0591059105910574 -3.7841195889271777
91.0791079107910946 -0.1971317259136676
91.0991099109911033 16.3317779705803332
91.1191119111911405 -66.9422617611029835
91.1391139113911493 -2.7079771613413701
91.1591159115911580 -33.6953236476288396
91.1791179117911952 34.4181043383860512
91.1991199119912039 -51.3910076920779701
91.2191219121912411 37.5088120594896566
91.2391239123912499 -1.3877153635197814
91.2591259125912586 26.0498174071121724
91.2791279127912958 45.5946907080211119
91.2991299129913045 56.9878175076195603
91.3191319131913417 -29.9879815735853086
91.3391339133913505 19.2688849950441430
91.3591359135913592 4.0856992068276856
91.3791379137913964 -20.4301362371456250
91.3991399139914051 -1.7660935645662601
91.4191419141914423 -12.9098141336921728
91.4391439143914511 13.5750526759000874
91.4591459145914598 13.1771510265779650
91.4791479147914970 18.5528037618326422
91.4991499149915057 6.6317903257236956
91.5191519151915145 24.6708199243337418
91.5391539153915517 -0.1676968779198909
91.5591559155915604 -34.8953267529604432
91.5791579157915976 -5.5365750663692452
91.5991599159916063 -1.0997875285075676
91.6191619161916151 -37.2934750407221571
91.6391639163916523 -39.7940807838624124
91.6591659165916610 10.4571326725687825
91.6791679167916982 19.4555619878778217
91.6991699169917069 7.0951073857351670
91.7191719171917157 -47.3551357072824786
91.7391739173917529 14.2055622680216693
91.7591759175917616 20.0126420190214205
91.7791779177917988 -2.4022623369947951
91.7991799179918075 -2.3777987912296137
91.8191819181918163 -17.5853437399574197
91.8391839183918535 1.3209376356653717
91.8591859185918622 -7.3347862446752439
91.8791879187918994 -15.1019424367161577
91.8991899189919081 -41.9469238541279594
91.9191919191919169 -35.9663443555180606
91.9391939193919541 -37.7098379050417805
91.9591959195919628 -49.0742238770383494
91.9791979197920000 -15.7180474444093488
91.9991999199920087 -9.2689026096727432
92.0192019201920175 -2.0526837886736100
92.0392039203920547 -47.4377113239128079
92.0592059205920634 -15.7867772534100101
92.0792079207921006 2.5885277532751054
92.0992099209921093 -31.9189906076379550
92.1192119211921181 -4.1592936114342223
92.1392139213921553 -34.2477441531699895
92.1592159215921640 -24.4591748391714390
92.1792179217922012 32.1831366879955141
92.1992199219922099 -7.9725403171166374
92.2192219221922187 11.8361419026769585
92.2392239223922559 -42.6769731439112832
92.2592259225922646 -7.2765455564190384
92.2792279227923018 6.8182565121837921
92.2992299229923105 38.5100042454649412
92.3192319231923193 16.8488673279868344
92.3392339233923565 -2.4878464297601166
92.3592359235923652 16.7208007115707638
92.3792379237924024 -27.0815887200430652
92.3992399239924111 18.7590693692389365
92.4192419241924199 -54.1492561975958751
92.4392439243924571 -11.5769694889047265
92.4592459245924658 6.0594035836799574
92.4792479247924746 -30.3047810161711695
92.4992499249925118 -36.1789034118125414
92.5192519251925205 -26.2329505011620867
92.5392539253925577 1.4691136730566292
92.5592559255925664 -9.1491876571472819
92.5792579257925752 41.5625419337365258
92.5992599259926124 -7.1377998923712127
92.6192619261926211 -38.9286792396245289
92.6392639263926583 -25.2671559494458862
92.6592659265926670 -25.9464366950534355
92.6792679267926758 3.1101413634289656
92.6992699269927130 -50.7588377333127596
92.7192719271927217 16.8779806530905496
92.7392739273927589 -22.9842377968824607
92.7592759275927676 7.2923283668248544
92.7792779277927764 -36.3676576613292752
92.7992799279928136 20.4487422080950907
92.8192819281928223 -49.7207585108809269
92.8392839283928595 -28.9250481221303808
92.8592859285928682 -25.4553591736818916
92.8792879287928770 -25.0649386402385304
92.8992899289929142 -6.7328407095560241
92.9192919291929229 -26.3781970093269464
92.9392939293929601 10.9480752364359439
92.9592959295929688 47.2699570038314931
92.9792979297929776 -45.4620208438186779
92.9992999299930148 -24.7868142826189235
93.0193019301930235 10.5713726647963284
93.0393039303930607 -33.6398704754958686
93.0593059305930694 -4.1343129692799785
93.0793079307930782 -2.5857447043193922
93.0993099309931154 -21.3267479737098462
93.1193119311931241 -34.0468094381601887
93.1393139313931613 -77.7968694627511468
93.1593159315931700 -28.4909843299563690
93.1793179317931788 -21.5325347070671995
93.1993199319932160 34.4092773319538736
93.2193219321932247 36.0177197861556593
93.2393239323932619 -25.3704145778722321
93.2593259325932706 -30.5361438389906610
93.2793279327932794 -58.0946126872265012
93.2993299329933166 -17.0166780304032343
93.3193319331933253 -52.0899351237272015
93.3393339333933625 -65.3836318148923112
93.3593359335933712 22.0754042127063954
93.3793379337933800 18.1787194728020722
93.3993399339934172 -85.2895129503253457
93.4193419341934259 -8.2955316301416673
93.4393439343934347 -32.4434345935745299
93.4593459345934718 -13.9252626925785599
93.4793479347934806 -63.2505582771266432
93.4993499349935178 -45.3357095930415213
93.5193519351935265 21.6832304142763839
93.5393539353935353 9.1243616529426497
93.5593559355935724 -42.6234220505579628
93.5793579357935812 -14.8499604749546155
93.5993599359936184 -31.0096089988602408
93.6193619361936271 -35.2163853949008541
93.6393639363936359 6.4886043963175872
93.6593659365936730 16.1494424895218884
93.6793679367936818 -23.6795007650647875
93.6993699369937190 -58.6107803021947404
93.7193719371937277 -57.3262243013044781
93.7393739373937365 -40.3643734334074793
93.7593759375937736 -44.5781375543735265
93.7793779377937824 -57.8364164325148664
93.7993799379938196 -11.5071613471290348
93.8193819381938283 -19.0721152271644279
93.8393839383938371 38.8903695637860025
93.8593859385938742 -20.0292297697356787
93.8793879387938830 -11.5779003128274294
93.8993899389939202 -67.5603203719512351
93.9193919391939289 -36.8844758829220041
93.9393939393939377 -56.8641089285950585
93.9593959395939748 -44.9709772429686296
93.9793979397939836 -41.6216423906671338
93.9993999399940208 -6.6162736038185024
94.0194019401940295 -22.3067256152372764
94.0394039403940383 -43.4796853668109406
94.0594059405940754 -13.0748594994759841
94.0794079407940842 0.6052593816598986
94.0994099409941214 -26.2486431039042358
94.1194119411941301 -9.6559836981543441
94.1394139413941389 17.4934489632122059
94.1594159415941760 -69.9608308260744565
94.1794179417941848 -42.3281950906180811
94.1994199419942220 -60.2750084373353943
94.2194219421942307 -43.6139246530824209
94.2394239423942395 -49.5765562337470911
94.2594259425942766 -12.3757866334802156
94.2794279427942854 2.3946117939942440
94.2994299429943226 0.7781940155344778
94.3194319431943313 -68.7886711373111268
94.3394339433943401 -39.1680293959629680
94.3594359435943772 -10.0808279193823331
94.3794379437943860 -11.0893737516076332
94.3994399439943948 -17.6567685951009992
94.4194419441944319 -65.0022206730350831
94.4394439443944407 -20.9555203204807086
94.4594459445944779 -7.0989298313090359
94.4794479447944866 -22.1807439301378579
94.4994499449944954 -0.3487776803264602
94.5194519451945325 1.2334296779125609
94.5394539453945413 -0.5288287509772829
94.5594559455945785 -43.7965448354568139
94.5794579457945872 -68.5462937577175495
94.5994599459945960 -17.2401849188442498
94.6194619461946331 -28.9872021247349352
94.6394639463946419 -4.4210985103848692
94.6594659465946791 -58.5933126217846691
94.6794679467946878 -31.6519040677615351
94.6994699469946966 -1.1064654321607108
94.7194719471947337 -6.1942028718321502
94.7394739473947425 -35.2519348782043949
94.7594759475947797 -0.3586860438794908
94.7794779477947884 -12.0686311888119704
94.7994799479947972 -17.0744248842279802
94.8194819481948343 -31.0283495122250486
94.8394839483948431 -42.1987776463036823
94.8594859485948803 -0.3723132933337183
94.8794879487948890 -23.0024301420066166
94.8994899489948978 1.6127457743825389
94.9194919491949349 -60.5520865751021660
94.9394939493949437 6.4352315504095792
94.9594959495949809 -32.5060409810379838
94.9794979497949896 -51.2702427794168116
94.9994999499949984 -71.6963342349139339
95.0195019501950355 -48.2506452690976886
95.0395039503950443 -76.6406537667982661
95.0595059505950815 11.6593267235846341
95.0795079507950902 -21.4922355688267288
95.0995099509950990 -28.4428578370098748
95.1195119511951361 12.3450847865662041
95.1395139513951449 -32.1776199938809029
95.1595159515951821 -43.3414013769177586
95.1795179517951908 -54.5894404470887622
95.1995199519951996 -39.9090345154058141
95.2195219521952367 -60.3590886334113250
95.2395239523952455 -46.7216752009482548
95.2595259525952827 -25.2270776932155982
95.2795279527952914 -11.9179486405391977
95.2995299529953002 -64.7585111984112416
95.3195319531953373 -46.6963568441570231
95.3395339533953461 -33.9364344870882775
95.3595359535953833 -64.3945066222500060
95.3795379537953920 -42.0628049205698531
95.3995399539954008 -30.4690201202446787
95.4195419541954379 -12.3758110708804701
95.4395439543954467 -48.7953112000229581
95.4595459545954554 -40.8165029997886748
95.4795479547954926 -8.4387736867204595
95.4995499549955014 10.5324582917843159
95.5195519551955385 -27.2055535672428448
95.5395539553955473 -83.2911786357341555
95.5595559555955560 -17.0198335334948716
95.5795579557955932 -53.4973994226898242
95.5995599559956020 -50.8224185327715219
95.6195619561956391 -67.6693629938686456
95.6395639563956479 -52.4980264297965391
95.6595659565956566 -13.0793491919882143
95.6795679567956938 -25.4330428119047554
95.6995699569957026 -67.1186614916589974
95.7195719571957397 -61.6947245482615756
95.7395739573957485 -21.7134186297901657
95.7595759575957572 -58.6709722792380575
95.7795779577957944 -42.3617044342756728
95.7995799579958032 -8.4858793592989095
95.8195819581958403 -62.8861334021319891
95.8395839583958491 -58.5601254600372982
95.8595859585958578 -60.9807872368257478
95.8795879587958950 4.1211736403861536
95.8995899589959038 -7.9681401510198775
95.9195919591959409 -57.1017994785984087
95.9395939593959497 -32.4920100345981382
95.9595959595959584 -32.3781691457775054
95.9795979597959956 -28.2442345639824737
95.9995999599960044 -95.8789539240086128
96.0196019601960415 -95.5848765071091009
96.0396039603960503 -57.1239099112026807
96.0596059605960590 -42.9003629161143394
96.0796079607960962 -39.8455566191247428
96.0996099609961050 -44.7764706288401015
96.1196119611961421 -60.1927469338314793
96.1396139613961509 -77.4118375219753716
96.1596159615961597 -6.0035127374154769
96.1796179617961968 -65.3901379881091316
96.1996199619962056 -23.8285388547609180
96.2196219621962427 -26.6800825159296444
96.2396239623962515 -41.2288587178910433
96.2596259625962603 -11.7260501202472014
96.2796279627962974 -57.6594718049733928
96.2996299629963062 -104.3215071029646026
96.3196319631963433 -12.5374258355166610
96.3396339633963521 -31.6979883317798681
96.3596359635963609 -42.7524808736632309
96.3796379637963980 -45.9982784029986220
96.3996399639964068 -77.5349287512356113
96.4196419641964155 -54.2190947057975023
96.4396439643964527 -33.2454802596982546
96.4596459645964615 -48.3724313887129611
96.4796479647964986 -45.3959435199506842
96.4996499649965074 -37.8720862433716619
96.5196519651965161 -84.8900077555584005
96.5396539653965533 -90.2602554348827510
96.5596559655965621 -75.2992115368789428
96.5796579657965992 -8.2280321289710585
96.5996599659966080 -7.5986535721182520
96.6196619661966167 -28.0260320995355023
96.6396639663966539 -52.5699354593125108
96.6596659665966627 -37.4402006983070876
96.6796679667966998 -54.8095617200666538
96.6996699669967086 -56.3582063676442573
96.7196719671967173 -37.7389052162264917
96.7396739673967545 -61.0966141092369455
96.7596759675967633 -78.6534990462837840
96.7796779677968004 -13.1737050548172547
96.7996799679968092 -23.2412717706527019
96.8196819681968179 -87.7998379961074988
96.8396839683968551 -40.9917984452098878
96.8596859685968639 -69.2926367947712265
96.8796879687969010 -81.9048465759416473
96.8996899689969098 -44.8239622582147916
96.9196919691969185 -19.5731352356319448
96.9396939693969557 -103.2992437148846534
96.9596959695969645 -52.8992317592011503
96.9796979697970016 -64.1489712151862506
96.9996999699970104 -67.1464928190762578
97.0197019701970191 -75.0478522684345251
97.0397039703970563 -43.5051530051762043
97.0597059705970651 -61.8390875037742234
97.0797079707971022 -47.1069372897255221
97.0997099709971110 -38.7864488599087736
97.1197119711971197 -77.6666738805028984
97.1397139713971569 -77.2508213934925010
97.1597159715971657 -71.9784365984008474
97.1797179717972028 -76.3622986625348972
97.1997199719972116 -2.7771444999883101
97.2197219721972203 -101.0124400415569426
97.2397239723972575 -13.2681418514714480
97.2597259725972663 -70.6723708467853555
97.2797279727973034 -78.7909312732765983
97.2997299729973122 -58.2930689172668508
97.3197319731973209 -60.9080755232634345
97.3397339733973581 -22.3662249965590192
97.3597359735973669 -66.9170891200756870
97.3797379737973756 -29.2317810227979820
97.3997399739974128 -82.2614567671534758
97.4197419741974215 -82.7465002094678397
97.4397439743974587 -34.4487198115440023
97.4597459745974675 -62.6748293823821570
97.4797479747974762 -27.2756111011891100
97.4997499749975134 -91.3301605074611587
97.5197519751975221 -65.2871703577047100
97.5397539753975593 -55.2456022818349481
97.5597559755975681 -84.2157068921095942
97.5797579757975768 -70.8516243568515591
97.5997599759976140 -90.0659117873089627
97.6197619761976227 -61.0747074931814353
97.6397639763976599 -62.1680520345196328
97.6597659765976687 -38.9858868631695259
97.6797679767976774 -44.7805610105850462
97.6997699769977146 -57.1659063373595586
97.7197719771977233 -73.9812556664396510
97.7397739773977605 -26.5361989757161041
97.7597759775977693 -42.2637330170155394
97.7797779777977780 -48.8882567549636349
97.7997799779978152 -85.4243270304364302
97.8197819781978239 -83.9342195225639358
97.8397839783978611 -69.8768317257485165
97.8597859785978699 -53.2599267860730095
97.8797879787978786 -61.0917527897621184
97.8997899789979158 -65.4222982506315986
97.9197919791979245 -71.3588453079200349
97.9397939793979617 -66.0441951182634313
97.9597959795979705 -74.3565051452171275
97.9797979797979792 -85.8854706752051413
97.9997999799980164 -70.5328423214049707
98.0198019801980251 -44.7566368563870185
98.0398039803980623 -113.5264308114057599
98.0598059805980711 -46.9392144569875356
98.0798079807980798 -83.3998830729656788
98.0998099809981170 -85.7855918313278067
98.1198119811981257 -55.9670774771155095
98.1398139813981629 -58.3889785429852353
98.1598159815981717 -51.2645227163786501
98.1798179817981804 -123.3194042413446141
98.1998199819982176 -89.3860650123550897
98.2198219821982264 -74.8151546900703721
98.2398239823982635 -40.1477779554281398
98.2598259825982723 -9.7840312579076638
98.2798279827982810 -64.0855502164067019
98.2998299829983182 -111.6348727620960801
98.3198319831983270 -66.7243773875293584
98.3398339833983357 -36.0626204675896460
98.3598359835983729 -99.6467805567489080
98.3798379837983816 -65.5363291206989231
98.3998399839984188 -38.1700386338983293
98.4198419841984276 -86.1809257730007516
98.4398439843984363 -52.8679652500662201
98.4598459845984735 -56.0651639665254606
98.4798479847984822 -55.5020607181281846
98.4998499849985194 -39.9017104079983369
98.5198519851985282 -72.9519273950952254
98.5398539853985369 -80.0428554244933395
98.5598559855985741 -74.4056360011666840
98.5798579857985828 -80.8008175007206404
98.5998599859986200 -58.4889341868511892
98.6198619861986288 -79.8550712509400142
98.6398639863986375 -132.4777648302627711
98.6598659865986747 -46.1412861611217480
98.6798679867986834 -49.3349799459815870
98.6998699869987206 -58.0825496186603019
98.7198719871987294 -67.9176933231008775
98.7398739873987381 -104.0836967728418045
98.7598759875987753 -106.2031817346848754
98.7798779877987840 -59.0244753390779238
98.7998799879988212 -92.7084384603898286
98.8198819881988300 -61.5696290402287474
98.8398839883988387 -80.3642032102031436
98.8598859885988759 -49.4669633741493584
98.8798879887988846 -131.8778821920621738
98.8998899889989218 -104.5288330666925845
98.9198919891989306 -122.9209865974822691
98.9398939893989393 -51.4273207049069896
98.9598959895989765 -118.7597379730596430
98.9798979897989852 -72.4267508573248051
98.9998999899990224 -106.4036016905153303
99.0199019901990312 -89.1342491280767319
99.0399039903990399 -57.3328055714004137
99.0599059905990771 -77.5596099457213910
99.0799079907990858 -35.1516228265523978
99.0999099909991230 -104.5378756362567430
99.1199119911991318 -107.1417525488349014
99.1399139913991405 -116.1758722081021915
99.1599159915991777 -68.2456232472795818
99.1799179917991864 -132.4036120600853224
99.1999199919992236 -101.3594205757032398
99.2199219921992324 -91.2661582963124971
99.2399239923992411 -52.1409611617034372
99.2599259925992783 -122.3449861982243192
99.2799279927992870 -62.5495223167456231
99.2999299929992958 -94.1004893787003454
99.3199319931993330 -63.9076735997977607
99.3399339933993417 -119.0954215863075518
99.3599359935993789 -114.5414532700484074
99.3799379937993876 -99.5273431690237516
99.3999399939993964 -91.3488029079126420
99.4199419941994336 -88.8874229543703507
99.4399439943994423 -84.2791728795218802
99.4599459945994795 -109.0692118151633139
99.4799479947994882 -94.6431376582515327
99.4999499949994970 -61.5888853923403587
99.5199519951995342 -76.1481103478833035
99.5399539953995429 -78.4513242164707805
99.5599559955995801 -97.5782029577390659
99.5799579957995888 -128.4945216148327063
99.5999599959995976 -120.1320311823334208
99.6199619961996348 -101.1698439187173619
99.6399639963996435 -122.3692104793440194
99.6599659965996807 -89.8895647147173804
99.6799679967996894 -98.6844778462018155
99.6999699969996982 -63.0547180888595875
99.7199719971997354 -77.5710866571960906
99.7399739973997441 -76.3088602378478811
99.7599759975997813 -102.7176853399587344
99.7799779977997900 -115.2845491024101960
99.7999799979997988 -102.3697941874649899
99.8199819981998360 -127.2711634628885804
99.8399839983998447 -119.5593014996854322
99.8599859985998819 -97.8080268281128582
99.8799879987998906 -183.7269354532845398
99.8999899989998994 -108.5032738543966104
99.9199919991999366 -84.1012832598993185
99.9399939993999453 -32.3793073192628782
99.9599959995999825 -98.0321968524377212
99.9799979997999912 -110.2366938992343677
100.0000000000000000 -53.6359930753475282
