5.43499851643835
6.21161471017157
8.1442430558556
5.06597092518766
9.25183373283399
5.29899837724834
1.17071137729056
1.24548213913391
6.67195080996329
6.26669513040197
3.21346363335431
8.45493802812263
3.61594204655714
6.10240760255536
3.94904655645457
3.33632975232042
5.80905652768439
4.72281332971806
4.15768238183225
6.3513883864204
5.38390044110894
5.06239808979887
2.52776788458786
6.1646590791923
5.12548427201604
9.18386371892243
3.15999852739883
3.62791230895479
5.97681184282458
7.73112722335533
1.50177655650697
5.2779051481352
5.94909234625809
2.78766871115753
6.92768830550679
8.77840358895868
8.07280889445443
6.14881469879207
6.39304634866159
4.26518456575572
2.30599753398753
8.86980337857103
6.97229972113533
4.17171232062854
7.8991108981543
7.76971057146658
2.50386108565232
6.24738413156861
3.53496070060267
5.61279740598926
5.69539877509312
4.16070119276387
6.30010277959919
7.14383457747566
6.77948308861017
7.44019452093636
2.49983770259622
5.24578034063214
-0.879573398993535
5.96659488374442
5.72813564394342
8.35793384588752
3.71919032742857
4.17899871679351
4.52277247586686
6.11516988179166
4.62459555867967
1.63616326203439
5.54880189872698
6.12825529236489
4.52659607390498
7.1549436754001
5.65091687878844
9.54581529485665
5.32990192383968
3.50934206143025
5.12611179612392
5.50314712291565
4.3130143104362
2.81998804972234
5.48411336869763
0.369090815600185
0.942171098074926
9.35898526742421
2.78141419175765
3.9556222597761
3.43180649828579
4.39061364225683
3.42834753156919
4.22700355267281
4.42197389151948
6.33747667861849
7.41485103682099
2.24366745540213
5.19698857896759
9.87953589380681
6.40913585173887
4.85066918897023
5.93525621991373
4.53180521045398
2.08241018401175
4.71142639393639
7.36156343993677
6.04058601374462
9.06882115442883
6.43057944777594
5.15704284633641
7.4238059334136
3.84630748818331
4.09028610324893
8.14916921880819
3.80922077669482
5.78834637262932
6.1006664274604
6.93270605905924
6.97612877532188
5.14837820611987
5.87744533090619
6.59150827599197
4.29069329809976
4.60726995886231
2.26302737148043
5.56121573750915
4.63813481323711
6.25939919359562
4.29344240229702
5.86673762985177
1.50200363633792
4.45970171806649
3.45484727457329
5.37092808637548
5.72921708350545
8.07731563849451
1.34980905134124
6.45344509498113
6.34762530165786
5.95845678664161
3.4294085474059
5.45262147780199
4.37822623198618
4.88364542553207
5.13234955454404
2.98230059691173
4.50665720533543
5.84191247536556
4.79630653014537
5.35035681687201
6.33828192780304
2.19590685742457
6.30329854906303
4.61247513357235
3.65621632655935
9.04236050358053
7.25626220506759
4.84924284648767
6.81479972514107
5.00365914857442
3.90367203488395
6.86587267581418
8.86517709017479
6.79961618072358
7.98966824820892
2.58137837009937
3.09445200073162
4.10614235918139
4.04334114213829
6.82573090719719
7.76673525823485
6.76482902110334
4.72334318408823
5.36855649469374
1.22245984176519
6.60488824184849
3.91252150518887
7.86045337236708
4.70038112511171
5.33173639602071
5.02058608208437
5.32836568741774
6.19306101421822
3.58829800805004
6.55844253109799
3.71326880100048
5.76574855380868
5.30318040445372
4.45261852861818
4.7138336486817
5.2306947076982
5.05349532118551
5.79782959716763
6.43461972687191
1.96686926586233
9.24917224012115
4.21620239034152
2.247057086684
8.49663770831585
4.11753668344192
5.45165366218732
3.77484971651364
6.35509448361697
6.49520926494941
6.04340383844749
6.53513934174629
6.92332230697095
3.77457351570549
2.65081777823353
6.93402682024438
6.60367581537736
3.35344354085344
7.88971459790976
0.557321090334563
7.47010341843733
3.31075158563416
5.64731330966231
4.25518989224026
5.20224023397439
4.60231326460747
6.58160628808699
5.01094033522693
4.87671750596908
3.30368537632161
4.27279622211196
7.92252491896747
1.69228295829827
5.8085909605927
3.66339203786003
4.7983423905151
7.53033505540556
2.31869615173263
3.95223135926657
6.18745953047147
1.4307710731392
5.93991447168383
0.923460347122076
3.93575435243597
4.75614598721919
3.49334168829274
5.59487430810887
5.48724311827166
6.32574167353227
4.27497640933544
2.93758115358623
7.09715793852351
4.24867978954208
6.4209824961487
7.50711792724266
3.48583244766972
4.45056563425937
4.56153638463791
5.74743151951243
3.3543226149968
7.84120539210777
7.19069120537975
2.17725633942582
3.12513410981096
8.57030343059696
6.95438606090851
6.85803761171651
4.29979447250784
10.2392319059814
4.39541074888933
5.50280825852325
1.1549969003053
5.39658812203573
4.93655815800421
3.76569164346086
5.71046826367283
5.78994105741946
5.39491060417501
7.70317806993136
7.90090587613833
4.70491133818393
5.70356901603722
6.54763919648752
6.79638940878813
3.26217545288691
6.21285620109697
5.68147897190424
1.49035750961889
4.6616126832348
6.47514036815674
5.87025604833831
3.1154786130417
3.27943479439776
2.63900632664176
5.21076034818961
4.28952970427849
8.26695018415121
4.64904190642275
2.50279672508469
2.6795125074404
2.50749881724905
4.53202024080929
8.70023329640992
4.51191889090672
6.40286071545603
4.81944765161396
5.22156537478462
5.84716402725541
4.30372147125851
6.28976194438218
6.62534256135175
8.96987936425122
4.27037940308317
5.77456663768925
2.64273617983141
6.98219667857252
6.32341028973374
2.8078115524309
4.93469087132431
5.35208064724493
4.14969393394078
0.527365980309338
4.44165547491644
6.14986968673308
4.1661882097057
5.60044596968074
1.38164980416063
-1.65466337445361
3.47917338776635
2.86371811579806
5.50200018274622
6.78179877963389
3.45319058906283
5.50012731211389
4.95482347733671
4.9075639263616
6.717493929893
6.00556244474758
5.6930119851609
5.82584276585415
4.60750519438671
4.80629673629605
6.55592809994817
5.44602941206416
5.20787356223215
3.79246224632784
6.45288996912772
4.39570313463963
5.46249512668618
1.78723041583439
8.74639610976091
6.83086598919196
4.30862746527928
5.87949162889055
3.41297255773383
5.38170864756206
7.00219348189116
-0.581346065006692
4.88335760146463
6.12449399685964
5.4488596804932
3.74900182051811
5.39692461952936
3.66202861466023
9.26160223128696
5.13182797178514
3.60864682220077
3.92259777717362
7.49645877542101
2.14121093220014
2.8993040511103
10.2272846316361
7.24652482220058
3.27152110844745
5.28604874233653
6.083164101619
2.54067676422422
5.47275591919122
5.49875114325099
5.66571849864546
7.95961042185687
4.83219928018447
5.80904753354069
6.67409351514142
3.69053671558902
7.94983056464092
5.52161044945464
3.37621555005185
7.27247574299287
2.84626489729535
2.93937923943038
3.19806178210285
2.03642425128563
6.68438990894662
9.39409274276823
6.46327731004168
6.27959806358094
0.358634813459813
0.402525955293529
4.08769471338245
5.0298212842832
5.93254070450691
0.537671866936814
9.6256212682556
-0.136869058090158
7.6695905541415
4.4218070418287
3.91539227254527
6.79426828543981
4.41460245107735
1.27141082282833
7.34734146074381
2.18491398594278
6.90003837669213
5.67213488573663
4.56704241063991
5.16865862594
3.47620109055446
2.45022044887795
6.21557731042338
5.88960071221959
6.92289267319822
2.44441246462932
4.85300044623415
5.85685894264104
3.53618398918837
7.88967734864606
3.86158871817029
6.32928194276116
7.17309167998069
3.22362841169824
5.69097772180833
5.82867527118955
7.72583181183346
6.07800313142782
4.93847147112104
5.06904948094104
5.42894143260738
2.89358102368019
2.06507158728019
2.65302024789767
6.68367553002586
4.18341072053694
6.42429064208165
7.38248602719945
5.03973001427422
3.69965062201556
3.57390895146835
5.96577987592666
3.68651295681139
6.1995694889217
5.46871980369807
5.91465259341738
3.9775993888016
5.9750229438108
2.11669783787525
7.65105344187013
3.77327031931534
4.53106082723978
5.07455193676085
3.8692516890743
5.00876909829284
3.95405011619673
5.70313761001093
4.22356442568296
3.8973685343687
4.07013703883878
4.61963816470665
5.32063143361626
7.17115551774715
6.18598438791323
5.37857663223732
3.92238765769836
2.64078830411234
4.71845824637981
6.15076591557043
3.73509223975011
5.63896985754702
5.54140274567721
6.57984808134645
5.75365189113731
5.17611951720781
7.53334686539686
5.63989039979243
2.843624728908
3.45076492885135
3.71162592420246
5.87071244061341
6.02737601503091
4.21367659005742
5.48799220664764
9.28333162067238
7.02152109055442
4.42261280908345
4.01475263833198
4.81977374748933
1.87852890701955
5.81317615458518
6.73992761847914
4.43526013768936
2.03032525770924
4.98366815951455
5.80157079654552
3.36732381376133
5.55654011613558
2.97610859934548
3.91599900130869
7.57712773087339
5.62386194146098
7.30136361752873
8.12132876953552
4.51214174252083
6.03556277293263
6.19559519941193
4.40027735342312
6.62915047428933
2.8498979927026
8.20748625684956
4.87905103946593
5.10206429991569
5.91719375235093
7.63034285263019
5.67111388098468
6.33790451591788
2.77665347214848
4.23323763868949
7.88347553765386
5.09136811449307
5.8655628303765
2.26752837981368
2.65836082879937
3.78058558124999
1.58973601283745
8.91994976787775
6.30785299964726
6.70139964642075
3.83328753133337
5.92300985762689
5.21283451189479
7.97925866150559
4.90066188557007
1.55582656876888
3.79968720056125
8.20121293384524
3.92874632963958
1.73387942101029
5.81672428823915
5.84489742607513
7.01156380122736
1.84091506626199
2.50903391829657
1.22839965334751
6.9711971796051
4.50999218665423
9.17563729043172
5.91493020211955
1.16550815608334
3.49914313489897
7.47413794215465
5.54494245544878
8.87582980824341
4.10583902113087
3.42203916809152
5.06680185297825
2.06176320775824
6.73192912088063
4.70764093886747
5.22723400227543
7.98542105049142
5.18380765845233
6.71384331262521
6.14995995485738
6.95068553468467
7.39882078432132
5.94939489978292
5.73502782683923
7.31535285492294
10.1961476244769
5.99233467739432
2.32204028657096
3.01942521324179
6.01287050098307
5.92606920977236
7.94535819693646
5.61134697133339
3.08149496365649
7.17435728986575
4.05891291414887
3.91991078429375
4.7143977573356
8.21561871880023
8.53273096165477
2.27344958379015
3.85175050388226
3.13317465257429
5.14012473501907
5.8365194904062
7.11877227405984
5.40567826423323
3.84856914825662
5.95158474676958
8.00418327837767
8.75468625603426
4.93365420814697
2.66307779037056
6.08831418219133
3.15811463786843
8.12075453173338
0.853630070550261
8.22096733057442
6.11575291706788
8.43364131317254
2.89868092055977
7.77467773210462
3.44620440042488
2.83627428913755
3.18390572121018
7.96819800440575
5.39728082322995
2.07704753672919
4.4710779066673
1.19986373859226
4.58776507566012
4.34499493584369
3.80592276850693
3.26739874010344
4.14892900553983
5.98731677948526
3.85839741495081
5.37122663057137
4.47296825097962
5.62894878236209
4.48759706095769
1.68646737917911
5.9923450353574
1.94258144446784
6.77532465597871
7.70625412051173
3.14153180654552
6.02830239130708
4.50465612761992
7.55189252838065
2.66620090068936
1.66410178984673
4.62181301345311
6.83945225163085
7.09276634833135
4.00623795011803
5.23990384105551
5.96876041834576
5.9547397903559
8.55013817975207
4.71458324544273
3.62260763196714
1.80137162372676
4.42742098146376
2.89389559478565
5.1103938228853
4.24214979644468
5.86694132025548
3.20346034660003
1.9967101566107
6.62570808443162
1.1209877656576
4.92934734805526
1.90743359068902
6.86091891345296
3.72472629065175
8.50713306274187
3.545750478847
6.12064752578707
2.15876837705329
0.502822879008326
7.62774850562243
6.12258876556125
2.32300011375553
4.6027768887611
5.51483248425375
3.67503210151085
3.88294151034749
4.61563725595853
10.3319843526956
2.86551248870206
6.15545972558905
5.51975009247958
4.78754856848128
5.03099829273322
3.39237212680623
2.83094316148718
8.64444601222458
4.99544551625878
7.01087066862124
8.97689440193452
6.23554287451796
7.56280925842423
8.84426277616631
4.97936618811638
4.45012737580587
6.58745369138065
2.79373657370586
3.0388908405594
5.26229299744592
5.44433673923735
4.51469063596677
5.30449924602326
4.89477291724374
0.556412330495693
4.47042109154179
7.11271151991518
3.31545033069264
6.33595506829682
3.85077973206517
7.06276050278733
3.64518807770573
2.46282271222934
3.42242053214363
3.86687830940218
3.16463684691607
4.94659381497225
7.3191906304313
6.02024320260995
8.12071333818585
4.66817590491117
1.35959968280896
9.22164149175893
4.40145653992846
6.18407343793396
4.79221669420927
9.14899228183983
8.44125094540852
5.25954386190482
2.98908924350089
6.32396967714482
7.44599089646018
6.17490219970044
6.48413348144517
5.08651730182239
7.17890834564834
4.16880351168973
8.50880886507637
4.25876491658632
5.18429208387581
4.51378740183434
7.52370982986706
8.57766802608442
2.54745223730242
6.37106448142019
5.07281693980166
1.87276962929216
6.01479267483241
2.7869484684886
6.71599325758488
5.01930703892687
4.98148267003787
5.81902771022459
7.35884799185893
3.15202689512312
5.17735025167421
4.43130361169152
4.70084608944644
6.41706651295442
5.18384217994497
2.30192349840304
3.06565181504216
6.52220506622555
5.99347266357703
5.98115937432344
2.65388323415131
4.56296559094233
3.7118019780002
6.29477014917082
7.02749658139196
5.88554979058246
3.30497762671779
3.39834682469392
6.95762959931695
4.02783336072859
2.60770429361107
5.17396655626819
4.66632758324276
5.77548059852893
3.57515645223033
4.67188127057292
6.69593579949212
6.71037035675077
3.9075270015679
3.80121984492013
3.48523810082149
3.68503934309125
6.91101394980224
6.98023938956903
1.33733195555005
8.00328473448304
3.25056847138167
8.3803037453506
6.00262701330463
2.06236744299261
2.75521122824682
5.56533815214548
2.05591477439222
4.79765444170093
1.85142904632583
4.02265182382642
6.19977505938692
4.21212812386728
5.66169790821833
7.32738985475117
0.497057596174228
4.71967099110828
6.58540880487797
5.23976669069233
6.87724769145797
2.68355912950347
4.03392107403807
2.11688654589311
8.48311796378752
3.51836995051327
8.18172208042903
5.60040882593542
6.64118584933847
4.15023526083339
2.60546916542297
3.697223539036
7.04119899039671
4.15438986893304
3.67031953610463
3.56709742796748
2.76843660761551
4.06331267289991
4.48579888169746
2.83236047705978
6.66026099020291
11.0700501531265
6.28676126766249
5.94521585059647
4.73610135143725
3.06867371845383
4.42133424998417
8.39256576108477
1.6845213498269
5.9699743883264
3.69304026388696
6.16732780687401
5.94392536459825
4.51491980735485
4.13771346649679
4.37088275602816
3.88532423902407
5.17463599627579
6.21593903606617
3.57228579646279
5.86710816704594
6.28815482524601
7.21154612321509
4.80798255635089
3.58405047894861
4.22228611505439
6.29809654156102
3.28122031113552
3.10471262719196
5.63215212041734
3.24267642233795
3.81564533144552
4.26545694687114
2.44448744385095
2.50134583864836
1.78038144101728
2.39661749776445
2.44996117068355
1.52886945268175
1.87670338958852
3.30584967970549
1.56164207890704
5.81857790369086
8.32872532560217
5.76587626547772
7.91430273912583
7.94530840510194
5.43749370552907
4.35246653806022
4.85992819408543
2.72298404696284
5.61950229160917
4.63711648811798
3.08210884919524
7.91692694300208
3.37035568085392
4.54792659318502
1.94849937960333
3.79871818787623
8.25521169940485
5.61361187831897
3.13809447942129
5.31399474226365
1.90972150180492
3.2219117251947
2.9175896617121
5.66901819114006
3.36652413881143
6.48750165586352
6.41399496545087
4.6201858864818
1.02661935707718
0.643859719062694
5.93166782793835
-2.226781988546
7.33855621272131
5.95526674701397
6.22208394181015
6.31027409528422
4.93440390461269
5.86411289274517
4.55804175466717
5.79113108731201
5.91562307913903
6.96319582396866
2.85870522127272
4.76480745920611
7.70710152352343
8.4894470018371
4.53438442539785
5.45359825995461
4.71452826853951
5.4206108029154
5.40217781544081
6.16023489486359
3.93610247854373
7.33570358063853
4.8497961317567
4.74487205257988
3.45942936380596
7.32458323974525
7.94880450929868
1.24834281564152
6.33726413384765
8.29842750232085
4.55517453354511
7.02922711516754
4.9037089580476
2.58243284023885
11.6603675528967
2.636316490956
5.62291779963791
4.2659765094851
4.3702620941134
6.28701709866818
5.70314959556645
4.84482925052607
3.52143035547612
8.54829576655563
7.99851880424967
5.82113824169609
1.3651873439953
4.4454617611067
4.85066809024037
6.62944559054432
2.72427069318356
6.71968028725719
4.44756085068261
2.84082770688303
2.90088339167519
4.77793637450552
2.39850429202365
7.38407476989795
2.62810315497717
1.88156321378378
4.80310655142553
9.50774169694765
3.90068467938597
5.57201079297688
6.0411261947217
10.0971163707975
3.16657078143386
3.98832286422185
7.33717481489145
4.63973207537568
4.78377406979617
5.40930374154743
4.76967723843214
5.18571425994347
5.46957377268205
7.43096253481019
1.59795568372977
7.48576400999522
5.09423662554809
6.67173433867955
5.51131198848654
2.61347907111718
4.67266831727609
8.15056662540182
4.45887977140923
6.87269904487174
2.99571467132264
3.92070105773018
3.28660677363325
7.78165769819506
9.07818936411741
2.43196079869949
5.43381656253863
6.03945010593017
0.0897412222153848
6.4077844335417
1.56175284211252
6.00669617521957
5.26864117791423
4.23411038792729
3.71586063383441
7.48543623173585
3.06825971982578
8.61155158569565
6.79925990911611
5.25715837527597
4.55436374806766
5.44541141296023
8.56100208382524
4.1176341504802
8.0941135028259
5.6686533513177
1.49128191844435
6.42080767845844
-0.269924583218454
2.5419561078261
9.58933147984657
6.43273647081588
5.26508596059466
6.98721230037395
4.42616921186752
5.81114861790627
6.13353126916496
4.21726912392403
3.65506356324973
6.47825739717304
5.55838622688574
3.4173673052052
5.63764251609676
0.307546823064583
5.43608423546565
2.98530913166318
5.84826204268295
6.11558249312887
4.03899143444434
6.67165296206214
6.05390482119812
1.98559030953838
2.14336209390401
6.83937938676666
3.39752889651863
4.58600221780897
6.04476585928229
2.4669536748828
4.71688875040173
4.54757032742472
5.20423776191
4.52187017640489
5.36191394418659
3.07729404217285
6.39680783152552
9.06610527779386
3.87137644375697
1.57993228649116
4.79042425856503
4.77887388281165
5.85930006045631
6.57225023583158
4.24347800341806
6.24888472377831
3.82089769302765
5.55388504963855
2.83925077003909
3.8522327429021
4.58525760265665
2.56786381175286
5.3692870862447
3.13445095281643
3.17139942576259
6.53202807264374
7.45341110355876
0.13036504585079
8.11164688593977
6.32468932675968
2.6930974825246
7.8995998960977
7.1104317436146
4.89597396780075
3.60435920416901
3.5224238200362
4.46999367464765
4.28956434106627
3.44485415782381
5.67392611922888
4.28415411556521
3.28612867834854
5.60725987163456
2.41385151110355
7.78912325557127
5.63073636655438
5.97849510159787
1.89274384162483
4.00760913234141
5.95882446852783
5.67753135241958
3.91421870417539
7.14764638454899
5.59849166631694
3.86780659064896
6.68903280271604
10.0634967621622
3.78982945813967
3.41581664210332
10.9455214449397
2.15004715060475
7.30174079684644
9.26079537693196
5.1069580646062
6.47290773051871
4.5573094012322
6.29780069464571
2.58837939408509
4.57618662510491
3.12497484560577
0.563573338488177
6.61231697348797
5.70880157514537
4.17575597656623
4.61203047501638
3.87198387958361
3.96149872410616
6.64847189246369
5.84451795022798
4.34721866405724
2.72856033685111
7.97963628041518
2.90697061780016
4.06070010848744
2.48449794882231
2.8664162982342
2.57022087893708
3.91682380342967
3.99786146301168
6.78960066320855
1.75960144859543
6.95831797281739
1.96643941343995
5.66072098531572
6.79241186926713
6.52914967019844
3.23290200200533
3.91499318603915
4.3795281695754
10.3883086694546
8.24213254925236
3.84999925425231
5.17932697113023
5.16945794434103
2.96718969037791
1.67604683125887
3.98693312764241
6.90569305973174
5.67296497690934
5.93707051809505
3.50388467335203
6.9065644768198
7.21564277152074
7.96229282823196
5.28052501520501
7.0773434508859
8.68513272945901
5.10153333262622
1.90534643822918
3.66153512676297
5.52470639295432
2.44153150849518
5.91200871613397
6.44115324090989
6.67678360084188
6.81727689285734
7.41353247870731
5.02034693532809
9.26983882059306
8.44850253695655
4.88817158167838
3.25106745662677
3.38536619743331
5.40889314330638
5.16975349904457
6.26201239896241
4.59299117019962
3.81131404385463
2.78680239861296
8.21491957098202
7.23348632226924
4.94669358275655
2.64985051484248
6.91816768455743
5.1339875192654
4.34518976490886
2.12767892119018
4.13214242406429
5.73579841102938
3.84573126385097
5.77920119027551
1.72200911313985
5.36191902559642
2.19606096648026
1.37253437619766
5.06258950360828
5.30797930295245
4.03722622060681
2.09438698191754
4.08035570082579
5.26064005327458
3.12471647274677
4.96042729111206
2.75016356847456
4.95083174915853
5.35006476485914
6.71849630804024
9.0933551119636
5.26021901238572
6.09277281379902
4.48019237041958
2.44875100938344
5.65140775318059
3.81579956539702
6.30001245833808
4.92099957005009
4.38358824543584
8.52931144530769
4.38306993259193
3.89079980572574
4.8421732464301
9.45974150925916
4.35423779211097
6.21591675705022
1.56099636797394
-0.941313108297144
5.97561835659088
8.01144567014548
5.2386379074255
5.16447521863213
4.78358145465182
6.67446358715283
4.25915624674891
5.45353039779698
2.7052863882556
4.20889964567288
5.74515212140988
5.74717328121727
5.22308597886166
4.82385806643089
3.77029762755254
7.58754554104207
5.13137573336631
3.00661196289728
6.07529609089341
2.25031751048419
5.81984793857619
4.32425698888479
5.08494908593288
4.01387655242019
4.37970818106495
7.79111175532262
4.57236562681285
2.69508199569196
3.4276165091205
3.21690216025731
8.09228145041702
7.57254989524917
1.60012927467017
7.99258051371737
1.53989124206044
5.20884324777315
3.34899093248193
7.48293731095094
2.96466530515179
6.04971417505856
4.69043450383729
6.91185903872398
4.32441932154821
6.4676066750669
1.4288058085052
3.10856749385223
5.53975279255279
4.8517059291196
8.46333271780202
7.76607438722441
3.65687490615213
6.19721073190133
0.44634169638636
4.62006446312559
7.16201742371025
3.9783287291878
2.09659091335801
4.88194439277693
1.36770892363752
5.17551147285154
6.70170595264484
7.83599333086605
2.26791274361227
6.28794730048012
7.40713180763828
4.52673477207752
6.57834693354703
4.25726537358435
5.26773768268405
4.52573699609297
6.22626188831964
1.88756877200792
4.08384407097602
4.22036194707055
6.97779342226304
5.27931374258621
3.42843349284158
8.59029003909765
6.66823496681749
4.99456580935478
4.84865192620716
5.59795184835229
3.57003680638188
4.77881151504239
5.29354290656194
7.78967500422977
6.17618530319104
4.64698232685989
7.38721380327576
6.39463639774978
2.79290221055304
4.75435030977022
2.80377329558167
4.04111009644228
0.198087908908049
5.32025623024408
0.843267038607621
3.9271784418109
4.54387077375702
5.31394135958642
6.80649834148849
4.68600176927512
7.4104448226509
3.53609039094893
7.15679605638462
7.0488653531999
6.24347819953844
4.49334026606541
7.11235834163452
5.59211197301312
3.5881194506491
4.64152036904714
8.34882463748452
2.29067574662352
1.79867370219926
4.26931619840586
4.17803342238967
7.86044419872859
6.30809838903894
4.69859154093921
7.37817709833746
0.545187076741772
5.54986302672495
5.83745620915346
3.07035067734188
6.07162322854209
5.02224462245774
5.82303146488834
4.60585364525697
2.81349883818653
1.21461549015089
8.04115812019027
8.09880546923994
6.87309471032492
7.09770816356095
5.95360970284364
7.16574583705677
5.41306458429611
9.38072018604537
4.37951247211873
7.90437280226937
6.95990517895044
3.66704369055128
2.50673656338928
1.93230284103783
7.20589846644739
4.35458392782032
-0.0128643764789818
5.44805078481447
5.23109194531559
6.36105103451094
5.80442051720518
5.99762515744395
7.37193954547828
5.941272885735
2.64012473680264
2.24875750810241
8.8122071141802
4.73087680221409
6.93942276293734
7.61833712750044
4.18575206048466
2.02218978697297
5.91583933833748
2.8699860962673
8.23075155980092
7.48027822373004
4.48936867708042
3.4512895203907
3.76791224932009
2.36975428323957
2.83010985621024
4.95207350582512
5.82141585351152
3.83904815702005
3.3630035752293
0.748692215915817
3.39015799603526
2.64846738147955
5.26918964093501
3.64587327208185
5.53747995140352
1.87829281402423
3.67010047346455
3.52598432753791
6.61095443470376
4.73900017902245
5.64962901818307
4.33163240743939
2.12882002864428
4.87162271706971
5.13437986732475
4.50246517496665
4.34425064207446
0.571316362804723
4.99575207080667
5.66186891690152
8.86558249632052
2.50654740005339
6.6679818248345
3.91564509073822
5.32815332152363
5.61813386096209
9.19281465574028
3.45259275875789
5.88162105316127
3.55754854844898
3.53760802178539
4.10785293006929
4.99300631149954
5.4831310666973
2.83896396417085
4.97720429994616
4.52814165540559
10.752719321944
4.94519219495344
5.33677835694522
5.91634421932398
5.93566282036522
4.07513093738184
8.29642844746617
4.80699647450078
4.26525135863024
6.61815172683628
3.89570558840067
7.64643338941317
3.79533238039124
2.88192531288123
5.59796443440728
4.36037130273281
4.97914409426445
6.06741242271135
6.3279765301817
2.2811683215959
4.5635992262987
1.3561745785917
4.7715707993113
6.23096297640257
4.36534786105262
6.39749150056457
8.05454096188886
5.45754301492616
6.19312073128147
5.53897164252228
3.53826988595688
8.14245477659838
5.98237478389637
3.45519276910082
3.20695512820709
4.59536240810641
9.23853692930612
6.43588578887379
8.53711355059328
7.15332352154552
5.53691768135952
7.63308176307455
7.00232988459153
4.64203135317331
6.57342911037511
3.36980319109951
3.42561297784355
5.32694205267169
7.2981357686078
0.15064815876542
3.71028004847055
5.05823298959186
9.58772303431795
5.79221571449498
5.61262845283359
-0.132094843393658
6.73290328166142
1.55468502699725
8.55965577736211
4.86579679085705
5.24532384207414
6.71741491551467
1.14825021129663
6.61429909052266
7.91539764774577
1.31267515744749
9.42408906452886
1.36872589267294
4.0203578041784
2.8427314533301
4.108570326195
2.48640813117263
5.60156740754341
6.46226075728219
3.81237978270229
2.26072681188152
4.31224141752413
5.86777380270806
5.44627425035441
5.84941641253026
4.79111697289755
6.03417920891807
0.47933609186309
3.50241111174681
8.52456497033663
7.99316969281642
6.83273091806546
4.47821675430963
4.900782174324
6.59333950875181
6.56751316327865
3.65070197950342
5.54732043022844
6.45531622568573
5.40354827414016
5.9753818960311
5.13016063390329
4.34249261483647
10.2050034868395
7.21149748667689
6.37215666209778
3.23380510725203
8.47546979949487
7.80309687504996
8.67238819870201
0.854659361661732
8.45938973734351
3.02723257495621
4.57866334069484
3.56210231806787
3.14061342639785
7.53360632795167
4.24231571981255
6.01843474222944
3.56839152828207
1.11313398551547
4.93871361176811
7.13443989189012
3.99663018261546
6.36441671099046
3.90727045089621
5.24075331751945
5.64098714130229
6.50199636689385
2.9730159237722
3.73614786842289
5.73515105691982
5.4632318691536
3.61575834165961
3.05443009986992
6.0096289562206
5.57407767465199
5.21374221345201
6.81164761141137
6.1129805603483
8.67831275377929
5.53894114140617
3.89347415817845
6.90831068985298
6.55746236562823
3.27188660971774
7.28276412850179
5.30562611227925
7.14825326433226
5.68450648733434
5.13286110046629
5.40062866633215
5.15433747706082
4.60192924748281
4.5127566550277
2.25166675404872
0.705039181203327
4.16873917555306
6.61001211497778
6.85929297998222
5.03809619982881
4.37452217296575
5.03225566443799
5.09978983793564
7.73206523697357
5.70372269361627
5.95694514510488
5.52487245926366
0.516643652145802
9.46953993175593
3.39564008687855
5.61007499810122
3.33054398340134
6.62517248740806
4.30886969965251
5.09551476605304
8.02370663525818
5.03726161166825
1.44569636177447
4.05655347824446
5.02341885041086
6.14047295277425
5.22540504536653
8.12636762603219
5.43440226277541
9.10757432076207
5.81814248302033
-1.40067870659708
4.04538565244202
5.44843090837196
7.18829265493471
2.62521569201419
8.07221742329586
6.31110529678283
4.1869856609382
4.12675827609899
5.15905813594693
5.39798022735217
4.51686223799983
7.22027833586199
6.58397984840038
6.5179482444488
2.85052601763275
2.66820647361939
3.81177201620268
2.61280491609279
4.18892099179343
3.30344357309093
9.07904039919986
4.67523212075493
7.74109828356133
0.952205110983853
7.93893420676964
5.86282315968089
4.20079122100614
3.85846405062328
3.16659229731553
5.19086082849573
7.10950077486997
8.08862879657091
2.17092016866063
8.07962516179081
6.27385916676995
4.53247467618283
7.9314991013805
5.23290913259334
6.90852269769999
2.24587323605991
3.97301102591423
6.40844904542992
7.28041158445436
8.46548640654705
6.11098759730452
6.77247004811035
3.53522696606663
4.9670138765213
5.69768723894802
5.40676499040757
4.37184276325018
4.26331728112645
6.48228028043621
3.55292986815019
2.74673338892347
4.88523177433827
3.87107990525936
5.81111146970633
4.59636764705042
3.21109721694392
2.82638094639956
5.48116974785935
7.70002196099471
6.84743093546467
4.73148931827692
5.72137794834414
3.96084232749204
7.83850959515371
7.24785478144833
1.12810471449322
4.39133623508715
1.80862130489178
3.96663685977127
3.94326982279208
2.95172620696592
3.84383570674936
1.59335703038123
5.26206215200725
4.11763596996009
8.21330628746417
7.93934925776435
5.08738327282099
3.62475782059554
2.74820678774864
5.8461047870105
4.51121455157671
5.63261504786163
1.48308529566693
2.57667412495539
2.86327328309876
4.84710702308967
4.61942868416123
3.61166744826771
2.90296893810381
6.93050630263411
8.4751460224554
2.0732070358152
7.89075837091963
5.2496579673998
3.44355307244583
2.94609495677142
6.29551113482839
7.57727152830957
4.33745960204979
3.18900650469833
2.67999529908599
3.12124280773499
6.04049168228739
3.48588113664224
3.49143776096862
0.279042773600415
4.58635447543177
6.11942230495934
3.87349673999187
4.01800702706641
1.94084178556174
4.46721598695654
4.84928009237115
3.88443856138677
4.654248980666
7.35961697183219
4.24002341145616
6.13151155042943
5.08188997578386
5.45286907594385
4.74023441317304
2.42887619653828
6.4727231552844
5.30476334701728
3.53980727649073
4.82195100563644
3.85100728050292
6.48984231591273
4.97037543526155
5.41629838251555
9.39039290043723
0.987032366519329
4.1618386002229
3.78184648806326
6.90862112007435
6.62541598424777
7.93975751738777
5.37778229283549
5.73573650652464
2.50928682272181
3.45923556342647
5.8730580896293
0.852094434742407
3.72906659858087
2.19854518121503
4.28778336261574
4.35572973713697
5.86653749118958
4.28371481243521
4.49637385406545
5.61056693818736
2.22676967671027
2.11879789126022
5.92309139955517
4.35339346793219
0.131252744894833
1.53402200522866
4.12835742845046
1.62239454818358
4.56642990648404
6.0199441589799
-0.368853266968677
6.19367710319688
6.60001927501196
3.69237325978682
7.73978926565765
1.69946087627554
4.66298856321036
4.38045943556054
4.70844061076045
5.59201534312254
4.12738755525031
6.12207872192404
6.51707133801884
5.69739873007185
3.66582062402133
7.75811888643196
8.15959540512744
4.79836847827993
4.81608745665159
3.12022851048879
2.03417949994035
7.5334562368023
2.09975250295467
3.13340861882723
7.46384510686755
7.34196654746828
6.71741191908399
2.79710894197432
3.15506846143107
5.92634118984321
7.21259070757441
7.51641925349478
6.07695392758579
3.95085349004349
5.70855204409441
7.50235282484246
6.545477965562
2.19483857777575
5.49193886492005
2.7246975380427
5.5772830072265
6.54777220811731
7.52552951319421
1.69285465590639
2.68809041596317
7.78146145900263
1.17285586322974
6.46767465674671
4.82821412992172
4.68407200961728
7.69246835597546
4.86194170974218
3.16059508342347
5.85075930099876
5.64533096123885
9.62789658338416
5.97630051805641
5.15655121753309
3.78399126101744
4.61368090965704
10.7184749332854
4.94700564965934
5.21321280643297
5.08126006570481
7.36158004012799
4.74173028163742
7.9397518153933
4.25171382995733
3.32809099249301
2.9214572149072
2.76619340035624
4.80994892946799
7.15874463885543
3.38944083980396
7.60520472082715
4.30715889606733
3.57279055865541
4.74107754356565
6.14930180847202
4.78204505845769
1.48102884627547
5.2303272789492
6.1837906468814
6.61405554779863
5.96839911702683
6.15462885344544
7.90927234716892
2.7676950387095
6.11615520674299
6.34291229590837
5.29630710817034
7.1571760990886
6.36581461985589
5.88079363754584
3.33364765411462
8.29155918331233
4.03149443609673
4.35068067510907
5.04631253432377
1.78571738436249
2.63148383599976
4.08513590166792
7.55751959466846
7.1428369201553
7.43633224743547
7.0679528482523
6.63214749655538
10.9612470983009
5.75688016675641
6.30258833966573
8.16834444407611
9.2122310405145
1.1506357278276
6.11622436298953
4.9166988834703
2.90395809920738
4.34470241326737
4.52550727456074
5.26756377338922
6.40628403305931
3.85271992287089
2.86609849150907
6.48124291445501
5.52703515386696
8.61846334243556
3.22052430998614
4.08939946644874
7.61294308377139
4.02003452172023
4.39103574826351
7.16158392125627
5.04786958915546
4.28640421004484
5.41106220755842
5.89929549029129
2.81600190240664
3.20297457479162
2.88493333383956
7.13371902865865
8.29340561018415
5.10052365754897
6.95902373318589
6.92492154575328
2.6991426160776
3.91352288671254
5.34935856105021
9.16004192399598
8.26941764729649
5.71703124745235
7.7046239175152
3.89343107626805
6.15845359816041
3.60154144656571
1.32285324223416
6.7142611878702
5.0796653871102
6.94554592535205
4.26019168305675
5.18829385715753
4.35071013529539
5.86263611455204
2.41930941845272
3.39725874239386
5.89120941733906
5.22340568986721
5.95812320879447
6.8335484019517
1.71917280962166
4.67207204824091
3.68849449785514
1.88908044385841
6.68266820604529
8.26766363487415
7.37105533818996
5.07074776797194
5.51028938906964
4.19260551981764
4.27773753973795
1.31599874208
5.92170057402667
4.61093767766819
1.55657083675425
6.50656828663367
4.55441002124567
5.44522392158604
4.89962710231576
2.17331442839427
0.989079281881945
2.64428019672078
6.01986449335761
2.26175772180089
7.94349408312529
9.37875350096497
0.147617953097481
2.3841692242778
5.45618978213558
7.78880578114862
7.13513648837455
6.85819822490141
4.10236476802467
3.59281067427488
3.35446663020455
2.94150239699081
4.14913669252979
7.1277242261783
5.19608086390901
3.86733921577388
4.21491229586247
4.54057455757239
6.91414017348968
5.65162513407265
4.55337502648356
5.02542978901999
3.42977604931328
6.52694310941083
3.86318789240901
5.66445371726197
7.61684507880281
5.28163879209273
3.46095432993987
3.5871468289472
3.45718914821629
4.9942820139064
4.88350188904557
6.63944993075964
5.81525225452562
8.9110987061999
5.23763523492435
2.83658712383767
5.1238697001858
1.63972131629244
7.48611591197157
7.78735682357049
5.6827390843447
4.35502571790049
4.03179539530825
1.8103989678374
5.16241586703543
5.54315495895673
3.06416875501767
6.79778938654805
3.87135561569783
4.33689759692026
6.02095266767072
3.61195396429898
1.51741530199751
3.9473844090955
7.53664484103653
4.44699422075254
5.39208232215803
5.35101275476022
1.83165775773226
6.03798708061325
5.30227606862277
5.59042219551025
2.12521721604023
2.25867009734091
6.28731616204575
3.23133883873833
7.82461112050176
1.25253138361622
6.64778959570118
7.05268163531844
2.76860020877593
4.40647402419875
4.05228912446382
3.63459141385418
5.24574700703892
6.01930578652899
10.5823423336142
4.64380893977986
4.87178929341231
8.0129489512331
4.11443374324749
4.63343379513287
4.65600570595577
2.80239787360353
4.18910401930758
9.35245140092441
5.99721537343396
3.87924129309198
1.55319539170656
5.43079273440802
6.69134077701437
4.3112529255193
4.42825341738429
6.57011194005462
3.85398437559362
1.25373402505921
0.981247148645295
4.09935363196077
3.54831691879276
2.02538085572796
5.16980009096261
5.34366014136513
7.05159547975192
8.68425557187503
7.58451460435272
6.82132769401009
2.16804222135199
5.53228377886833
4.21928373099455
7.30665063640177
5.87703881030396
3.67287686140648
2.60850481445575
7.65481018043635
4.77851858344555
3.59396837379911
4.31061367284648
3.68725950448545
5.6781393188419
2.40127975345716
4.09807821454496
7.54152398503203
5.93762932232362
6.50991439152081
6.13781789913603
7.10354800320604
3.77885440430139
3.2972407455615
4.52114313009402
5.22373362613126
4.64181613067367
9.51091891819049
6.62357030463696
8.03102023839269
4.8433495166513
3.22181114261518
5.07246916045672
6.06834790563146
5.29552768123766
4.43763472484807
2.5161826703696
5.13812941448872
3.85827580735946
7.55445037144858
3.65306019894912
8.71119971379298
4.88639302627391
-1.34686540356717
2.8252212188539
0.268588017363778
1.90406977327343
3.8981977206713
4.82929370345425
1.00475648045938
5.8991874061394
3.69626848485598
7.84310748507615
4.19178708447279
1.64116216323798
5.95496737801937
6.96859790734331
6.05406447325313
2.5133930690542
2.92373072634393
5.41276372668701
3.36113240348712
5.14311907411033
5.64778622073381
5.93980975571895
4.35818597912084
9.4854103477187
6.15047921271923
7.86116098463364
7.00219153187482
4.27096129602416
6.31385389572011
4.68713652466589
6.68544438259945
2.61974637436292
7.10133955830435
7.50820967673149
8.01430002097297
0.985762769374722
3.69688236714777
5.65553274362033
3.84994717875014
5.3187715892134
4.62710076387819
1.57502412308353
6.47562285915371
6.14213407498484
4.48664496989528
7.15989630136942
6.78195864150307
5.98029361528002
6.39152704240106
5.89724856668719
3.44819956051765
3.50848436456718
4.53156469769371
7.13322032115253
5.53207660718271
6.26197924939998
2.35636197201951
6.66615496921404
4.52660308494201
2.66864232411617
6.85581421517912
3.84823621912226
3.33159672792491
6.59816554542742
6.30874505543348
8.46461954727362
2.32269700759498
7.43667543972665
3.66914435964994
7.11277046488663
1.58555862276253
4.85234186285945
4.94339246699202
5.28490856435604
3.95259860859491
5.05670869628449
4.85615321994473
-0.139803806808684
8.10171116635239
5.89017541940545
5.73475046864397
2.18895606616787
4.46006179224231
5.69896607100855
3.73160702623755
4.46682956014276
5.05457794953408
2.88650205052764
9.08644382303444
6.79920989130905
2.26206964325359
7.71438873938859
7.21603851334177
4.12294891043136
5.61307820131268
4.82029220234055
4.29948449340013
3.74794604412847
4.23133165652832
3.69963723372509
6.44591726946676
4.2054885803986
3.60943966083139
5.35757475351222
4.52200804571754
4.5353910869287
3.93901922152069
3.18491307771804
2.64331990968669
4.98428925957402
4.1762891116008
3.83223708616827
4.52536545566003
6.89733879765581
6.36455449884277
9.69139161051868
6.13142578104759
6.57661089869375
4.45388034989999
3.29553146065133
4.51487557115915
2.90504673089293
5.54591675599472
7.62038507216703
6.84893601924782
3.7615340389059
10.2147218431884
8.6683541296271
2.14291025603064
5.12624188153956
6.90900162927
7.29912385118975
3.68708014931834
4.44112837284411
3.82921511325242
4.66200196002251
4.27375508900376
2.81572947641217
6.0476142264091
9.04099161962732
1.97604738621958
4.99025117037016
5.42800077756203
5.82719794799916
4.15177430956582
3.34842975753477
3.71532873240984
7.06684149379127
7.36500313193002
4.8012404969968
8.82316172016591
4.69710833136209
2.62673831190881
2.10627378860573
6.36005043759916
8.20739873289907
9.27301573615544
10.1180042981019
7.13538984677685
4.13784982716033
3.6542665963615
3.36949322987959
5.47305133032753
6.53163222977275
7.08164212539795
6.61274094160929
8.01392573529997
5.76415409259986
7.23439011888219
4.54110977958172
5.02172929066666
6.3131523412865
5.44407539844311
4.90349776713867
3.05775949904877
4.57299977368967
1.36184713193074
5.14899385544712
4.893578616956
8.10281700408759
5.72633506018756
6.06555869987882
3.79308844402779
8.31235902055654
5.68951089423553
5.42297929816571
3.17235687475685
5.49240545998276
5.86669342068508
7.74323641245775
5.0770598747497
6.27834728126457
5.36391792806026
6.02904304660933
5.45511896107491
2.72038927695344
3.53819360619175
1.44095598395192
4.13217416382816
4.77729205288035
4.85729112454996
3.51827504680454
7.70125549420311
4.8373410511067
3.09530008841311
5.49319893117584
5.05161263605183
2.44537806747966
4.00991205842825
4.71042127653
4.33454518575172
5.00085701367742
5.26516007339474
4.07398486292877
2.85915426833242
3.13258099710844
6.02793183022511
3.78320430423144
8.04209617583253
0.537870501284262
6.18839204482473
5.28572661713391
2.3759705241
9.40587840237532
4.12419481686817
3.9509401228199
8.34811637266793
4.61215227850105
6.6273400448601
5.67111563219401
6.13295192498786
0.68258495826011
1.86864438962727
5.26529215969743
3.24666614427777
6.52062474080494
5.81874176147364
5.4844132514053
4.41601646263121
4.56456760759008
4.62616664254224
7.19729444019047
-0.162062678989891
3.64026812842719
6.06286088734693
4.71286936404165
10.4623948389269
6.65047090534594
4.43664931649446
7.47302523601619
6.60274649979581
2.97031531403568
7.52326892640826
2.6935305399447
5.36760370885454
6.33000583274345
0.307342074901729
5.61826086766928
3.748130930442
3.59840172563102
4.42863208393037
6.13240767568596
4.79631624507517
6.96645460099008
2.55611004985526
3.6191928765401
5.86606068499888
4.34061228875569
9.79131678179565
5.15401030034261
6.73319288630723
3.76509975334662
7.02933691251434
3.90076515514839
7.00441012710627
8.03461060918146
4.21545943209269
3.84053668933521
7.13163378980108
2.11888211468713
3.42491600184085
9.18996852387955
6.33328710668252
2.80057479589675
9.3976494453125
6.05418162739961
7.22143656127829
3.64437359744451
4.28122217897325
5.81984845636206
5.63815207634459
6.10192812898528
3.13704586435536
3.73128000915504
4.91058203721087
5.30970173856965
7.67720251129672
1.77256761233034
6.93795693263538
7.6942572308
3.30026906393381
7.22032503510965
8.17261455726968
6.58541108420122
1.67660047095452
5.44101695303717
5.413012065468
5.09531251088837
6.65275663079793
5.81432920927919
1.55037350845624
3.72621557284643
5.48979670776416
5.91746264255135
5.45934147635302
5.95306906372981
5.39879087567591
2.8916022124035
3.99509375989477
6.4555340524668
8.58759173487741
5.97348257815324
5.83561297056683
6.8432713130092
7.66167815034044
9.3720123845033
3.61286976003555
2.8509878400851
6.52099380929919
5.2355469377273
7.56230217768291
5.27597737107841
4.89788464685679
5.03158403463789
3.95457791290989
0.145492403331335
4.47147972265495
7.66884330055263
8.66540830443633
10.9786741331158
6.61341189707344
7.27479280228166
3.2949191061067
7.58514320702762
9.87656404753455
1.6722154407058
5.55240518820685
5.55607853437489
5.26137167216311
1.90644580373323
3.64965079146615
5.41613004160057
6.1815268393968
7.98738741852335
3.5214056895315
4.43019776424693
1.53197475860053
6.10706854676307
2.56519367504361
5.71943099292168
7.48917467410037
6.31732278704342
2.82648960018355
4.83614248884207
5.81559352980239
1.3497138700556
8.21030517004225
1.40158871310746
5.09532568818964
2.67358337680725
6.22592080895137
7.10090559810572
4.1025580780262
3.78997786477368
7.38302961137688
4.82150525026226
3.21257927884679
7.84757023572761
3.85790329415006
7.92823260998661
6.50092805956651
5.00554292082505
4.38294853114592
3.24832429462667
6.48901734662304
9.50151470774168
-0.207701970312773
-0.23555847222657
4.53706222711287
6.11199615244229
6.20540822606842
4.84983834357482
4.27636377908235
6.9163002481134
4.24199167919222
5.76438066011683
5.80029911503236
6.1464853612419
5.66145959222781
4.17406861450558
7.46687077113246
-1.74915308139457
7.50206475388658
6.71363604888991
5.85340605736189
5.67029671526298
4.06849047839838
4.67263660826782
-0.531406474852822
3.71266377452796
1.65532351667627
4.65768090839005
1.01687881156109
7.50618276880076
4.30101458293784
4.87423842189777
8.1053701278863
2.40687355016698
5.24105961565585
6.07936187345161
5.71320791127935
2.53101260298042
3.51630462105028
5.71835147001735
3.79740522476416
7.90395928424802
5.42768502994514
2.15937397414577
5.57986728693845
5.085248014303
6.57487210774645
6.71750088443152
5.67627249393255
3.30469755052981
5.2490901274322
7.47422128211093
2.13066666656083
3.99059924559807
4.48594192252718
1.82465674964691
4.41326171583332
6.58062527903857
4.38961676810173
4.04790248872739
7.50797923369125
2.82486630961755
3.18637429865869
3.35071498592664
3.43492226475906
5.10836184247682
5.1765615496993
4.14139047594559
2.61279592125219
4.1349872915234
3.06520088845156
7.64539769434334
9.06820334176652
2.90733888858233
7.19356338126095
5.15320808057956
3.68394398547008
6.06666220813883
7.39434993049439
0.574988187694919
4.86853626327226
2.7828380408058
5.01090781144557
7.15415582315122
5.57395821401485
8.3168796000842
5.4667995602067
7.16347045208003
0.960935081436067
5.71296834622348
4.48262627067906
4.38813598559494
4.67743938585545
7.65274583640926
3.62652471393327
4.3452024935351
1.28397083478733
5.33718407759415
1.26716843975073
4.15385944982136
6.44830520983158
5.31949239839353
3.29029173610983
4.77065183232457
4.26589421223607
6.62891417304489
5.13276171941848
2.78781998155416
0.234017594694751
5.4755059577783
6.80379808894439
4.89626592518352
4.34867966475905
4.93651129967833
2.88883814580577
4.72088037349853
4.55001285257634
5.03449011646246
2.02314437537962
6.27550588333848
9.59156063698568
6.92060988626558
4.73798395468365
3.62825714305081
6.82576997776743
3.07396581348067
2.17427288714826
5.01004009935671
5.71745164244191
2.38734250785064
8.15934671780726
3.50765730673441
3.78601210938294
6.2681266053457
5.45854576656541
4.9567325009237
7.94768720393222
5.85370852181591
6.92143523842672
5.50179470240994
1.56237122657474
7.62954661473994
6.23353774602975
4.96502873734764
6.78534725326793
5.56121315582476
7.18800397283012
2.53920262491604
6.1825909852923
5.80262789682279
2.2663009386287
2.81579112167417
5.19069935379742
4.84238366031649
4.85001033670189
6.05489614808701
5.07938740898361
4.29446587429505
3.93484018501155
1.61478469709817
3.6964633458516
6.50811565974417
6.77542196071634
1.18006951894951
5.29489615975334
7.04005230322595
6.01450730511801
6.24682445004852
6.22472741213894
0.989945085169852
2.8103053601206
7.7892546501168
4.21311011847045
3.13121591437479
3.21078356223571
4.01207512348254
5.57994495759136
5.90246297327687
4.13160266381804
7.75408953637397
1.02399311322937
2.82595842597497
8.23676699306534
4.10652221590054
5.56167119693698
7.15857411401653
6.99015401650776
4.17348046658448
4.9917025542153
7.62647580243561
9.60805373655772
4.76457435007167
6.46177136374967
6.69124301835478
6.38708773590385
1.94651427762156
7.64882149381962
7.12351047075219
4.8669272339259
3.91726095220504
6.52498415798811
7.00008782180407
3.93737182237975
7.35625421960244
8.03905753177095
5.7566711859453
5.77190057521924
8.43312656218599
3.25722159896722
4.1767111074558
6.92632770627425
4.67017900531921
8.02443796454974
9.53342261123758
4.16968956579049
7.29659751415919
9.11175259058109
3.93470337075515
8.20184976462039
3.55367498282639
3.99190933986293
-1.20003000135961
2.89966059299333
3.4479897621063
3.59396607969471
0.848642669786687
2.70734579229906
-1.44441666902425
4.11240879204888
5.96281935998692
5.81312944399307
3.80084522068935
7.83128142178153
3.63577990149416
7.13680445285339
7.85900991465354
7.08017433772649
5.28388526361054
7.83841131998995
5.3255497446092
7.07376912491929
3.93904539739118
4.17972770760804
1.86233540569599
4.34271740879506
3.48131739317669
5.21886572406379
2.98465785379166
5.50080377114618
2.65982769897466
5.67367437387841
5.4588149689272
6.47872841423018
3.83402202656496
8.26310921922008
1.74833744057091
5.97450167060586
2.83795207198925
2.25157676964535
5.10278927857001
4.44368387923823
8.98408473488022
4.60240629243378
2.16392621484266
-0.431274853455515
8.00291284735129
6.51631587042119
2.50522920833415
5.5505190404082
9.93862177585168
4.23604129042531
4.97383024537508
7.29744511678543
3.52142486580631
4.4073192865309
5.83949982956055
6.24017363209348
2.70839896891305
3.79618459154994
8.77533015191039
3.35936827921001
4.23995725656117
3.19624754274747
4.47930938889502
8.79580016227699
4.33458543182033
6.94451628839247
4.98324670472291
4.98646688412165
5.42887481396659
2.77248145071618
9.75086875694167
8.48769244069028
0.978514203309905
6.02282926841053
4.3568591164118
3.07569811274258
5.30891894645504
5.72098830943026
6.86695933175516
6.74893578584941
1.46826869612129
-0.00638304876686568
3.32079502819495
5.00190877531534
2.06465681379545
4.95146534100348
5.66484671538475
5.34865955321455
8.13744160229957
5.73980813848594
7.73689810543444
6.9351882431093
8.25905760127346
4.45940247035216
6.59334786546238
3.57350353231206
2.93843510138773
5.51511088101285
4.90773882921199
7.81992043081372
3.49770481836814
3.24924264186611
5.37933923110065
4.45392821162713
3.96256478705881
6.67677477331806
4.02457112890844
2.30795472859324
5.7601116969377
2.18525130377095
3.87179879284393
5.9978605208776
7.36997591535268
4.6322533337085
4.08387056373044
3.63961140378156
4.37180148539643
6.53825085939436
3.9598557221904
4.40255203478454
4.13978266354439
1.68810277566131
5.21829309162703
6.22160700530507
3.50972669068272
3.72706327144726
5.36408541758242
6.32214147895039
3.68063741267826
6.77325975201232
4.58272107499193
3.83535736389932
2.50700881726554
8.73771211168826
4.16994665511647
5.8982177269251
5.03386219681271
5.63111598886556
3.65995610655436
8.38205559432362
9.63781450581147
3.83230272710891
4.7177382792672
3.74946520282584
3.25137381619512
4.86991349669905
1.87875841199678
0.590137545165682
1.4937600208255
9.31425157687504
6.94091733254589
2.52144924326576
5.15444754413538
5.11326189995789
4.60295849460365
5.97660113851337
1.51376511371766
3.62179306684158
4.93596952596637
4.89834865871928
1.26753313063338
4.34511625391483
3.58213418552299
4.60982153261336
6.09417421121622
6.52354863222622
2.28329034074791
7.13708956823521
5.3885438689761
6.1635343693992
5.25709217915433
2.09634653261485
6.35969725595997
5.78959334313475
5.67174312303246
3.09553280070229
5.87626603499515
4.89685410532533
6.88099818156576
8.41200860273079
7.01335669751062
-0.10156192002484
2.01561119526271
1.09245546415988
3.48486392115379
2.341353896467
3.85485089365404
6.67037058607992
3.83894676877137
2.47320908254028
6.5177038485767
6.60813248827249
5.41004181004184
1.40712878473539
6.78906498290327
4.94619502755831
6.21965687923371
4.37645684561866
6.30224116498056
8.05857425088332
-0.056457908126295
3.18739620095134
1.47538178260234
10.2161148391673
7.70688174437234
4.01264298222825
-0.0835962302188902
4.54747683744524
5.26836796359258
3.75072670202414
7.13688626730767
3.28021652840974
4.53395556116256
8.55303163780411
6.65700930746727
5.11774241679093
5.07778371331464
2.42937320407925
4.78916374204066
5.02207646473939
8.16516393102324
6.0071606217166
5.32853391647497
3.40663348519938
3.4590378069739
4.64237227525548
4.97666275502687
2.57107183309196
7.44485854477837
3.83044674488642
3.88168276152832
2.50457402985043
4.15587412947449
4.58285445804747
7.6468111034431
7.57104062924762
4.74831885651558
4.63200480716047
4.55285419898519
6.41385870698022
5.46986019350765
3.34535938995996
3.96138240375345
5.60515343309237
5.30056340430396
4.92637445709788
6.97315026614936
2.50001344245924
3.85001326465312
3.7051639663277
4.73448292933333
4.72989486143765
6.44914374487542
8.35831312759952
5.30378263447978
6.46290452816041
4.66079675644986
5.21156234089688
2.41852613195024
1.95231647156997
7.02411080280316
5.97395607886307
6.80865852457458
4.63416705194133
5.45155698737455
3.07207075982739
6.77879651637883
1.50982856582247
5.10716092745367
4.5462755232391
4.34604050242508
6.01986163704871
1.61743251851729
2.65127516454632
3.18335083818845
4.45822379291746
3.20004895826061
6.09159353589478
4.89554903657005
4.50048053371432
2.41911019655442
2.47682297212467
5.1781129569375
7.3495252782099
3.62572525721786
4.34567414072353
2.01406497083146
1.8386183239829
1.10482127059121
5.65338754328176
5.45457792496382
4.71458669811447
4.66009873995884
3.73959488067414
3.25869986469673
5.17087499375762
6.19262128039411
7.94287126510143
7.61998789956864
3.41127653845604
2.35355093541385
2.27278494847104
5.0037649284948
4.47381141775786
5.81498528776633
2.22846581943317
5.69533440132626
4.58467598523681
3.43655130122135
4.1832088480232
2.60979010175764
2.99582275556175
4.31901689039486
3.48607703386658
4.9786512880135
2.36353504104824
2.11633262417649
9.4272797810302
4.62736960278815
8.168934856129
2.85512656405869
7.10843278459533
8.15205243680057
5.48060612676433
9.01131098210712
6.37289741163041
5.15898691555039
6.2416460533156
5.94323765516967
4.80893990531897
6.18106525496011
5.63584659827614
6.75613768209904
5.37254940833994
5.28845574845486
2.97587501692886
7.4005785709159
4.99173212030314
6.00259636279887
3.3873733162149
4.28515443322819
5.30182627898366
3.27172885489814
5.34006383026516
4.96448287447753
5.32389132039998
6.05882901645405
5.94465800946261
7.63369687302221
2.55024782046004
4.27791275393671
7.85876498625144
5.89084664407795
6.6575190123252
3.9290459726941
8.61629793868459
7.29946406773708
1.85321552993544
7.58884246030441
8.54880750883997
3.80104797761305
4.90503277559806
3.1252748127346
2.99970863669365
6.24334014300925
9.75279753564321
5.3815793839448
1.26618441109918
7.84004331676661
4.92310355438439
6.95682574107925
7.30962254642828
4.97401812130266
2.6728741778995
3.1525199054348
7.48101385932123
5.69230455859919
0.676481827818848
2.7801459206512
5.89704189532945
4.43717960012793
5.11047548549254
5.94106658609648
7.31113228422408
6.91903122173804
8.66291490995376
2.71773276486295
5.82580208371091
6.94536363401138
4.54436492754986
3.2044205170098
5.12579738432383
4.3802646899497
5.90706625513383
5.7774137226805
3.98853282742778
6.67219626105457
8.98943052956908
5.03188106289036
3.88354823965372
4.21692017763885
0.0812789663112747
8.38722112137034
4.58413044919946
4.72114853431505
3.90025612110757
3.98241685586526
6.95321686992245
5.03886137109827
5.42514020413123
6.08487182356602
3.16178704725625
7.25026566987643
4.46242081714948
5.3517538655722
3.90941631462419
1.82818485763747
5.86039275135463
6.84722354714559
2.64228598800662
6.32452470983036
2.94659330303887
3.56213773188033
5.26478852444339
5.34960316323464
6.34874197652544
2.89145304024476
0.638821607262764
4.88807705423646
4.52009909081366
7.0895274610069
4.63569577807499
7.84323717010151
6.99493185973977
6.84774139820151
3.79376541530061
2.1328041664314
3.86497570516567
4.69616695495972
4.68823027321456
1.60658975266295
1.91022511311888
6.15538418619461
4.54324674431858
9.59755030644257
2.60484456802147
4.58632700103989
3.07451751778717
9.06809656840162
5.12434724715763
4.3520801296228
7.43768579284001
4.4298535988727
7.19895891741829
4.785871026262
7.98129533561389
6.15779010218336
3.10134008285017
6.77141358238998
2.74089750816236
3.16987379609149
1.58096812908282
7.02403324638948
5.30087713610568
6.08831441379314
4.11015462238993
2.99833009982107
5.24269583802513
5.96361471392306
7.10856518758221
8.63977950108359
2.42027355018612
3.3121912797856
4.53034728693199
5.15000708430475
6.3071564917788
5.45134827976098
4.70682916887256
6.33804546276764
1.67536687932727
8.96399946887229
4.31449430042072
7.36248531049634
5.98961041699626
1.42801506390138
4.32691198904114
2.84446759112112
6.62008067943076
5.82305569218922
5.07736981478467
4.13613011366533
4.15250514163307
3.8114423951915
5.2878481907078
5.46043467684786
5.90099266543696
3.60297748949926
6.77278193774315
3.53105444665099
2.74911650085392
4.45873547135076
2.89447337396082
3.2446268597389
4.99733648036289
4.42363038893865
4.89175728403613
7.54774771800017
6.01827811095858
5.83564174814949
6.2492510453467
4.50843721040222
5.11805758867481
4.42836092497187
0.860241468553885
2.67728659205464
4.20551977900276
3.43255633651753
6.61758743888343
4.39480128108851
4.61186029049997
2.3576322753876
6.98637067261879
5.85044043276034
5.68817916390878
6.80818326286665
5.1227312717436
3.15272836935812
9.93058090141988
3.10507657976308
4.57785788484749
5.23899860481167
-0.320668855762676
0.0985776434582553
2.29640898741486
3.4740484124523
5.26420666555382
7.262235244011
7.76961746749671
5.97406490067391
5.10401265338646
3.40134454691448
3.85791499384312
3.5114102962793
2.07997500478083
6.30515355973697
0.684662323165663
4.5591439221747
7.30703087805859
0.428483163963111
3.64144476363112
6.56234742141532
5.34872424239728
4.98361361847623
3.73908828778689
4.61254262150169
4.02823502198298
3.16961067065213
5.07608597091613
7.34531019417519
0.534523770885113
4.78734523732001
7.0337356705076
0.949116502009201
3.853640248986
3.93669280937788
4.62605170247912
7.98547808337884
4.56655588374118
7.49596215845175
3.69477684151512
4.969681588455
4.05709652142175
8.12686579712769
5.59839012696876
4.87051179525789
4.97177109257687
7.32764603248204
6.83390903508156
3.67921607039988
4.55657011165181
3.75025466355951
5.03298265436687
5.87281920607857
7.58502238635467
5.36403012343648
5.58108018829824
4.80455816861514
5.55672547718664
3.81422103990211
5.35469101036562
5.31014456601622
4.424968188582
8.5650864193885
6.05226554995675
2.46137707661465
6.58837666906272
2.02488714416892
5.73246123831669
7.10556378282967
2.96734666216958
1.18277513282429
0.312188912544465
7.16582085549224
5.69196259979429
2.7485056846406
5.77213256890096
2.6358170686486
2.7666449190092
5.90790452264447
7.60961841335628
5.04822521755083
4.91575057020447
6.558760415397
4.99609726142785
6.88212065197481
5.42940450791218
6.96128006465525
2.88470412735746
4.92434005219219
6.11735541359855
1.49148855547981
4.16787385811896
3.85919030083555
5.87254373524114
7.73786686966765
5.40566671282549
4.61029183593321
7.49339540592023
4.05349856571763
9.85623826418651
6.57957595189254
1.93116716673836
4.3953820008729
6.14677058461652
4.76471931570348
8.28835521080229
7.16029155053001
6.25212029605843
1.95368441581157
5.24703623151909
2.23690566575764
7.32718852066785
-1.65551080614667
6.27957922441682
6.45028241391072
2.19374272242082
2.13391717164981
0.962579893357745
8.13932075746883
2.89255412225611
3.64522386452325
7.01020978437766
6.56357417705301
4.30977578843365
6.18839456667829
2.72750254230147
7.70652324160703
6.16830085473136
5.09672922901802
7.87334055689186
4.58635657461373
5.94784828314463
4.76820763744984
6.86984229725476
4.74830884165983
5.35809275833997
4.58003350186651
3.93199323503829
7.48432648141437
3.52615582295225
5.39178181799717
5.3553736994955
7.80406078769412
5.89511745691261
7.70296917484042
3.02645053654518
7.13420497898094
2.73170914059233
6.27333603841404
5.91849343429703
6.84441464220404
0.57950721737251
5.42230990493797
4.44677261374762
5.09400097442571
5.52868336581902
6.11713299106968
4.9154750884496
4.90805997184564
5.49697062154483
4.12182740171642
7.60160871292369
7.5391470867104
4.27869740460419
6.40119116547001
2.97011933827419
5.92609029959976
4.41446206564413
4.95057209236374
5.14782034084659
3.82774519889475
4.96106319450085
5.37492552603789
7.66850810548801
6.23478787256076
5.20294895475259
4.4324039366472
6.85819328040641
7.4103152331762
4.83186741000683
2.3097611658908
7.39773206338627
6.66307597365306
5.69650953196844
5.55835774243529
4.08716749337666
8.96328345757009
7.50679236020162
5.16792491518693
6.00926731345307
4.82782678635832
5.16667006435954
7.39054329596895
5.79141846601306
7.56635148339107
3.67914650974187
3.15982767144828
8.01236337331518
5.11374784992667
4.28919228728476
7.5934249036409
4.79324226194186
8.26153487784925
-0.722465588600197
3.77270067911915
3.30733791209692
1.41398119403147
6.92943862232595
5.77759361185184
1.13360690875722
4.47285047682794
5.09821091603991
1.20657956892518
2.17008228963012
2.72065619837544
3.38194904033014
4.94154874851009
5.19617756289561
3.60571522250245
3.96990581842706
3.97558194132004
2.78352555500148
5.2436837183681
1.90592599549268
1.40273727842162
8.18567426130793
3.11343886825837
4.1546333222343
6.21228338192089
7.19599252683035
4.47743679315092
5.74554335393325
2.05618887531215
8.35386884488163
4.55987172830225
5.07122453598573
3.72442651301341
5.36628768221079
3.3943482288797
4.74112590803327
5.89585502994375
2.76844657978929
6.86791807915789
6.04326993110167
6.93951368720475
2.65732576424627
7.45247901267019
3.90930072488474
5.41963557930912
5.83954319931875
4.29677317469084
3.70246264655669
2.08186997313593
1.38415955204189
6.16594411675211
4.77380639671045
6.81321754041372
4.14751040777393
8.42236933144621
4.26368433001435
10.3822993988749
3.04116926074831
8.08217696202347
5.31819907410586
5.56806747551994
4.6268068256232
0.124359453407604
7.49700378046004
6.0850280926666
7.25972960106765
4.71010809450362
5.52210616605683
4.98188126482029
4.77642769397418
3.9232340447063
4.28491594712064
4.44851084935282
5.14467446601713
4.6389415717484
2.20138186913631
5.02044553924914
6.6112312078155
4.53711124594294
5.72556741302119
5.29682471852302
6.07432474287872
7.05358461680139
6.07619851325903
1.97264084378394
3.86463567879903
1.25796414887917
0.693336150815334
6.44277957147543
6.88874638387574
2.49037732414181
4.66675733709125
5.14504272806597
3.77576124850855
7.20472377930846
4.25965400895275
4.29865295061167
6.44866425128387
6.1839161185181
4.39668975259167
1.42703085500098
7.43457932984532
6.07187992308088
3.21293901916569
1.36370784551367
4.82927687886886
6.13603535973668
2.24615705378205
6.03453443920132
3.47871943769839
4.33899145666363
3.46090183862424
4.27412806836393
6.52281705661555
4.71912811216208
5.91103215996618
9.05612111964529
2.76155773147947
3.87779679071211
5.06875568253377
5.30010514635217
1.93702252177633
4.70012024517166
5.28861437554541
2.85266440370495
5.70817619652175
4.33801970218849
5.56447170190711
7.10139654746531
3.79234434123434
5.32518117886491
7.68709281081594
5.41277449375009
5.34023068690974
5.19667513561411
3.10120160411852
5.50497467728043
4.43513648381107
3.62471521225032
4.24298556328206
6.23910564388612
4.5755916557136
4.65928162120875
2.25992568558395
2.82111251512744
5.07330593587367
3.47628785538851
-0.21725708565682
7.50502643468758
6.21381253276992
5.99834405459635
2.05108321433298
3.60018485954767
7.51389286222105
4.18908422228316
7.831737069097
4.8090070146799
3.69389605306744
3.65362817585686
2.90218876484602
3.66690350282626
0.767721437210234
5.94109761975046
5.50674469018392
4.78688843825294
3.75584237493844
6.04622360075267
2.78061078224266
2.92160474593487
1.17327065526038
2.32154539676731
2.3267975407483
3.57486278268347
4.00497733841172
4.30811374855187
5.67120871329932
5.32976402213226
3.82258025741401
4.73437879562728
2.70956873419969
3.82250881119465
4.22878416303148
4.42778909362578
4.73915056134291
5.84820049769475
2.08990332626457
2.11830115942889
5.31471418228843
4.90318384771144
4.50536843856328
4.01941418677677
7.18040457548083
5.76632938791388
5.18124368664303
1.78553194532214
7.18644316805264
4.80963947196519
1.48166055516171
4.31056772110519
3.86393575529024
5.03868814602793
5.85061434002083
3.97180963085197
4.15317162297102
4.88945231555132
2.23583627156089
3.40939636934982
7.77063182918215
5.64647020778647
4.35362766502278
4.39612648553421
2.34054840633221
4.01745478349658
5.50449669722475
5.68050565450177
2.47098455690705
5.89801660163696
1.88212652925461
3.38561692020269
3.36158660974643
5.70986879557303
2.25319450764906
3.80002620286548
5.39663859669588
7.08112662393396
5.36624055261952
7.80578639359576
3.64502527749514
0.973082888104392
4.5342625541969
6.96433665567584
4.68409375668975
5.98911405303726
6.06421708244835
7.24485945881565
5.09687936941693
5.04523419636674
4.33034626974849
5.20570880466416
3.41630279534994
6.03128787702108
7.37588633727696
5.37538580268316
4.33834918038203
3.92277022502766
4.80789263903924
2.41352150319508
7.72181615432635
4.89891173087637
5.52180569190692
5.89340676646929
4.44992276463746
6.00479672790998
6.72369949091947
5.35304066708749
7.30141340543378
5.01463249964388
9.17449267272595
2.65242799714066
5.617466232187
3.85533109461821
8.56555235073187
3.11792508639683
3.51905258713587
5.44799827240598
5.84788870310875
6.28764236382306
3.63432854631623
2.9749198604859
1.64429524450632
8.6514117401833
2.51323309930776
5.28951751924626
9.46620492995977
1.61362114520828
5.48973693050575
5.79762299087582
3.77045454321458
4.09546163614036
7.46240053988019
6.50906533931868
4.19535852824677
5.98552443702914
5.14665829863754
2.17918935882807
5.46973016131895
3.0909298248454
4.66393382079854
6.88216229346432
11.1880073555037
5.91633074431206
4.8914740436305
6.57565416241804
5.86621970599704
6.58167928558459
5.57609361408637
9.5622721550605
1.79725628070896
5.98603474553823
3.28162792546633
7.47029776694848
5.91769126222247
4.00360732968924
4.17996832554797
8.23884723814711
3.83483324764167
5.5489913468061
5.22691713301632
3.49415271168959
5.687502036129
9.06778720308954
8.21292421349004
5.02993023768102
2.1821843947544
4.28718446937229
2.86205778747854
7.57795383978659
5.6789333953634
5.3211498566029
6.55609672429031
6.84476890833383
7.25419642889704
5.42234151031247
1.48563002626838
5.12467837129525
4.92542274418317
4.40152024655309
0.927963395066576
4.05752410014148
5.10207028628504
4.65015030508071
5.92247458261957
9.36608862193533
5.13876715920599
5.13769231930754
1.80933202386442
5.88420639332732
5.73697486642572
3.26083280497076
2.11729669951454
3.72096497576305
3.96674706447382
5.0111206944786
6.50781066472413
2.86695124668774
3.09060580427885
4.74039790468787
9.00262801584796
5.78020362243134
4.14162186119784
3.87651165995226
3.00497085285581
7.21737862062051
5.96184385105189
5.74528768548556
6.73444887224757
7.21368383505846
2.15765771636566
5.15440755678001
5.112164390422
8.27057826836316
3.83737279172673
8.78045292482955
5.98565341464667
4.21955391071786
1.91043047646865
4.99250239678397
4.80847202157259
4.35321367393347
2.27068248618621
0.931922413319512
4.70417571521499
3.35816681902609
2.94559329174248
8.08774831897414
4.49434647641377
5.34724405974709
3.20300675619074
6.07913631545613
2.50103116367455
4.36865082923944
3.76480313917702
4.89869957365497
5.59867744132177
7.28569059193081
3.88027927080452
3.65576436396984
1.95503424506811
6.55541278268558
2.16244327205482
4.40293006293294
6.82475050092314
4.31894752233508
3.98447132527884
5.14309287914724
3.39710176083408
3.24269048258953
3.4172941786725
6.25787362133569
6.23163478295112
5.63048544641743
3.14765382586743
7.91752497680551
3.06396186398042
4.41184486813253
4.35921735457047
4.10063567809935
7.64807668978485
3.86080850618155
6.78265582513507
4.0555080712607
2.7018748558986
5.18535649301546
5.03326747412136
6.40251904658503
1.27520801720237
2.63870862096191
5.18734985155137
4.43164723389806
8.2293861439887
4.47448563451785
6.87408925840894
4.92909315326528
3.35316584767567
4.13890040489571
8.02635831842853
3.40210716061008
5.16505661193451
6.15211369707084
4.32369495736738
5.38561009390687
4.08544735561431
5.31999490496665
0.417875532490934
4.66950908272382
10.4173648410878
6.36865364841591
5.49080645766402
1.08258120337981
5.63740487849436
4.22865534010225
5.62676776233672
0.756265368510303
6.38315138710354
-0.859603664758059
4.84088883821277
6.12944050611376
3.41615837567191
6.08457095088419
2.16823051206623
6.07153006216819
2.58631316930587
1.64811658651301
4.77996893129103
7.68475102599563
6.6375079942926
3.96348913579768
4.75550605171816
8.32234827248998
5.11046340527907
7.26135813605166
6.3758699111331
4.22880126131026
6.51332958670325
6.2077603178738
4.65510017758195
6.7984564980982
6.39870902537784
1.17691121471023
6.74884261151617
8.40878941580088
3.97572890549126
5.70607512867238
6.41434259858084
5.32304604501245
5.7456717596505
3.95939250797514
4.31819740620412
4.46266327607934
6.04966762628437
3.0390188470136
4.11981109740557
7.98931167000062
7.39532696428068
4.01787128484126
3.62963461856638
8.96764863302568
5.5440843072856
6.88512216372439
3.34653104384031
5.09065827463342
2.8525671306367
5.1458912179447
1.77228919434406
2.48495482785734
5.0052307301343
8.66138612411081
6.28472437565357
4.21734336741189
0.232242950084684
4.56749141197693
5.09201724677532
4.84047010934059
5.86478123810011
4.76716065705341
4.39160831724652
5.29215096645178
4.78242413514074
7.14361483213727
5.01581293608998
6.29045328128095
1.18419717946067
4.90226446609448
3.79433827555731
4.9849973166368
2.85670911418269
9.25035564644382
3.55360829678972
8.01751094623515
7.1232160095312
1.12572251907404
4.12777848503156
3.85775222412589
6.05135737010709
2.41774390524987
2.46683178780132
4.25776261493664
3.75517724922945
4.19527203449798
2.48602767565051
7.554679913341
3.87180069077259
4.0217581497791
3.85558698018509
2.95734185401533
4.38753864393598
8.60628010546312
6.3452332431239
5.16864573657086
6.60556992344962
7.33691045224042
4.30975336646611
7.30192133486729
5.10242914967412
5.17486368148421
7.64767739872473
5.43150845648234
7.56769956480038
-0.269440597221818
5.44609224841865
4.72853814197599
4.21402809631534
4.27001546590165
4.11549580576666
1.93511325320937
3.84648595273412
7.86258617708326
9.56809844418125
7.98815236801483
5.9459313115994
4.53439106877658
7.11835344799542
4.51924288072508
1.52841813297512
5.6711767915132
5.37332659599846
2.28191803925631
2.43232471542555
4.66775041874387
4.38410122331735
3.07219822387987
4.14417137550262
4.64666968516099
3.89883695573621
6.0134482795747
6.13366116678063
4.74954604780907
6.06066225145082
4.80433184255347
5.70599483435982
5.69617012721225
6.7709373239408
-0.2129049194846
7.73008441439066
4.78761980740899
6.31854903551745
3.01332470214776
4.59263982859392
6.29925663652532
7.53942642720889
1.91429702284741
2.08419261346566
6.85594192065747
5.12085619701167
5.85323549949452
5.87566764117184
1.35412158781127
2.94103423562678
3.42910028528917
5.54639173816349
6.43839932967857
4.68062357947045
6.28889932304764
4.58828985294681
1.73123549992177
5.50513513943901
6.76324310105451
5.72354745027997
5.56819573756078
2.51461361822388
1.21304786693915
0.159407405481467
2.77973774939963
2.30698103434991
6.33514578976078
10.4633540994972
3.46405412069032
5.58237063876061
5.85202311364095
5.35891250404315
4.74227870357225
4.72866494534716
3.5655269254605
6.76157665387915
8.06877317629323
0.822666620060755
3.73425589248589
5.44021894346802
5.89922280403278
3.27700895675304
3.62638098056674
1.56071355183888
7.63340365531323
7.08038933609588
9.17414871231516
7.96889498956347
5.88804125811779
0.685288858302476
5.30441783260131
7.41344652278501
1.90624407970087
4.98693020098224
5.61430267513251
6.34197312911125
8.03686429703617
6.98925873903949
2.95186411355395
5.50778102600886
-0.910508591086548
4.23258200224082
3.31831516934286
5.0157212752348
3.10822536909458
6.41105434091176
3.97836025844722
4.02284297868185
5.19732207521668
4.19860625920318
5.79995843797796
4.54453660236719
3.42420424217529
5.42056411511167
2.1196617804847
6.74259965366151
6.24749916392033
4.87810703707809
6.62430033079408
3.8958938271088
2.60003148998335
5.57005719484492
9.45245176354617
2.04462471737971
2.9910381179817
6.48835300888911
1.61254028391483
5.63944239600866
4.35477983376187
5.91267963727978
5.56579109926636
6.18852641295817
5.60317395009516
0.806470339861946
4.21571091228322
6.05617271263813
5.34942302694306
4.30836156473053
7.67838139673832
6.06828219943377
3.86803649422483
6.32927482663172
4.59226567786376
6.03578439517382
5.79911930229068
4.69844344916796
1.04003271800978
7.04051302812591
7.16677972168009
4.59285956876365
4.19751910096702
7.09103298676453
4.63905408234996
7.9724706295932
5.44674871999659
5.34646774239683
2.53214789011726
6.96693870200965
4.2094922020927
4.01445434657821
4.65178823355956
4.18512822693643
3.4805969130079
4.61557787961531
6.55643382590063
4.7580399077768
7.23696899329322
5.08161870164715
3.25300425747792
7.01178393001764
5.26071632548256
5.68683981313412
6.3587190290151
4.18382274288221
3.53061156596823
4.77734897960753
9.00438410159852
7.77416383116363
2.20804482435814
6.60581275738799
4.85512363822261
5.55894621226897
3.04401038541544
7.45178474142464
6.69287936950682
4.33953459807931
3.7491085881285
5.26040363538321
3.51492459489514
3.77700311216856
8.46526019026549
6.03368264435844
3.0612685109337
4.87764096897432
1.88198395253435
3.39584756469738
3.45453550466983
7.15965370326985
4.25251766644668
6.00465848361362
9.99628806217421
8.24246474735783
7.38529271113557
3.63602474609062
7.64902531476797
1.88152363487273
5.41236521440533
1.87798253220077
5.94986585391911
5.96033348030019
2.20364885279463
5.39983908973825
4.99528608577198
1.92113200249889
0.683759788483115
7.80174561661953
6.53551829908403
3.7196528269474
8.06643673557955
4.68433235707031
5.36164684073346
3.81180066292932
4.25494343684861
6.54622452444847
9.00234267040159
5.65029349402576
2.47225153933272
7.15195907033201
3.62644928389397
5.34841302629671
3.8689295270275
4.00763294131659
0.400164129075887
8.72717190612108
5.96238263866161
7.93840724221951
4.14473127123389
2.75479840605184
7.79996100388122
5.5333888705566
8.3299759246603
0.469934780307643
3.40882923135415
2.48940183032195
2.65077930224319
5.13502612738605
2.58006209279258
6.8976514448135
4.52053684651688
4.07529580943288
3.01514342599525
4.12967891707657
5.74935883464447
4.14565296673347
4.52324720117461
0.612025406575333
2.73012536570358
1.45652185932117
4.79513428249424
0.612225174704659
5.68545402943362
5.49128274043186
2.26130199086981
1.80261847446837
3.49304142097794
3.28442284758365
5.17492335755967
2.67221335293944
2.30294235484679
3.12000730159812
5.4798506236616
5.24584048802242
2.77733617601647
3.21716565505433
4.8566338125783
2.14853065889586
4.63511070547735
7.28323549225947
4.8971184041473
2.54176868462943
2.8870749147489
4.00584918787545
4.67289980181505
4.49850918172616
8.37721006173864
8.43503141348726
6.24921429155375
3.4137055169838
9.12531113500291
5.63926340040338
9.99686603407317
4.16045228982966
5.10098857901784
4.94496879603074
7.75171107357784
4.73853276364529
6.41479155933335
3.81325663724526
3.29066907310233
5.80217557834154
4.84169502262794
8.39926954972961
9.71816067139207
6.27567034930388
4.12343809395824
2.08925497030188
2.64205019622407
3.09580391119615
5.99834116585246
8.00103332521902
3.83297221798125
3.91333221528887
2.4819176545238
6.63814648579451
0.714904162385824
5.05868910566619
7.498364192974
4.73349962354072
4.79930467611098
6.43211376025283
4.8387246867905
5.60474339204483
1.92311775850021
1.98856117663126
0.309864348244923
2.03816730188321
4.75576542137941
6.32979024749704
7.32515506809816
4.59635338142291
4.15981780456651
3.51609585585535
1.98032022919264
6.88483664911075
5.07648763468858
4.73762083622072
3.13469642559475
4.46184593832905
6.29645363990493
4.14367505957491
8.46730934934651
2.91379734522045
6.51279924631568
5.8634930574719
8.08146566724786
4.39716285207232
3.63651900897503
6.50334448787001
5.48770516288682
3.20508926636336
9.0781694791897
6.41591277017928
4.17596038277971
10.3522637503519
6.63840262210965
5.10413665606366
1.45285447357841
7.91439601152647
6.72821856516565
4.91010175510781
4.94183343376551
5.84879157682801
4.68778179438789
0.355026546194391
4.38881776303128
9.22534691396197
5.16111094265733
3.8278068439451
3.8451606234261
4.06301156789117
3.24487919628661
2.57532822948638
0.25565483894611
3.7668867454783
5.33707443454363
7.52123567247622
4.92206762911264
1.47417637803936
2.04642673732046
4.61503502334583
7.67641836970653
3.02708403925793
6.68457505297541
6.33005167169403
6.82230923375243
4.35890459102876
2.48671375935605
4.22394366561396
0.32457203143582
9.05925820398393
5.99392084681109
4.51851410679534
4.94096351395765
6.8426872763205
6.06300803975576
4.09575928052769
5.415503922974
4.67329845839524
3.99716482568165
8.59462280394408
3.57186717167183
5.44255806278849
3.95233752746287
6.40165410994229
4.57663549477752
4.81786022967987
8.67294634596985
3.33437254123939
3.43579314598217
8.07115532876741
6.68353463444752
4.26669071075757
5.34947538703909
4.75378235922966
5.36016852371462
5.36189622739123
9.22997887931396
9.09436411807971
0.408416786157782
5.90944944769649
7.12384733754179
6.39725879673416
6.26803097982924
3.62668426148675
2.23134509940047
4.0727971114528
3.84627070438793
4.88287514183282
3.29715623896477
2.8871562973801
6.43547956872018
4.61539043215083
6.92750003154279
3.98346022530522
3.0770887774692
3.70105336552008
5.50379235191715
0.47145134466702
7.93812879793577
2.75179196579705
5.11493182081525
5.0968072730413
6.40243216555804
8.23214884043099
2.83357965442071
9.37469558755515
3.54149548384482
4.82064228081563
6.50220583598584
4.41671646902863
7.06060165302101
2.64499507550376
3.86866831885838
5.27428209128214
6.17421711622163
6.22209057381811
6.57062214152192
7.2128548223885
2.96330591921766
6.90219237322239
8.35887960549764
4.3488873604361
7.66726404995953
5.63789472162129
5.22361609869695
3.25582971307273
7.21483417976977
5.2878535173826
7.04550434472553
6.85890532475103
4.01631872260781
3.11796970400141
5.7590371936168
4.25794324066356
3.98584704457977
3.51097524021792
4.96744979058734
7.15131345077489
6.3844929744972
2.95259243050579
4.45097724410054
3.75806961636689
2.59389437374266
5.93341876250096
8.32840543088313
5.53199240587304
5.9331697965954
6.6620520312006
3.81338840901659
6.3081136458514
1.77126990609251
5.30151369690628
3.6814587417869
7.68741552026076
8.90907197043395
5.96949258795738
6.84709891863789
6.40922940029735
6.96317989269504
3.23066607916243
4.73271845659898
3.14020597772534
3.2527488724985
4.98340623914871
7.87839297655746
8.19356452591813
0.671529336356996
4.11005872873129
3.9262772081512
4.8714402510632
6.6134240579104
3.34264627114766
4.64565768891477
6.57799363306096
4.16069223106187
1.18865422515289
6.20090450872109
4.56695325536498
6.03528509151669
8.77312175866613
3.95093819574838
6.61471523027128
4.96786675232161
4.76198783247449
7.66110206841544
2.22240648258785
4.23545432254603
3.4534675822465
5.71310809758419
2.30471847514252
1.63922290012803
4.69505041293957
4.67478570905039
2.2208235034546
6.59089635343208
7.28931852223807
3.57642748417719
7.51655201419055
2.99660479254463
1.09126653674442
8.88200711959909
6.48424617479194
4.03489434289161
5.14979367641953
6.44815519757786
8.45218623430265
3.95966368655917
3.9043049558746
4.68129715726176
2.07002917637372
3.50279093384272
7.51241863294171
3.36857779762434
6.90597064833253
7.94009798584014
5.75752574295857
4.01540611547621
2.44174196546596
6.34089233418112
4.68241015319846
3.99027957392185
4.78320505392505
6.73204503926779
2.94136337422933
6.03063492583236
11.9772785072273
2.81796326673099
4.5158151687699
1.20956283172349
4.07759292255269
10.3138777792401
6.91756772258033
5.66282151585364
9.02192303825049
2.71876409393838
0.681844079555973
5.66474031968526
5.33796281039855
3.47805930739283
1.77083874157104
5.69276367669882
5.08398589432833
3.95453665907058
3.27568773279308
2.36183755908798
0.215999662416161
4.86567339810873
4.96758725358975
5.99384795865649
3.13602919272897
6.16686520221137
5.51829473093508
1.3768850660326
3.94629732761864
7.87870585071703
2.02746271660834
4.19477257851722
1.00293041610824
3.05674866389467
6.10553462893752
5.83161998400144
6.37750048507288
5.61238230375505
4.46756007633484
5.27457130645778
4.65297461367217
3.61522470319063
4.65204450445828
5.69650117399473
4.14686497266907
2.79787070377914
7.4528894723059
6.34792345701213
5.82313353382668
5.63316800258891
6.6907387686559
4.49215797666426
0.816051816843518
3.56701839062999
5.34715789672099
3.99139185030688
5.54719532149946
5.01639189749596
3.31998396277438
5.17067234538612
2.95415459275258
0.576615222837565
3.69514754161489
4.49950949995379
5.18220442909616
6.21189760624311
3.78777154196197
4.90906677771592
4.93260443320132
7.46154941365204
0.470121646840901
4.25801718425431
4.71671478617717
4.20589384718567
6.42121418189144
6.70486966079483
7.52854633330538
4.64719589658656
2.87421695190257
2.91824288936897
3.79792671263394
6.46103119625244
5.12180109197339
4.10230923416899
4.86156251608238
5.46316682072785
5.42550044856409
4.30340115273278
3.62421408244382
6.29031091589815
-2.17611464603168
7.04628092784935
3.43081161184245
7.26698066229941
4.31412103236895
2.75902471613647
3.18945721413211
1.20502953133469
7.10327286862064
3.94010786427456
4.11145803250606
6.54369934496345
3.58980677284613
3.13185765121113
4.56879684834346
6.3123284410632
8.43532975220002
4.84087507748442
5.97835844360223
5.43659482062586
5.77313280194954
2.91283925510725
2.71982551045853
5.35445630660474
2.05921985333576
9.12517168128926
3.66715798927194
2.08651535869158
4.3665437644145
3.81230488869073
7.53390815621374
7.57257143177293
3.66048287105404
4.26326074216503
3.76016905335956
5.72680555949991
5.95711370843905
2.65135100778782
4.72147912227099
5.0464386304509
6.50520493716048
2.60949938287622
6.2485084700313
4.46801085656801
4.7810658620273
6.22161218125712
4.74964208884326
8.59750618930041
4.64222190568528
4.85658280688069
4.08528172513089
4.16809587461815
4.75654041696353
4.53678015039961
3.37333900655576
3.82304541136663
5.37555284232744
5.18826067704053
7.46677849960143
8.40283691265953
2.56051773591277
4.44334278694721
5.60704905312531
7.65085501609007
-1.98828984713947
4.45037986118211
2.73655949985744
4.1338733398068
8.26604330586835
5.83164518317819
4.1887065475104
4.99530799240498
4.93208153780324
8.25796309655911
4.91913388935197
4.93255278641539
7.15725214047623
6.77904370686819
3.17527338840119
7.59168165005773
5.80254171885561
4.32031393301869
0.849331620327054
3.2079437923399
0.643170830668704
6.3146191618611
6.74031587370281
8.31027298069808
5.67600524282498
3.0439188233527
4.70770328651718
6.55303560488783
4.2302601184915
6.96279314959257
6.22501775091552
6.93010441071061
5.21387774733369
7.77023698069958
4.51902894570008
4.93698372704779
6.51972892497805
6.60439832268765
3.02255432917345
5.24871370953919
5.49542251479507
4.52849999372913
1.64409482840161
3.0713299175992
3.89426986959144
6.24625489086162
4.50667465306323
2.86477046318811
4.79844799332036
6.89078309243802
5.04846722724887
3.87364007128067
4.36664760146242
5.8062987314899
4.10538023545578
4.15861673805905
10.2821862911507
2.26840026114491
5.67930359449948
5.12102268469747
5.38312247578599
7.41742774116489
6.48001396513103
3.34595003934671
3.49936183864861
1.81400800708456
4.93924473510139
1.98334526104722
6.33517799178396
3.06455702489454
2.01540395432507
5.8403314253391
5.6958811473368
8.45241230547272
7.43505673953364
6.85904007632451
6.935019177177
4.2861192504903
4.59619983912297
6.66330048219368
4.4296956484344
6.53955793151967
7.68050561069917
8.80083376252246
4.52342434794254
8.35771001143104
7.06072985089234
8.94202532080601
3.66079340065233
5.62944221937417
4.24220373912343
3.74101938537561
5.74760442233199
8.14961290574859
5.46030706578189
5.35990499483743
4.17241973610055
4.05671965276933
2.23873941781289
2.43245256564358
3.89063312279728
6.11793862484547
2.07146035279957
3.72779440993667
5.89394208138376
0.986014158199952
4.81974025274074
2.68624514022537
6.49576129157785
6.43133798224657
6.65534252145106
5.54576362873272
5.31907198766327
3.62165376978516
0.643035588574579
5.83899280921335
9.15517232865092
2.06757106602592
6.17262469391677
5.42598861629762
3.26806808815161
3.98024774025417
2.41035214823713
5.92723577060864
6.54788028864524
2.29337332896017
5.44583798314643
8.54644811794821
5.84298496621527
4.64398096531473
3.37354578375347
4.14727906422561
2.24183165243239
8.40933715472014
5.280541442918
8.78244950939661
3.45553862752526
6.73095631399705
1.16848146440361
7.29061740783855
4.09525370835937
4.77562473405636
2.63973630066882
7.67969441380482
3.96820105556895
6.33033970752223
4.79413377872403
3.33746823909429
5.11082979698278
3.76128121079797
6.89206267188055
3.61733716204906
2.32302241326552
6.92745839705607
2.51549985835716
4.82995126906397
2.50210491094441
3.19911143833025
3.70621139176943
6.82986904789951
6.54336215730999
6.00231904174873
3.4249688116588
10.0191540022441
4.87456199419732
2.24532894307256
9.08787709929792
4.18878410671222
3.56324043616614
8.30653272087346
4.13576587160628
4.94266029589421
2.33590952799432
5.11005714824716
7.36944997784687
5.96539605151541
2.03396565852975
6.68536192155437
5.73829611885439
7.3408715201427
1.05030463477685
8.37985008237692
3.14424639417372
7.73953285821582
2.15867473124654
8.5095281585034
7.26919441792487
2.736889193213
8.07896671019918
5.16595822620708
6.77693069306643
4.44121790462184
9.92278442768052
3.73168766241681
4.69683564540557
3.6474642208015
2.20609206753708
5.09004090108222
6.87287786231953
4.62285206653643
5.20403007107786
4.88600130762848
6.79308823241393
5.08606046042886
2.22707278858963
4.24600374258983
3.1061500442216
4.10394791594007
4.50171860039757
0.923022677408877
3.15069186206296
4.05640004054891
6.07110375627199
4.02607795779699
6.84532568353651
9.45452915255256
5.67572407449682
5.40912143597659
4.46067363534257
5.19943338287533
1.86951276632701
4.05780687357378
5.14394771627232
3.17236702514161
6.34546630803353
3.24234633315801
3.10325393325165
3.15298008359918
4.68133413460632
7.54674134964657
4.99405905274368
5.0124340802578
4.0552171212407
4.50458158391715
4.26156750906214
3.14571707602149
6.42489304196386
5.46867189409212
8.53477123444761
1.55380195037103
3.0119133290798
0.342952080260748
4.15424675901512
5.27780304392642
3.96067307582893
3.5411474770219
2.15380837401305
3.58784463486159
5.6767020857876
2.72020821819256
6.69437236081368
3.34174941767636
7.57253920281462
4.16531675900854
5.36149875188164
1.44611286474824
9.65838181721502
2.67245192470422
5.70890628996696
7.29676299271151
4.21633648287292
6.66810013988832
5.31421958772445
2.90309649998686
6.33439321119885
7.93962607537474
4.42745638316247
3.55782627121727
9.09690303355252
6.68320239399272
4.27406641694704
4.46117067680296
3.36590866441709
1.79591510387018
2.26974447786285
7.11039874412692
6.78013898261383
3.57312822732746
3.32488647587311
6.76649275736194
2.24203110386522
3.77456251026943
6.90921289486398
6.19255191520681
4.10550451300452
6.37682793398165
3.21239534910284
7.04028982219143
1.98575920167504
3.83461512830711
4.79654499583392
3.86954860861918
5.0610194018564
1.96772646887141
5.37016193578292
4.62485379880994
5.84659230892296
4.48760324313992
0.749646870500801
6.41688452212698
7.77880508954303
4.96335192843993
7.12388029876556
7.57463755158715
4.61149429082918
8.62867410192661
9.12802670618663
4.81724624461537
5.39072300414268
3.72532877090141
9.62212401581177
6.08378195413561
5.05017969216698
3.89740613648167
6.76399551978065
6.95374405011876
5.08648060211914
5.23991025731849
1.91459440350611
7.46165672360172
5.31163363677205
8.53903775040916
5.32167398455716
4.18982600534233
5.1932587535427
4.8567139820404
6.26881789734033
5.10647779043837
4.45766826057193
3.11311421710782
7.67339216292172
4.14780727300871
4.46524855972825
5.50099553470439
4.80709453356924
3.59276088765246
5.74507178963348
2.93214693922468
3.1791221233426
6.3139040602835
4.52692783045698
5.54080307318323
4.39885901066537
4.29788816552282
3.98957479367475
5.52612050179989
7.93434077907895
9.13374555307159
5.38863793446542
3.13705316191909
8.44099256489213
2.861637661634
4.88131509947883
5.96094010730997
6.49389511866347
6.45569983792619
5.18175092389139
7.09234180408867
5.98426096211823
2.05522088992406
3.22286721008738
3.88244953008725
6.08437190984965
6.65407549252917
4.49922887229418
6.6279752102031
7.59946280536299
-0.847926510607826
5.60513511358174
2.84225052156369
5.30905124731662
2.70194722939548
3.90798383361547
2.28092091299186
5.14547555545686
1.70138652998148
3.88536519116876
5.09575535647732
7.18813216880426
7.54482782803969
5.06931156512977
3.75136155373198
3.77357071535828
3.44064711560024
2.92487514167301
7.23354112623449
8.08670934820047
5.39843360227894
5.70233023745484
5.24459573215311
6.85101443528759
1.03047898450773
4.87023679152483
5.32715920040084
7.65415779962165
7.54087223756691
7.30779955339077
3.79657769950773
5.97273051998478
3.54390863536423
6.39493417716663
5.70618334065396
4.67754776747768
4.10199922344339
5.30788623601222
0.906842983734272
5.05663315851817
1.41322883737652
2.87744332285014
-1.36758205377112
2.96887360025082
4.07457384869049
8.36351894946422
6.29216395876104
7.57327380534282
3.81162784055239
3.35533285982616
2.95353353619753
3.11824062761227
3.19743928119617
3.86308580313394
4.94049277049138
4.73378332896382
1.53425592576299
12.3758984019499
4.56550959828778
1.72410419843873
6.59441907805436
6.55735695386832
2.71739665793199
6.28418759813833
4.32985058937949
5.63472865845958
5.24424623344669
3.1901127098594
6.48605607348926
4.29558606029899
4.66872444160959
4.54252892462061
8.93492935486301
4.16649841331996
3.49945305844555
3.76090990870674
5.20759631921696
8.59650077984546
1.43317197466952
4.92294958919164
6.50804362207952
6.64880406905635
2.39322293886561
6.2229516874016
4.02315461376659
3.10612268287033
4.5716440727983
5.88033087106446
3.40969915966825
3.43514645050364
2.91314599809159
6.24271324551585
5.09227869318399
4.22343932617838
4.89757212172415
7.36115942228954
5.30402395883047
1.34138620890164
5.25946940562486
2.96978617093672
7.37053251731716
3.32358208047633
6.36758343713203
7.13682248963291
5.74597868320658
2.85778035836582
7.70662812261997
1.1408698982915
2.38677380076177
4.7004016955307
4.93535197949496
4.87193973195143
3.42300397929872
2.96821201215469
5.87643792473864
5.83267535729846
1.53411618550824
3.15812559802022
3.48323541829005
10.330470222704
6.89398487907155
4.1626525623409
5.24353594369158
4.21890522374235
1.76517200430294
1.05901453181493
6.05414263412638
4.42123836937018
1.9126034155971
4.36326086066119
2.58664139572724
3.82938970554715
4.52897906666758
0.680694797216927
6.12680587942335
3.84047581876738
4.38169674255372
7.50508593995442
4.9851912453131
5.44108291189758
3.88544580011146
7.02726271394295
4.34129330616048
7.53720385746108
4.00377351287785
3.65961402730445
6.24537333474765
5.00095448601097
2.79038418351317
3.00130062999678
5.96018911840069
5.34027868334578
3.3897493397
2.53498680646702
4.03490692347485
3.60390065753721
3.39192599398759
6.33753741785219
6.4411391404833
1.69159167186159
6.78947517598676
7.25027566233583
7.41386543234862
4.81129306270548
3.85227524583089
6.86395865597502
5.59509178691398
2.91237611657998
4.69092006146799
3.0280200011711
4.37333878405391
6.31550238474825
4.42277388044501
3.88592371477546
6.40875599153545
5.03176278137997
-1.35123021745306
2.21295354557978
5.90114302315216
6.16194735542911
7.11297832440781
1.63120838684095
6.80564321388731
9.67455899043886
4.68971600962242
3.38377602193242
5.68710845874683
4.39903140196984
4.12360937067461
5.3446250827091
6.569053361165
0.0866663498265181
5.52161985438468
7.23906485643957
3.18340802152178
4.55371978120226
2.63672780329719
1.68664564190642
7.3408980211379
5.21905366870484
3.76977595781632
4.76592628932389
2.94081095710545
3.57761344120812
5.76431912846123
3.28061961760619
4.69173361156995
4.87000374187829
6.74300375499559
4.46960414676685
9.35800218082543
5.35872011427205
8.07402622786353
8.88250039008944
3.77404286313475
7.07051599794827
2.85484581023839
9.53374829229842
3.75861581818719
8.5358377632823
5.19063989302055
8.77549680122476
5.69344367142433
4.90022099982478
5.13450241356016
3.40072654063618
7.78023757881808
5.0126129790652
6.79922958772899
5.48639438267086
6.99980845450102
4.03686356884167
2.11317875580972
3.68222477384815
2.02843186191282
6.90835460602534
6.26868231914638
4.52375069495358
6.34964611942992
2.88517322960887
3.67183994706051
2.58431131044216
6.42481068099599
6.17254460521986
2.66685751917395
7.18431676537282
3.68085454368875
5.99805016716789
2.00536445386632
4.28674644837435
5.7499470926805
6.78344511314407
5.37200944544584
3.09823106480977
4.00892044220185
3.03596698722998
3.54974675120249
5.49214443234242
6.98737475368482
4.29465309042086
2.89079176027958
4.64031902100106
6.80104130349713
10.543265203658
4.48028043942991
5.72731070641074
8.54551761066848
8.33454951899573
7.14319014308669
3.12451853723952
2.60043282696155
3.27866431505163
2.48495938519503
3.85538296948984
7.61456699019231
4.8411178740813
0.372892495622233
-0.232813593372944
5.63864528383249
4.7188233431802
4.02298807983252
6.75752373640955
5.92412513500566
3.99792584936937
4.46624995815639
5.37610055964492
1.37662653461188
2.87326399815684
6.82120886801398
3.65438459660046
3.62405520472406
2.67869790275399
2.94450949217913
3.56473164781274
7.41471716695131
7.45120900137742
2.19378117946157
6.50026084106838
6.48498754782452
4.71526472152119
4.85755885471596
9.22669631750289
3.58665051841717
4.05909596789738
6.49080739310983
6.51378796150182
5.32248915772306
4.7860833636797
7.42792039054733
3.66597333093892
6.00759935810156
2.69598136001583
7.08842688674985
3.54266110423864
7.05149981728454
6.58464672397969
6.63980727915218
3.89196896587268
3.1940674503677
5.71416713253172
5.73657483219051
5.78737677011171
7.08282660892911
6.549469086049
4.78172746723699
3.6274472721011
6.17350548696999
4.60999762234953
1.20925347699862
3.01735743367769
6.90804627714958
3.62458791139242
4.61579898321438
5.87357773154581
4.38012003929247
6.86117824270707
3.30397563867025
2.29524092063685
7.24966723151954
6.17501541923015
4.82849154540741
5.49781616683622
4.36516089820476
2.98266525193693
6.16845399505062
6.75444764634068
3.58332600496256
6.8522159550016
2.58647775252342
6.67517564839928
4.48257416835527
5.22804096553346
1.16815573881206
3.71394180242081
2.9253363292515
8.31763843104745
2.02725786780901
2.6264582927977
5.39882365357813
3.0474174364323
5.13528193239936
7.47413370973786
5.61914831019818
-0.0332669119752804
5.10063533642408
1.41077711982773
5.08277739924224
3.85517079494198
3.28395560664966
4.48318880460701
8.52689459015502
2.69323849508173
2.81915346367028
7.01551596864809
4.73275655955858
6.90683053310557
6.51706914788517
4.7849567238506
4.14164715557325
2.44123396200597
4.45078629663731
2.25017522900611
4.18361091350457
7.20338899306296
4.58255259926619
5.65659020367032
3.33982693301228
3.70333419070564
2.83953769060281
4.06069458611219
1.94481716120131
6.52589779758875
6.09314585344547
4.82379429721911
1.58514381107125
4.57630749513119
4.01799630908573
9.18103103354817
4.01630677914744
3.53443689054584
6.58752892812208
0.325107736797293
3.61947435552475
7.59556028441395
6.48337066402325
7.26453570634242
4.56479693873405
7.95102205356005
6.60357041820404
6.60048592479285
7.27383361717597
0.527600981895476
8.55251171328044
6.25457889009796
4.96023687741898
7.94620356234945
8.46309907545953
4.45388363890196
6.3209625086661
5.80352335425432
5.85488771032394
2.13582562037562
6.60857179780455
8.09413382179061
5.0176648035579
6.11593435438951
8.64329918748631
0.965847760972172
3.55559866567872
3.74662657534215
5.26549388251758
0.656636434146773
6.31390061938858
6.36325971670146
5.91883670368275
2.38878572262298
8.33392878076888
3.72371934941765
4.19295353116214
2.32103195757915
5.00076579559626
4.15288066421497
8.00468173372068
5.13225148057295
6.21593416597735
2.47917656743894
4.64590692970229
5.32195535084305
2.95903863188778
4.00998598855388
6.22669406927463
5.20983354664708
4.78064780135087
3.46532457188509
4.347733173475
5.66323728079387
5.73574045838726
5.20221451849088
4.24197183873765
4.76442567270536
5.46007841102514
5.39432837278369
7.08106561550178
5.42469021284313
1.8603174688991
3.25938691519136
6.09528495053378
3.78525564397381
0.634170524967312
6.29969937858318
7.88619725573744
4.81569052706646
4.68014801504776
8.4629837546548
3.55068506358551
8.88635071622546
4.83440962367838
5.71777565913377
5.2655035062172
5.62257970279118
4.30973155432765
5.48514966069844
7.11142094527393
6.83447541488216
2.72898754808375
4.48830106880007
3.50437346479545
3.59112453196038
4.48912888817943
5.69050970289438
7.80770309324039
4.47493226146697
4.50391053584782
6.02186873124081
5.96397614893505
1.4403178264217
8.1124353578519
4.40882930134996
7.99591266027015
6.55002316181025
7.85778772723842
6.6951311064138
4.66704355407108
2.33833790252494
4.91474157459225
7.68779310493546
8.60098547908957
5.34113369159329
4.14117727850547
8.11962148506908
5.72412753966242
6.61199154321624
6.32800231650844
7.48819818554476
6.35602633437442
5.51623612914389
2.68546813217494
3.439687925105
3.26793690691459
1.73268929049705
4.81156906560251
7.97527249472638
8.28923118286898
3.69761555553842
0.961612814868852
5.33292020597206
3.16703492802679
5.9086733395503
8.14311479617638
0.99721900759326
4.04407044478791
5.99623571697596
6.19781140820148
4.63526753030375
6.10010412151607
3.7512415828565
5.88795261789732
8.66847539580091
4.98823598068116
7.32606788489469
4.875348244234
6.76437442734744
5.64697196118034
4.38518992129182
5.7770390271821
6.72182412618661
6.71343596441857
1.9354451145235
3.44388326446313
7.77279879815544
5.57156146853191
3.60637148708744
8.42142124172006
7.76978327607185
6.89024418343881
1.38731986339407
3.98570009534563
4.75125716102872
5.86766596232986
9.17467669485461
2.51758453292112
3.20206755979606
7.47313327631313
5.3412760985907
5.68746325273556
2.39600490885532
4.26814354180297
8.25657978454348
7.06460436646595
10.0593563469943
6.57755158764918
2.1584079876769
5.21685266665691
7.80742436991006
2.8363561394017
6.32096432415623
3.7191224523803
4.01997673666039
4.96604501404961
3.61449458824508
3.39015234734658
3.33454354019974
3.15611284971417
4.69741777289929
7.33475818312441
5.69474253186829
6.36778912540062
6.1640203446386
5.54736756032025
6.36260986937003
5.8786163094171
2.13927183001346
5.65894187841449
4.11086586358835
5.63804223542265
6.49678332244747
10.7977098870027
3.40291386976792
5.14742324714551
2.67088238066992
6.58366944163892
3.05423322449969
4.92670686557992
2.95480915363687
6.10720874864182
9.51499271980379
4.06224132230079
6.95657602047731
-0.0766122632444146
4.67558460469291
1.38257309315932
5.57406229988526
6.46358982026755
5.90235791645125
5.75359142021031
8.37986839449593
4.19299815428942
4.80621592572808
2.28648217710816
3.55076248663705
4.211547112417
2.02435602689337
4.46506340787672
4.49230013171014
1.51860323509531
1.01310570969501
4.46009370399827
5.65904920311517
0.0440902161024033
5.31611599746889
1.65870900663269
3.99877526031459
5.15667331523692
1.90515371306464
5.53965616814923
2.08878623297279
3.82351033522256
3.94202837408086
5.98631583670964
2.46989077948399
5.53789678546991
2.15138767674526
7.14668507756707
7.02442512910011
2.71288917083341
8.12411761894196
5.2911574778063
4.0997222938381
1.55728121922349
6.22735807011985
5.19667938580297
4.53671840363791
2.95774767406939
2.62171219210048
5.80309108817457
6.81245116120733
6.40360085683363
7.00219549868089
2.96385244758035
7.08304653232155
7.63336336286587
6.70108517456368
2.29408468349338
4.85827160825278
6.2694707606007
4.4338370384723
7.59810734880418
2.54104120079027
7.27371903748043
3.04311844174824
3.53933957255684
2.97502651086952
4.82851977906093
6.15468252383464
4.78728732032151
3.73878537246462
2.2227835785115
4.13738311290913
3.08562661169827
4.11577592430967
7.24425865980755
5.59888638958779
2.91997989115849
5.74540692992352
5.95838734231767
3.55121073447216
3.62735403628996
5.89673192056684
4.47068551687418
6.65562557837307
2.57503032990414
7.21471429609528
6.50304011222298
1.85538992618317
0.901981334316478
7.06504073056855
4.39744574243559
1.90393436121498
5.44993556044507
5.60849893977183
2.3166220852179
2.50644093945245
8.17068666259523
7.05721512439045
6.01825199285471
6.32103299754065
3.67072529859557
6.86645781569397
6.22790848492951
6.46462938358411
3.67278209579089
6.68986931548262
6.25673893808712
9.737642561934
5.67720788937433
5.39299604972906
8.00917562681381
5.47012938455639
6.63443836904217
3.12603582916801
5.15945514150228
5.69535842501204
6.87912728006526
4.95358745723154
3.14121976437347
0.814896064793365
4.65090792879309
8.54803154079598
3.00563445254834
5.23854179885922
4.85032946828337
5.58720237368173
2.97467971172825
4.93135746111539
1.37266833298671
5.00407754636968
3.82975805499228
5.22151923931147
5.12640647359438
3.44214744723542
7.4136926521565
6.11797690596575
5.14507175117545
5.26550926923586
8.66460060313511
5.75644096833
5.98142037387011
4.43697932336187
4.53992221643693
4.64170372746233
4.21992553072654
6.76664235878895
6.75773333658726
3.38300453092973
4.44512000602191
5.20413082155927
5.11472093816618
8.54291012822423
3.60104231007603
5.15854103554243
7.11640056457114
5.48929532830934
5.6857336640687
5.19123590602465
2.34450997608872
3.6629777380134
3.38474110582578
5.3707880909942
1.41450052897535
5.07017253280206
3.35000921061473
5.48565871659093
5.84599751018778
4.03235246159285
2.17391808780875
2.67364393769572
5.38002834680916
6.92902916937908
5.84588637166864
5.63007295937555
6.3636438869918
5.86839761548266
2.34663126939633
7.05020862605689
4.75261916449983
8.20504549952474
3.90879276610575
7.62478538025458
6.07834002843161
0.5514590530196
6.27480314399014
5.06943994307851
3.36620903876862
6.1463867237077
2.73415410428165
4.50093107994831
2.60799390371824
4.89172357376449
5.09390160833106
6.35403028287723
4.18500950035579
5.81571627010252
2.70969224152803
7.20460059052166
5.17322359721698
2.34021391578357
6.88538015618808
6.43130153216961
2.98903108386179
2.15603921243827
4.44760845346499
5.44347627883612
1.7324448695424
5.42891528443857
5.49158222116556
2.3388720632506
5.50200414220067
2.78033956671375
5.51432950623234
7.14067445346505
3.98317297170222
8.8943217031966
7.22939454111357
6.60531368761691
4.64363886504235
1.32584283115003
7.78970000553616
5.10266994276002
0.146430766145256
7.87741162281017
3.63307662954213
2.61571698346733
2.9586765709399
5.75259094152454
5.37676153760837
5.50767993359843
4.54688061156872
2.50321075209746
2.7088673424845
3.71787067411522
2.03705976485317
8.15709288674294
6.78639351566532
5.79435571453894
3.62559861872043
5.05166299925582
10.4859621111252
4.78449270430437
5.09994170776719
5.76665915485456
3.1963495061715
7.89122314033905
3.73051892974245
2.57590342205784
7.82340840322956
3.18830151272573
3.86579724938143
3.52831240221924
8.72674993243911
3.67746418022494
5.08048073006046
3.75391845564508
6.33226339038895
4.753834061682
2.75911908827451
5.16244764230027
4.37965020974397
7.88735208938637
5.63936508564035
5.69410789806447
4.16529938846108
4.53158095231898
3.87147896153525
3.53297346635414
7.48403185279001
5.31974137137101
1.65819550334611
1.79344590553464
2.53538991833003
5.08482648532873
6.3058943362859
1.04710606164671
3.83045597403693
10.8735012833678
3.96058025047158
6.45521786944975
2.58969321040306
3.66030002176558
3.90514516278607
7.01349601064166
7.34051770828547
6.12920695011467
6.03675646918621
2.45306356677145
5.29871263387455
4.97639976246474
8.29527018360043
4.25511942154929
0.469875579205657
4.77406600406375
0.894803944508669
2.16597317314196
1.50779184026646
5.56683220849959
6.0567047117047
10.6422530704942
4.83405505362198
2.87511057366641
3.92741941017124
4.91382929803995
6.57163305930738
5.64518372418131
-0.728171005591069
6.19414388510955
7.01688541475605
6.90328631263739
5.68240071206915
3.77892802882894
4.49248361279465
2.75032377483055
5.20616432883709
1.58949672313325
6.66690185755185
4.20048744764634
7.76656473652158
3.58686882577086
6.34847447537728
7.5765905959484
4.67495400778397
6.62851861041566
4.36423448265643
3.98752310102398
8.39393394728505
4.21864275602937
5.19425272762144
3.64248010132813
2.92638140219368
4.45085242138239
2.00017527906049
5.30445636743721
3.64533266591276
6.83048534031722
4.58620945236077
5.79649632633705
0.28202346459352
4.29748835161945
5.16075391399735
5.69653075792353
3.52563725931312
5.1709653720751
8.345274583913
5.45935738627464
7.56360556202458
1.37409706890128
5.73141806398787
7.58867381300968
3.70394562516108
6.46357179223634
5.53788908219172
7.3072755988583
3.35185388852073
8.61764029292029
4.12863122898445
4.4229901430756
3.15661222669055
8.41216844308736
5.35110225905706
5.01410198898512
4.89711243431853
4.88501498711321
4.97563964213543
3.50521104857999
2.20286608795103
5.22575894916113
7.97695072906203
4.46954124873918
3.39833787877638
3.38908318998507
3.71717364229965
6.83392121794506
4.26554215694187
7.16275946687379
2.86003774454423
3.49281823616897
6.79012065447841
8.0777498521532
5.00874812448135
5.77437905015392
4.53159414565123
5.63603960965965
4.98575481956434
5.07841246529123
4.18962521314866
3.5260678104577
2.74550786580812
7.91626008629236
5.30188734569167
5.45546450640116
8.18317256687975
5.5875443528292
8.87211932593885
4.57499505102703
4.3153838419562
4.44594372739416
5.22536928338658
4.17465132632879
4.19246548100633
1.26397677036169
7.58915093036845
7.47255679454087
6.03834921342749
3.20740476700871
4.06377521273972
4.48960293045801
4.25767578129959
5.69886318866055
4.0490229283787
3.48886559519409
1.37907736806307
4.75043350008087
1.95242287943945
4.34121327748265
2.6221357851782
5.53227573440432
5.2588945748415
8.30291517280324
7.84344930808191
6.29618696700356
7.51845386983674
3.85786317721111
4.98497870222866
5.67593627850862
3.1549053004457
3.35805661255468
6.38865488362461
5.27372208418421
5.5438078830182
6.02294145695215
7.71559013094612
4.28002580324918
3.90603620059583
1.70351604280687
3.88775563324528
7.53296117528451
3.1458335400302
0.61845533019757
3.49448578458529
7.65595051718806
3.42372662860994
2.3817321604821
1.61828289462212
8.4066742763411
6.18152222562938
8.61003058112037
-0.552243836043498
2.39446897737633
4.43716348363957
3.68733141402524
0.983460286843442
4.74776565381765
4.74863430839584
5.11496987413682
3.19494221002209
7.2234084350352
6.92170420974772
9.08088472922169
2.83503232565382
5.59742957359769
4.89320215234037
3.60096134148412
4.67481228449881
3.18804130430608
6.75544429572608
3.56586996618647
8.0244431836054
2.27059406263106
3.59203322324216
7.52602864771928
3.54054413487683
2.21574702217339
6.23434958935041
4.32819805734757
5.67348611711472
5.93356248639705
3.66442289773013
7.167413090766
4.49790595236088
6.15775809618114
3.37751329859861
7.15346672002621
3.89747801366292
5.78426018218437
4.32574387489278
6.47191686452208
2.08846734514766
4.472525254037
4.3414703958708
6.34866318811615
7.52418689647027
1.89673543452363
2.403150566605
4.47837371740439
6.31712619311334
3.61552226559543
4.38967424734339
6.35223604264038
0.768690757421723
2.80144386249739
5.55395999236252
2.13931090637502
4.65122712679678
7.76666564233431
9.66324738263629
4.74807609646425
4.67317166733117
4.04376114412772
7.08168120705086
7.44618859546852
4.30932632416692
5.29334467772077
3.98691410293261
6.3615134606851
4.82247640890327
3.53681736534338
4.65922555014664
3.24298233677597
6.49549768490074
2.97781716077374
8.66205441757876
7.64543365050226
7.11901001719266
-0.450880044944036
9.20325799413306
8.55261853329744
7.13458141823567
3.29707421343274
7.67048663760468
3.89937390654914
2.06751902251099
5.02936893694083
4.68632269462146
7.17311347912906
5.79889853595587
4.81593808507774
5.89142482564315
3.98974966656432
6.77468666997039
0.530048025273453
5.29863869242547
1.84723055596046
3.47530982798835
6.92050787803604
3.60906899943411
5.94709117540904
6.17661874186227
5.3996385149301
3.09405760784255
5.23030008514638
1.46566875697142
8.0958918930098
5.70902200019667
6.18543160939
5.68577793149283
3.14594187595336
4.62169960561915
5.84079386734971
4.05604785151165
6.28670548830927
1.40677652483552
3.76008561066905
1.90108209563462
4.77998059162992
5.80128319363147
5.99062594306181
5.83941312536822
7.06571597627621
2.74028168509192
2.57705870459548
4.43662948022971
4.56056612399267
5.03904461855214
5.16504576067402
4.05490973832932
5.02073113885156
7.62412696555016
3.92764123875727
6.11725649178569
3.81571588186836
7.62674381975681
5.96925929725427
4.33710741346828
2.84622520390232
6.41375674180477
6.28872155755873
4.73903877653113
3.99682493797104
8.24278345937788
4.25402181178819
8.17463326973758
4.84987880644273
3.37295511396662
8.19028051383994
3.27114011485285
3.24827221062746
5.32657221893238
6.37187130987852
1.97783555511073
5.35112798850613
4.15080094581481
3.59760291759684
7.9923118353996
7.38968734216837
4.72306744551858
7.0740229544967
6.838078403184
6.99361088116868
0.0819033141012575
4.22382084342806
5.46884878807183
6.58542977553396
6.28599239799441
3.94070954743148
7.59386512895817
7.8144288252052
5.15058094812009
5.43481736383122
3.74923437001858
6.30665234530146
6.91834112062954
7.17969902485136
4.22720506727902
6.6658832017178
5.73772956183776
9.05658365230049
3.3205097141885
4.51556168163879
4.49857316939031
4.67957494222965
7.03843572678667
8.37415393110591
7.33731265419861
2.84265766389904
1.98499682457016
7.03717052167371
7.08802017275486
5.15686872127643
6.10369058118062
4.55951085149292
2.21764639075867
4.77489621585632
5.03724302822079
5.15881376568792
2.04797088053716
5.98311334016255
1.88699659926758
5.3465635949124
3.85036795380158
4.06392057053775
6.03031845383313
0.837655156647736
3.99708601339494
3.10441815457596
3.85369823608919
2.54929879989592
3.3126042499208
5.81028756464635
3.4960541702862
4.6520699413453
3.70134411301354
4.29942319803101
5.67183232387533
8.40197640377147
10.0516992748497
4.95618719578358
6.194425214801
5.12430623922209
4.2806352811785
7.33520088445427
4.97400609030807
3.30037033508926
6.29118029045211
5.39885277643179
6.81401473300699
1.4491373775627
4.9248244111919
4.72058323792654
3.4411810400468
7.06317541551902
4.6792439323408
1.46578301292876
5.21983775989554
2.91196563060084
5.45780445293268
8.04601656268535
7.14843646271938
6.32053086468922
2.96131752598841
4.08671823447993
5.03764381495294
5.15711957140472
4.19675033981688
9.08846050273623
8.88215673427447
3.65096025536777
5.82868459504504
4.69863605257962
2.56282837452192
5.45924090794831
2.83847802322569
6.23652267926367
4.28856627042649
4.91036090638045
6.29284947485809
4.86401250232145
5.54774907539401
4.80561892061357
10.0818768965297
3.09445699797806
4.5457558153125
2.94310247146321
5.98222033086456
5.76176027210727
2.61605107762738
7.11934351956206
5.96267127516235
4.94544185137533
5.16701204897305
3.87563169891924
8.89627276369068
3.93220630519522
3.8884843377287
4.58965556794672
8.60926358341339
5.34546138780487
6.3280809558175
3.29983194709376
5.78126264870106
5.98679133563633
4.34659818880341
6.74909764338272
7.92866561152413
1.86386242156772
3.18966463954077
5.27368141710067
4.61391663181883
6.38763740805183
3.96537820619417
3.74505162951278
6.05879351443431
1.45293580218472
6.64964110395277
4.30532751299161
2.17317556220936
2.39807746390885
8.32208052338776
6.75105443701256
3.81124674577953
4.027793416984
5.17989534074469
5.16498653639864
5.05711606938374
7.47240921370939
4.52349336419732
5.48405205474542
5.07057425500764
2.12300224227055
7.64227366426244
4.31737626436035
4.56264401726794
2.5924689559935
9.13360324065493
3.59749881828108
5.81330019566154
2.09338061361571
0.292397820271907
2.89739742944377
3.95858628477302
3.94516163311657
6.95368060248132
4.82898489169718
1.88510037972962
6.89637777963948
5.13381318497808
3.36385459239726
2.66391532255028
2.5046521672886
4.10305606029421
4.46097566552843
7.31353021099428
4.26375384805681
6.54509134236279
6.78174905550137
6.55854407285372
4.20496601656433
2.23181039879857
4.83292780051038
6.69779981796316
4.14110622664182
6.95399783231513
1.19981774812188
2.32376290975085
7.18398788579963
6.14765521873049
3.44965964585811
5.83814677551346
6.92114788040596
6.32854601961022
5.87932748302111
6.4871052383619
6.15118756832968
3.08975963495615
3.68324215575133
5.96022368026916
4.35577954552325
4.31696579309403
3.80068864492876
6.00756500596021
6.75471505995784
5.99365878730895
6.90131245096272
5.18992912550678
4.7893699244184
8.93858679017549
5.13809154876303
3.95906169201627
2.36034488823482
5.14061152319307
4.3802992283953
4.79849325318831
3.6669511999707
4.71606181449815
7.87931448841119
5.23137268059885
8.73939238559895
5.61436433704557
6.21205935706321
3.86340726898188
5.10003830367428
6.54727430384673
4.95657544546951
5.11989553281248
6.10519597432022
4.00096018257534
6.10704565420203
3.68766201422093
5.01231504886337
7.99760803215372
2.26929334073469
7.3685594924432
5.64669954470879
5.63602479116743
2.82595463986251
5.53983556857297
7.69738036898167
8.02810964816007
7.31557663810776
2.18443470554658
5.3134222215066
6.11459043682359
6.32034338442204
10.2061880528444
6.2243662562166
7.44425646128867
4.56346849701837
4.64423890504249
3.77431173451108
6.1916521689748
1.78272244855915
8.53217313378313
6.77542134826212
6.29456498122912
1.29871149640303
5.44670765665489
-0.96071178986382
10.3042797046477
7.57610149912847
0.907161680939327
2.00770085208109
6.80598276715222
5.56978808264054
4.74244344716646
3.49399635419332
2.17028600042028
6.746465226097
6.15549291891086
3.82823937314731
9.51867875089952
3.88446206889192
3.98791037000422
8.38365519037448
7.04684614482649
3.35537885283699
7.71862750522989
5.2301877432408
8.19428191638563
5.08779366552194
7.38045205428626
3.64826269746974
2.00622065258283
8.05399107607783
5.76966042268169
5.17271298165416
7.53825057730515
9.35345634764289
2.87566317347444
4.92541349268844
5.28459549511613
2.85607786874631
3.1933624092132
8.34471172831199
8.09012378413456
7.25632272862767
2.59223975809638
4.8797999932225
6.70142622241321
7.49590837626644
2.248901511475
4.77708380346045
3.41752657089207
6.15627503068128
6.88837606488359
7.44601472238669
4.13402527050466
6.1654175917768
2.11530376460046
4.8406136073602
6.98285917596891
5.55197615908027
3.91021389943991
4.19681472616775
5.62014444751165
3.25649502017391
6.06735052657732
2.64092386497344
5.97951214229937
5.69707076468314
3.45367093309172
5.40459654319874
5.53379040977821
7.96193528203866
8.66593333062649
3.20763827157624
3.45401685305234
3.38991696641832
5.90617147602149
6.11481849443691
5.6922248932652
3.85358443815269
2.84994608595472
9.39606672198656
5.75292640839591
4.45241163127094
4.66571492874093
7.04311054898361
4.78176435814162
4.93830352249004
5.60313133046073
6.73826112332506
6.60341652005735
4.62879531175681
5.33040043970477
6.3446135383881
7.18532556077238
8.84988056239578
9.57586969891746
3.84392513915233
7.18036015360678
5.21370823733659
6.60326707318659
2.99609836298485
4.83316965009983
3.9428373354211
5.21319323595359
1.78188115762698
6.95721901964565
8.26924960168368
3.48409772564673
6.16163989467654
2.62515493140554
4.50962314878547
5.20115348124061
4.50016185845247
1.91165839534669
2.96848734958097
6.99992982976522
4.28514036747925
4.69125774199746
4.43768833573831
4.06242186774927
5.96157499997773
5.34043525923146
4.96890100196799
6.4608236416135
5.85038278266114
4.02459720785258
5.89024574344004
3.71549982255333
6.61303308083857
2.1742167569103
4.70991094590204
5.25083097376101
10.9478776891975
2.40686073864422
8.03149870311753
6.85121549297917
1.46978876079908
4.63510569727322
4.83200113608805
1.81758330988281
4.91423888582264
5.74848668551425
7.85133308331971
7.84532978939103
5.5215007159741
4.91690923673941
4.00884576471224
7.64724599139377
7.08140515840485
3.40761665415577
1.82691565285969
6.60454358137829
5.90962523329857
5.6734158143832
3.6983292694644
4.0553234148038
3.84456770526973
4.34793182438871
4.54087943975049
3.82841307645957
8.63347068047182
4.14049727713292
1.21467334109142
7.30313674753107
4.069792674631
6.34997222891423
6.29092142617718
4.89237841896019
1.43364381328006
5.18532405531136
-0.918591416403323
3.22531336642281
4.30216593353241
4.08114349169729
4.74412063887466
4.50139230980361
5.81559850818632
6.91127284371433
7.04046930409009
1.43636152598135
6.65403590321551
3.66475433260373
6.08981104190928
5.49320110150913
4.80546655884373
6.83747504378578
6.17023315363938
4.31045318921178
4.31988566502587
4.20052162981551
3.6166684077018
9.25966035359266
4.7799321873466
3.48718488610081
1.70544941230086
3.58493931988672
3.898573910973
6.80354849340729
4.88288791645019
5.00851349235074
4.77688754182567
4.20100902976877
9.84560436791343
4.73213206535358
0.822457970229397
4.09112584827353
4.84886474757661
3.5372931337906
6.39281953962534
7.89870878722663
10.1937064289458
5.48792502951327
6.55591534021344
2.4014570146279
6.80975719650091
9.12946212246815
0.750606038364759
3.83235402039767
6.95298579391945
3.7964278456467
6.82741419671273
4.5130347877497
4.31413109559864
5.51460811846777
5.52875819614979
5.32962287183264
5.12108871061882
3.52101610923018
6.36490243795327
3.14128960180182
7.81217931465564
2.97288808025476
6.05497381222145
3.44156723117649
4.11308485395595
7.36480605906129
5.14125426104211
4.94399116014973
3.67845222511244
4.3965489348158
7.28503054004302
3.68068579157371
6.66397218299996
5.28475213628235
5.22150211031592
6.33223995304761
5.22779353792464
5.13602505237711
5.23551444799011
5.2670241353849
7.32542867431561
5.32102382574481
5.6171440594903
3.87454455251376
2.68895171382583
5.61315317430361
5.68003503709227
5.57639582611496
2.90355037727451
2.19078254976617
3.9641184496839
3.74528750799688
5.11060848849714
7.67031523667661
3.29864564135798
8.28287554386771
4.87725661145749
1.94528420377416
1.89569247523466
6.14358501041802
8.58071865278071
7.72356877421989
3.81768414325331
8.12208306492571
2.69849307876725
7.39411825221264
8.1078984767095
4.7461965984001
4.81965936353367
-0.238151965875837
7.49292066227041
3.94896269302303
6.32851504190943
6.76739122345781
4.84043053648126
3.26226293189579
4.58069430121292
4.72843360178279
5.8250761306759
2.72164223169362
3.8402503816663
3.34820379287293
5.01149290989357
4.51859077056198
7.92758406969879
5.15538072687928
4.10463097595906
7.1187944156143
4.45246778045742
3.93357284251712
8.00595982265594
3.9481793280911
7.63009103972647
0.301170572122776
4.95625894860838
6.27030658566027
5.73435008063776
3.80998825358955
6.5254175528166
4.83483872772684
8.61684414425166
3.56428084580466
2.49602951352328
6.37684067449831
2.54073181795532
7.51633887676786
5.66333476444287
11.1823922287708
5.70517950339249
5.01214952084259
7.32391625921533
6.13698168494976
9.6670959246014
4.4829008713951
4.11514670589317
5.21133295892588
5.77400204226595
6.64188043307513
6.34931833153752
8.20308896729829
2.38301036197627
4.23910359113327
6.77133327861779
2.41152522595587
5.30514002295665
2.86127763733393
6.39812624497977
5.40865649413279
5.83353661658911
3.07390443747142
4.14981330596857
4.03015293024205
7.46942969990114
8.41004292757254
5.91018541383424
8.08719446344392
1.26288691493669
6.01617075803797
1.80299672052843
2.74290197784081
5.95054776507185
6.71396570705573
2.82727641545048
1.76085781846369
6.58390429840757
6.19293316493233
7.02455260960313
5.26671130821552
6.88168998008007
5.98657158655542
4.72666129653009
2.00508132818669
2.75783277414723
7.94221519066959
5.38224134267568
5.30431754404211
5.16707872037694
5.611195543885
4.56805607636133
1.15802649944309
5.45211831452503
4.30034597887444
6.75174454445877
4.83692661390483
5.2283371182924
1.98992346799063
3.06156856592985
9.5570313103105
6.49860288454961
7.8644185471469
6.08601177892842
2.54627120388503
7.61241999581195
1.53878023675189
7.85037633147062
6.16777815953473
3.80911510810909
8.26085489833777
4.37075415337472
5.5822956478713
4.80407181112455
4.58729180974879
5.2750781302505
0.639561526047975
5.11602771825609
7.70091207978857
5.01653593860588
7.02407984455374
5.52631327929874
3.60125891057096
4.29858996674339
6.39797303326939
5.26384157490848
7.63005182063981
2.41244707372934
3.48592647107307
5.77356179139933
6.73058080020333
8.31870247854927
5.72608833983757
8.20403542098447
2.35669668994931
2.15798156410743
5.23665759445809
5.69953060721801
1.09616725757309
6.61617915909005
6.80984225910326
6.0702526076016
2.81328441495919
3.83455288807403
0.805643664103717
2.26687910849152
5.01873063250362
6.21414657238268
6.86097880682648
5.6999368343887
6.70530754135013
3.87292657965673
2.97130638885912
4.12592809329615
1.61411574320446
4.89410008300559
4.7958196517781
8.82504311395886
6.01905710579862
0.658152994710198
5.42792262850578
9.1846729392309
7.13305534479862
7.3635771100735
5.07837509219536
8.00389979019389
5.87887588395805
4.31329468403009
4.54577832351113
2.73474548634455
2.0716113076545
7.70086757499807
3.87795634230194
6.6588727870584
5.96905642198176
7.98718262791357
5.650452823836
2.24582780046586
4.31282358984856
0.566366775439443
9.11440967451288
6.63233949543983
5.60071477551421
5.92459298942073
3.17091182772026
4.99706318509398
6.81772234979835
4.47723101725334
5.84238799649202
3.81797473192032
5.75266172783284
4.30106555160196
4.07820305264168
3.38154227336246
3.84007096743588
9.16302730198836
8.28724720717563
6.89979785246977
4.17422557122951
4.71384254870051
7.35034529736526
8.40891845824483
5.48756603898136
4.09327734524527
3.51552191574406
3.76751497813894
7.53292376132097
2.86245904229598
2.65442561848649
4.15693983618759
3.43138123652548
4.4128706815995
4.71980767604426
6.03453446744934
2.02504754579154
1.86710861471394
4.72656893970752
4.17705239971378
4.45394379867082
2.17748219193185
3.30406839345832
2.325036510753
4.26727015732471
4.9893619338426
4.15775991252591
4.70539489866111
6.06969750407144
4.07194122154415
4.33416152515683
5.37533563185678
5.98432412087611
4.33369960136141
4.25575983341572
4.4210469075653
3.57415190801514
6.01401479631015
4.80627039913436
5.90011459252711
3.54098433293985
5.47755634212511
2.57508662889399
5.31628733424803
2.03963351023702
5.71269036263072
4.61581126920717
2.62005789230394
1.06061334098145
5.79705599889696
6.09497888646299
3.48867262256252
3.93047097896293
5.19986964886231
2.30302560204958
4.74049179853007
1.03994340928833
6.16935453770858
8.77441702657497
4.69732681305075
2.41297351578011
3.332564860648
4.52215152280399
8.04866613410192
9.06991965069286
10.2452117620531
5.9284307545164
7.48273693136814
3.92672200662353
3.9588824016926
6.95707213486917
5.11097127489196
2.30237194500974
1.18071030883086
5.81414325069925
5.28772185161752
1.04983147115547
6.27614619155151
5.98897211689985
7.29823047546389
6.71014438083382
5.47228491583059
6.55104195429157
7.98660241792038
6.14740911950933
5.61130366724506
5.89533775384435
8.17925458338809
3.95808413253114
3.20962885263818
7.15509663699207
5.28958876183303
2.72393415225144
3.71101313512274
4.21261497074562
7.51946066907464
7.05450678301106
3.51667895534159
3.74091247581434
4.88869027434516
7.11266015498864
6.21806835189519
5.56168705161629
4.53652687359937
0.46250928200423
6.14301491946189
4.21437229816156
4.68382536638209
2.80587326388743
2.56347367707411
3.80457956621134
2.44380617532835
3.56342353467666
3.16711751565729
4.15235584529931
1.87414008156804
5.45515566872368
6.35867147907041
3.62762556084391
8.73974622289473
4.85220430014502
5.31699150394203
5.97748048460097
6.69016730796563
4.8048194338276
5.88575240670971
5.65063926840827
0.526005650568458
5.38056264199391
4.71382769190036
5.90027109962381
4.42129534631022
4.67608675080308
3.33634629782573
5.77064260576613
5.27363587726113
5.86427922027685
4.36440710905891
5.82368144202794
4.22165339180382
6.83197787470024
2.27490856720647
1.71471299517228
1.65187127167721
2.03870087507922
4.64231951362401
6.34064278112016
2.99006109204182
7.65292586459332
0.276248563877747
7.48332630698734
5.89839758414051
5.28192640192201
6.59206901483236
5.74403499951466
2.96812941695489
6.57351323574569
5.36703212301514
3.71856383637286
5.20374433235466
2.38721269242963
6.2881266155812
6.39559057848757
6.54328638498236
5.90664523601029
3.9915604082235
4.72236094955404
6.16194852910212
6.28233040603241
4.39490878281243
1.54644587827907
6.1860536202392
4.12632388387934
5.7579048848842
6.16907125197281
7.65552880942455
3.86027178271361
8.08651913218836
3.53292104884734
3.7045196373102
5.85630390660909
2.69313502892687
2.62918154107128
4.73855119605869
6.40548453979334
6.88873411509909
5.72876150707109
6.38737420844866
3.64128219673633
2.93784400985592
2.03939106859942
6.16827988551388
3.56847707882461
1.1691488876034
8.02230112876815
5.43540194043059
6.40865959215819
3.04224482997434
5.97175218026119
3.03801568002708
3.97901793466052
4.84309558973061
4.43987447966175
4.5081795989918
5.23910844167071
5.96303810132718
5.26936376264772
5.38228537258
5.00477882929902
1.54022647435644
4.83944246302457
6.00578473351783
4.51335105101711
1.76353756617352
4.15455026975974
5.52465514543512
2.93534676213326
4.92997913863854
-0.0994248352418232
3.10413204978998
4.18602426750733
3.68373253853824
3.89875939451408
4.35780320117923
6.63903610994848
5.50719227584513
7.40599991805792
5.48366882482174
5.30284300988968
2.58745680890321
5.21445988773285
5.37563332007871
8.01137076013652
8.07480196333562
1.63567725182245
4.21267871727295
1.49710935546349
5.1247442479399
4.12632487955657
5.46299132565442
7.0355427228772
5.23608182363306
5.79091753146081
9.40192577872723
5.33854711080107
6.54337012666636
4.23353864771166
6.63137192731706
2.1252584420429
5.22949123530753
6.28437542705499
2.38813018822293
1.85105410683006
6.23947550004922
6.15029335194886
5.40267019862045
7.93904834684808
3.08916579385424
3.12527937006553
6.15696215086965
4.30820221572152
1.84122148530489
10.5751762215723
2.72147019156327
7.35860433607691
5.46760181157671
6.33258127963599
5.61229383365751
2.15897756547755
6.89372496971406
4.1369252661129
5.67595902836859
3.80359590772182
5.47278944835027
5.76750822876219
5.35609614803786
6.42801560574024
7.56963426303228
5.80756810646253
4.83315674459323
3.03995533896394
3.91769463575111
4.65763640940341
4.52505919803157
5.61988448839586
1.81527012515912
1.49111658195616
-1.52155832589414
3.14260233407796
2.91316201200722
6.0998286852343
5.74696505769389
3.44629030440775
8.58393838812775
6.6613325532219
6.70536856666411
7.80839413865244
0.761360357859466
2.98825902906542
5.52183244440786
3.25539360370443
4.66166782246456
8.25559392311079
8.00015775276889
7.0222529515112
5.01940613857754
3.78064951611982
4.35803801541137
6.82667523781178
3.65846280330565
6.48434685595192
2.20045674872244
7.27840411512096
3.67342995354143
5.01096303087827
7.10562497813693
6.16922652509544
3.04355633208627
4.03828506642663
4.66379843861401
5.10890785649839
4.99058142169636
-0.378042937006196
5.14048551321827
6.19877694287599
6.77710904524094
3.98140367969693
4.90349667494516
3.08565813749035
5.49335137617718
2.61374580815939
0.383219618558701
3.340268259358
6.23954075827071
5.4192974636299
0.744460763009679
7.513730615603
5.55093982262656
3.4802083863301
2.34228643313198
1.85884325660708
3.8120403977099
5.72285359400199
10.2469726664659
10.4328410520097
6.48651440685281
4.45240015858225
7.54649755568395
3.30363942258966
9.14767502439239
3.34002023901594
7.45856518142956
5.90791881706827
4.65157230902738
4.87517332477129
1.44741364069404
5.10245381308645
3.38261182641074
3.70361519641913
3.0089137521162
7.6444992558086
5.80780963904202
6.52463757358047
2.10920531701862
7.32100796005295
5.67570262627797
8.59394964633106
2.86351351566014
7.03647432141099
1.62407762176239
5.23883935672043
2.82809358073323
5.6978439850046
6.62963200829502
4.79670817176568
6.48620227256471
5.15243543340403
9.09564016904441
4.34087489214278
1.92096189700387
6.44076124583549
3.61829974426703
5.65995969989989
6.50598041873049
5.1098207259211
5.4341558720172
2.42052765043586
2.22845661399905
7.52065424032431
4.85497613053216
3.78956973268811
3.49029028958691
4.48886535333154
8.39777234270523
2.2366834186518
4.649668535684
3.24290275487377
5.33733953132441
6.85205125358785
6.25020575296568
7.58840664970364
4.16380096855625
4.66263627835786
5.21799192364336
7.15308859135032
9.08218850444207
8.72303171860814
5.86237163044135
6.89850287021844
5.75962267516229
3.23602862573209
7.95516507848404
6.79615377946538
4.57789743820849
7.63040037201312
5.09090963070007
2.99578604236802
4.01932593667247
6.72189377132647
5.18170904971296
4.46826069004991
5.37437556346327
5.41631178635831
6.8014367852234
4.23587790085242
1.40496291842609
3.87129401724542
4.23119930780976
6.10435920939076
6.87953160961737
6.70287860868083
3.36175341861217
4.05274410212204
2.95631808288275
4.07229780472369
4.70869877127504
4.77977187869818
7.33070151265947
0.720332980504023
8.24146079483704
2.9533020482007
6.43657207772461
4.71210704906221
7.65050541927283
5.90942449776377
3.17644793871268
4.7840694841873
1.13626734220072
4.24301057743292
3.69027454597312
8.02925437633755
3.04024845397747
2.4781317362416
0.212380236952734
2.11797361631592
7.36789014030946
4.78860120715201
7.61779471094917
6.04561424744701
4.36556730252016
3.37137401628437
5.29503052300114
3.32215989031111
8.56362198653065
5.20736719459689
0.0686587492401651
11.1925116128717
3.12877813938584
3.60883826660612
4.60194553659734
3.8618721775326
3.78262899319671
6.03221891339369
5.2590704813381
3.20219950718856
7.47766056914399
4.77883719050353
4.87380435780858
3.89344659049911
3.6186482911651
3.06323401686035
5.25866109623012
5.72999205949641
6.63978816946168
3.378279782453
6.45176636619861
6.40330137048406
3.45662514072126
8.42702532678426
7.40583170008102
6.67597841461693
3.49029043698668
8.1610629694064
4.82380997241414
2.01931766862615
6.50092999195884
5.07086795202231
5.04021071825062
7.02773428288065
2.27685141862765
4.86550949172186
4.97168160282292
3.31074288309408
4.92819719032303
3.92093381217646
3.11182036575915
4.73945392981413
7.08961478571482
1.75487421125722
6.70380142395035
3.00051641996034
4.81999965120955
6.50170128142368
2.94384819642529
2.29973180674306
4.64814445299576
6.78148069204902
3.39840516331432
4.59480216003785
4.77450158507113
2.57837887723409
3.17923503722983
5.42512795164666
3.09529280973666
6.5924983821217
4.81204654289676
3.29616805849987
7.79348858552002
3.62800490167119
3.22591559440907
7.57253374923788
4.35078280286658
5.13695046983928
3.05910762735322
2.11110574767503
8.28982747696593
9.21772094462477
5.3262662767508
3.49876704412336
6.34668832636318
6.94920857250289
8.03325828166673
3.95278600108685
5.53573909381599
7.63465891904688
6.87109861759875
6.94252659109105
6.47678760938436
5.46224422478237
2.20196928802056
4.56785881819313
5.27628039623221
2.41804697451661
6.54471638976055
1.60209205539676
6.97982371763299
5.45104489090572
8.75326369498595
7.29363982040003
2.0625537042523
3.82734909630089
6.49024498713423
7.91989183196982
4.25706359346999
1.53401687609672
5.26511595272497
8.16763644656008
3.04178713114626
5.73015736341853
5.62282733213024
3.97598874051469
2.99161692934524
3.93894108017623
3.58196784935974
6.39254639258965
3.63279070239913
3.1722699742254
3.08814343021806
3.39212858980829
6.0878326959188
8.28327100087325
7.3587249111376
5.14927462336203
5.34659082280224
4.00970679874495
4.00107675562268
5.76438058919406
7.8777865883722
4.99275595062645
3.26869251340434
3.0960163892488
3.56234111788704
2.43617657646764
6.09565490033869
4.36626032719382
7.13571451546613
5.79410270212416
7.98045704130288
7.00611619220947
0.657468592132303
5.68333527760531
5.47010588452031
3.07119615520349
6.34493351371433
3.26185030934316
4.50020145490923
6.36441104332023
5.66396363316867
7.65125337972894
7.03832202199863
5.50090235126758
5.68140695516166
3.82640407972303
1.30771297394795
7.80148662454406
3.31436778452654
4.21629810735139
2.81351016897889
7.3998902974755
5.2479761178437
7.42726126441822
2.20989343717781
4.53410002750673
2.95212830106393
3.66359697934208
6.21247462075494
6.78092489486976
4.12998845353847
3.73097051222632
3.74034778278442
4.54995687361187
8.25558543914258
5.29112684536071
8.30675181152138
2.25925194356253
4.54794188144916
5.08513885368095
4.0675048795817
9.97311510424099
4.43714091242633
5.06298178604718
5.92155672171284
3.98062468804612
4.84411355832252
3.5590849305049
7.24288673211829
7.40727998194804
3.55967393283233
4.98254207944102
0.542630361699452
6.3709021881249
6.08416793355131
1.18482889853033
5.24380630786027
0.906491251114978
2.77300027566464
7.41877823543107
3.28330588863516
2.1849620354039
3.39097314336412
3.4885609499053
5.85591045688575
2.65229055048486
5.97583987468197
5.05106250821329
4.49022652548809
4.42035489836404
5.49621938142545
1.90658205176949
7.4338788001485
5.31749966636166
5.48754002273205
5.03378906975448
3.47704400431341
6.65696713046647
3.5951388073581
2.18818609719577
7.24615337957362
8.45749030925782
4.61462563102493
5.83289966936643
4.24405615892641
4.79661490809985
6.3155285747936
2.06824813213448
5.11891045023263
5.54986083051248
0.793799276163192
5.88229717222985
7.02612579613292
7.73952706979646
2.37127262168103
5.69417010115711
3.57601169094362
3.81723725730967
5.72350465335454
5.7802283776609
7.65477113068172
5.09436411037588
6.1439708860883
5.43984680468785
8.76138172246511
8.92349041528654
4.96107876697184
3.36603037860015
6.5540338996323
2.86958470176925
9.11538080377943
8.8133403975156
1.85656340398717
2.43606092424354
5.28340337731733
4.64778308595381
0.458726501609505
4.63741753336061
2.75132061258188
3.40288703938013
4.49103611033819
4.14056314785184
3.73920533566105
5.05298981846311
1.42042199302941
3.94901347241288
5.6893917963868
6.19761858166984
6.23303742686364
1.95134494110324
7.79486843793432
5.53839742306319
5.53621594665603
4.56013807027381
4.55225535394361
4.41536233084458
7.44356485635595
6.81636782292939
5.3660588824558
3.47530180857313
4.70713651021131
7.28284949499527
4.7157597215423
2.0416550569434
6.95693913649086
5.53523359832979
3.92026349684298
0.217490736992816
6.04588672235551
5.70694103940802
7.89885799989816
5.13916541889546
6.3048487933014
1.86756463891867
0.483454380791166
8.26255162696268
5.98534370530229
5.43917744640919
3.8493735020695
8.19910512500076
0.95393003494747
4.12664357729111
3.68803723740242
3.18872364894504
10.8245782278576
7.02564941074477
5.8173235442364
7.08376310283429
4.86664326895493
2.73807915942358
5.52159981972266
10.5834415079296
7.8471238780502
5.32691810917562
2.8327773890629
4.19081709186329
7.4425042321808
4.41640378716019
-0.463498110739677
6.68875357320088
3.55274843628135
4.13333919692294
5.37052357740014
4.01912728942374
3.30801779470255
4.8193095959294
6.82945295086967
4.64200404766564
3.4897212151373
4.21550386833423
3.48987316697114
-0.135401156405885
3.58998694021728
8.80835541291642
5.78868622535124
1.89355961119682
7.43856305572003
8.57986534074542
2.2876125653054
7.89720254363471
3.62109771475289
8.44626788182905
1.75719742705634
2.32917660866961
0.454552900329957
4.19668107469971
4.21220241873834
5.69806986487108
4.35618096345142
5.23173248384661
6.56195627724547
5.16812924140298
1.85153733428665
5.41734987171306
0.893329739556055
3.50481972739554
2.92647087219614
7.71075347716364
5.05864812703374
3.12639349142463
0.642020207957009
5.12069246757311
7.85005800860736
8.22102042219007
7.5743405381612
4.81291011118829
2.02276367083751
2.61673488798229
6.30667006174368
0.2574934574482
3.96888182611085
4.61920124926619
6.16655925393045
6.10912710905211
7.72782804874178
5.22078963583428
3.31220016169854
3.97603953222665
8.57631191636101
7.11488532260235
7.02268556059222
9.13557811249052
5.72534046744372
6.99104735339608
7.75817530112303
6.26753998556102
4.29697509123729
5.44639910495778
4.2479099830597
4.13744220618808
6.93733782749617
7.96499430153578
2.69202943421368
2.25882682657135
3.68634248296411
3.26419210102182
5.07170290348276
5.02878962608638
6.84341517130646
4.28899050982564
4.94581245137421
2.73746526788609
4.81102934167943
3.61571641198798
5.6585388326494
4.94113325499857
4.65930569134029
5.42025321500552
6.54789038266265
4.86731616029039
6.47892644083099
3.20909609311076
7.09390793142256
5.44934348231171
3.07955156511964
1.15886160066847
4.91273264030634
4.38290216848928
3.91207103834604
7.4300994870295
7.39829613575838
5.63131734385109
3.95054343502971
6.57758282759528
5.55486084813615
8.45178012225944
7.34316081999857
4.70973807983429
8.05165603040208
2.66582309956684
2.44899183652262
2.90293698488878
4.98496908810983
1.43750002663301
7.35586111982698
7.37134134846402
5.34805306494441
5.44156223404992
3.91695428592836
5.38777135673967
1.61419106645078
5.33248881479738
5.1580089594453
7.09366571183225
5.01888938372984
9.52566736283984
6.97603637934352
3.49321216968501
6.44088052946919
5.29136210972248
6.42185001161428
5.6220833982568
6.29068960577462
6.09340906621922
3.70331164604243
6.82514079357675
3.11946680771259
4.15562879555723
3.16601129518159
2.06542068261135
5.1379278357924
6.66722226881127
7.24769698101295
3.59649246771137
1.5807595440647
5.07324655608752
4.95992736099223
2.75439859762142
9.6770811792071
6.21559276354352
6.26062651820709
7.66453556826669
4.75605886423294
5.49799351905866
3.2389335647804
5.38653916754622
5.1679380579576
6.02815463839841
4.11045462919175
2.49502546860176
5.8454735919272
6.27621735207094
3.05071762432434
6.03768939296512
4.65749137148968
3.56935760778168
7.20750704291203
5.9529616428695
5.22569107552669
8.48736022043623
7.028235625449
7.23679432786666
4.7784831840285
6.35334595558132
6.17814733882553
6.77685833622166
6.0953118797589
7.57633340047949
8.94739773481011
8.9031569441107
3.67955432313787
5.812928566446
3.08291916049252
2.90144056356919
8.47376944760833
4.46780017771591
3.61515719927884
2.74164856206299
4.99791713049752
0.679872938935589
6.77303020394189
2.69228356221849
2.96172615494302
4.70204545539903
6.97315712730845
6.34960385615211
3.34671568387127
3.92793100797297
5.46537640931567
4.14923567295625
6.34113241548146
9.67930988741797
8.06171554447698
2.60380782336298
2.52250999482817
6.4836811654905
5.37830512904196
7.18481200248087
3.94816276364916
1.93613243235625
6.12324629443084
8.14414504807408
4.50058507589877
4.30707996204126
1.3468815205936
9.52262860695848
5.96140609256618
5.75392923060947
6.54405989088662
3.36832063626812
7.98810817229158
5.61081946742063
4.90672841522347
6.80147104055559
2.47708808613087
5.84477596012338
5.20613581809634
8.82715269570926
6.53625206936241
3.17028643453495
4.95663070150154
6.49794080495555
6.34366462916256
2.03963810169517
4.63528205387948
7.16151449852984
7.13430868642716
0.728939189639996
5.88155070503874
9.82545031418995
6.0398817182873
6.65531733518152
5.71439765258506
6.23268931960355
2.47487182515493
6.30590153244946
6.96862963772903
4.55247080142309
5.70129115431549
6.64760851928309
7.60965474172979
6.87994697536348
5.97677144685828
6.80120881038258
5.71948165373045
4.30370842833121
4.74018871921597
3.66995978885093
8.50123292772451
3.3423281251853
4.76205908938914
6.65435822606862
0.636863205431728
6.20731742084555
7.69364019886685
5.55818314010841
3.5734373347899
2.59286730176227
2.89579652590231
7.60638927710435
3.2910632528643
7.16278649879209
8.10441104895214
6.37999055922448
2.90047007751556
5.2204510939338
5.42754813166287
6.15513276481091
8.60959870714303
3.06630975309833
3.29054577997942
2.90573433732719
4.75442632678975
6.53084893454009
4.13493318483671
7.34469679485548
3.09295828905297
5.35899474195057
5.772221739453
7.8530900055649
3.36136127455492
5.96740611755116
7.62982617439812
2.95073447554348
3.05837291133442
6.71710192339369
3.05316252885546
2.08725954858793
6.53584672870752
3.1588490831542
3.63028146370458
7.11647479138207
3.93519075231394
4.60366335420617
5.90257181140458
10.2971937082994
4.64947446791704
2.53613846024658
6.13254194746757
6.16989811082966
5.1880114486203
6.35387986653227
4.06630229468781
5.90200411273323
2.54548712240868
2.62494860517996
0.545509464130949
5.77660186470532
3.3634257942182
5.35033685639238
5.71472478186147
5.7238450509879
7.50467444081202
6.61854110736662
4.22146000060794
5.34887790667931
6.34522731568124
8.84107795640854
5.93512830772133
3.27940832181299
3.72823389644528
2.51665399208185
2.2692085869052
6.38785690473894
3.71217803467497
8.22596780938441
5.42287846527825
5.65037507534215
2.03786701511321
7.17161701405404
7.75950604595026
5.69628563443955
6.23569419101122
4.19230814788414
5.07813755322485
4.42332944355559
8.06562151473533
6.13273799821125
9.43612392798373
7.05971026798721
7.16374981846356
4.88666449685196
1.73337229944981
7.34723670834884
2.45691307924139
7.05923527960103
4.64645936875195
3.92223333049901
4.28512102328414
7.87968762437288
1.74000270037872
5.94558067867145
3.42954252116022
10.4377091778479
10.4786777545758
7.11580174226725
4.008238967729
7.03062425759479
5.34068799022633
3.53899191779964
6.91489315723486
5.97133961665956
3.80720605351052
4.60118119453051
8.05621454901042
3.03361895400445
7.37986569634498
4.17135266913113
5.03059098867825
3.17499632336677
2.59453002715292
2.4284671212661
3.90427587359868
7.03371582348237
4.61117267755711
4.57346024823538
1.86686250743488
3.95074317890874
2.64358429186502
5.36230935172328
5.94173975287014
5.16187017901078
8.65817913044633
7.04817231775893
9.0387202003193
5.22582669386409
5.49549565531489
8.32758346769224
7.70659361118158
4.68815248508021
3.4521176023503
4.19644240169711
4.78231484667464
4.23574225064725
8.68802479292749
5.85830520011558
4.73918737114797
7.82311125522449
3.35862885571589
7.30570070021425
6.4360448518767
2.51157265830696
7.83532135214843
8.52279790668472
8.54350184993416
3.91687328886965
7.49427724802896
5.12132356241481
5.99047203250923
5.95765061091761
3.14721245271653
5.28433627508363
6.25275001058741
6.04777812015264
3.49717581875388
3.75818336239996
5.22721904093828
5.13757967705911
5.02323855859409
3.57563214103137
2.45095614648834
2.459077460734
5.12598990929259
3.06019989171299
7.97654708254533
4.72664307034217
4.5542437286193
5.68505290741157
2.51897546593188
2.41816049148958
5.8848004157101
4.88310111666818
5.62528656560563
4.04555686259758
4.34474645881396
7.63696525661576
8.17907080926552
2.2437546305967
2.19199005388673
3.98545860307545
6.52787172806551
6.5074056341957
7.57066867653042
6.86135931454479
7.8431057785177
1.86737432507932
4.64672353215829
3.51486799155496
4.70427440176962
6.83088869798505
0.658167176240299
6.78787253019554
4.9857484009998
4.96169980768489
6.66069863698334
4.49425704683405
5.98525359466441
2.68591845413629
7.58441341694509
4.83856822578412
4.11175751432552
5.61738917838218
4.57713333486723
7.3308387957329
5.31684554949187
8.3037183422426
6.40067496304868
7.14168324478437
4.037777367086
6.02637725443922
5.11859515967705
2.86930097126685
7.12276768750901
6.42123657303419
6.35324663983482
3.33873870232132
4.79722916323899
4.17230137566611
-0.807420526774951
2.35873361926269
2.77379174176068
6.57426149474187
6.79956757147355
3.26409136848503
2.56510949133795
3.76659305526036
8.75887386276638
0.0606292872934446
2.5741424770254
3.19329511210852
4.72935744725395
5.59614971205567
8.0774259283138
8.69547648246549
5.27867808620938
2.41011132840794
3.56045241124213
6.67993024407098
5.33506267547385
2.40176623254609
7.66583071118637
4.20544106202811
6.19874684438892
2.19557406257334
5.77805801642457
7.84581514606793
5.00664940925329
5.57978818726998
7.32779971227263
3.41051772456232
5.81252025393588
1.77492683595612
6.63731250152548
3.22677003043739
4.36751863984033
4.13765293567812
4.93324312487695
4.53849334828338
6.60280044246006
2.53241160682536
5.08886565708962
3.75958453303584
1.83778322798646
6.55604443933417
1.99220120402333
8.02224089654768
3.21216788679241
5.66220715854776
-2.84703900422618
3.92405485942444
6.32964059079499
4.34926882513869
5.48138294326014
5.18259241345438
1.66675603163877
7.65832939312385
3.28139447626927
3.93959080261575
2.911327597281
2.77168618320434
4.8335811420863
1.72377208936063
1.69915852058972
4.9687202070916
4.2895728620598
1.21514699098428
2.19457432078099
4.85296085789053
6.24846844422217
7.89792596927678
3.66105902134889
7.83627903603572
3.38449178881355
6.04934464397987
6.81183193863686
6.94466100115962
5.89420810518474
2.28786611329587
2.51669187707939
4.536120461013
3.17573123015958
6.4163789031605
5.75550464611456
4.74061527414892
1.23837324428161
3.59402759546542
4.5336449911216
4.78296703435942
4.36594109152398
4.16069982996444
3.14660636165758
5.71999357695664
5.15342733849168
7.30172284857776
4.53249950850047
8.15576588902848
3.80124134052699
2.11283012030759
1.64466996716622
2.95930739846946
5.10837593916054
6.23996229666371
3.18777291423234
5.14781559731623
4.77626197439897
7.63872977459049
0.847695001892149
5.33508224390637
3.51219848220419
2.97414617593875
7.20118473611632
6.51805000029839
6.19337114792537
7.54067498409772
4.01905015863835
1.88504549152262
2.91544647018505
2.79719156113632
3.46820838349701
6.2785429362227
7.3818553320547
5.28485688221006
4.79992491215441
5.58740756141672
5.4069439923015
3.49015004450747
3.98326768491734
3.51689778566355
4.40818002218582
4.09399807228529
7.48886035821168
8.7113551568879
2.44513040384574
5.98362760552565
4.95592633281731
8.1161357544974
4.87533250762576
4.82487804502659
3.89153938622188
4.66989115713192
8.71260575210303
7.15897040809915
8.80839270682447
3.76643034762545
4.34349097790387
3.94042551017119
5.08062866140469
6.18215864264742
7.11419373159429
5.41054324567349
8.62260096153839
8.20650547385628
6.78664903768304
6.39956985706231
2.08621276899051
1.24672483120755
7.48099867845529
2.87636735162431
3.4662615736368
3.16593893016752
7.52034433875054
5.14541011527234
4.77918076827569
6.10642462939824
8.39828462893768
5.47692245723605
8.28985015644789
4.01489536141243
5.23512515717383
7.79775052867189
6.03258719107137
8.20535902259062
4.78633057851043
3.01386364885391
5.05361609897432
4.97438226951539
4.68213593339117
7.8720028972647
5.95062612900629
4.30221510309124
5.12790309975009
5.79531546439356
6.26960526569295
5.75851843502521
7.21703194501559
4.82517800367445
4.25036105414802
2.27141371101965
3.49836977133743
4.07375448864251
8.72961824154791
6.03849136216872
8.27621292796023
5.55530262795728
5.54391576285494
7.56129592578025
4.57778420667133
2.99223745456598
6.37937779848658
4.95018942376756
7.0426783300643
3.70737105299369
6.21395607666702
3.80811772387193
7.21229031691755
4.68594914442771
6.10206737587465
3.63947212642224
1.383752327492
6.91775297408509
3.73448250181544
6.18792628600728
7.21996414204811
6.98849072125834
5.55479949763655
4.65878385848971
3.31174844895906
7.24269505138457
3.2835466331037
2.37556063582088
7.27143494974553
6.01160568638071
3.09572554804799
5.416914892891
4.67155140892611
6.55044431349737
2.1796677936093
6.67246613482758
8.94057633423883
4.92628035089684
4.61193438079607
4.34009210222878
5.22999171087424
7.59312179537016
1.45327384501208
6.87724865720298
3.72117611795573
6.66678105698597
4.6422708010477
7.51892501812203
8.38635049181311
3.92006979708184
3.97394744947944
4.34229368896046
6.83264035054071
4.60108305643327
5.64434928101653
7.46879567591317
7.58549618570137
3.79000682691684
5.68117384463665
4.05807902178205
2.49728884723022
5.52855334554215
4.29002195786661
6.35308032860486
4.61781003333617
5.32928449142732
5.2809199899362
4.27540904675506
4.19026320871899
4.09800866180827
1.6815633501873
5.29885591778635
6.59613873356336
3.94159498557935
3.43798773354882
3.51830561856135
2.60539979314918
4.50662829805637
4.27154804823623
4.7423204490403
5.32745856129648
6.34577727596876
6.26175295712795
3.1434411568162
3.95277321669436
8.80518240576171
0.705819610013429
2.83343506271139
4.25158392420788
7.79233236346657
3.91116580124575
5.26626648278814
5.20560958972815
3.35627404914301
4.73391658848747
3.88899578246685
5.87463342572352
5.74940685261482
7.88231387811586
2.86532872964112
3.0877037245906
5.0016347772413
3.79388176239033
2.65629296727403
4.07459045316595
2.36780135455119
3.36786442571876
3.47400875535826
5.75385521020612
5.87104501358912
2.79050166718544
2.38350484828966
4.51796049429027
4.35646625853977
4.11346252660273
4.30763771144192
4.14557243709603
3.23492686785873
6.75039229250874
2.83162574460499
3.50318135104611
5.09311085262739
6.53291395030605
4.00221162750807
6.97471381365383
8.08483589664038
2.22084698304762
4.6006169437442
5.3884953289458
5.22352399116734
7.41162543562359
3.0430353447099
5.58464722064828
2.60672244218641
4.31548969711689
5.60027220583085
3.45928964305489
5.20707799381926
3.49926999951256
5.92140317349586
5.1681312161945
6.44902037513939
4.55240449840315
6.15390190398304
6.79916927810545
5.45856679937623
4.17319815840388
4.3815846281465
8.5594087323218
8.05335998071561
-2.09613797270362
5.46619459243484
4.36904360314716
7.34725021034374
1.19588593657344
6.11680328534078
5.83126847824658
5.18254504388221
1.73551800154597
6.79958443938538
1.72649640435747
4.62539619491256
8.17326392996131
7.03123133526377
5.42449788699172
5.65197976434797
5.49335776044634
4.48902469612488
7.28759498526352
6.84350793015472
9.21906219688037
4.06397588767864
5.52873027123649
2.1585395008185
5.55112506935159
6.18938643062636
4.67932618172636
3.59222425208664
6.28794450404174
3.06351498352978
5.54988198700729
6.43401612261337
5.46961991975739
3.29024381397422
4.95323884846432
4.65013675325181
3.94285562305654
7.25749784011154
5.00074526846126
4.93218226739234
2.00141422167079
7.11503981808143
3.9513450648685
6.6332850762909
5.61825062591764
2.71193516298871
1.31875539616587
7.84304597012144
3.43784509655959
5.37541769055445
6.40362528021173
7.68565389710797
4.94216011397985
4.04063546958651
3.15706708696104
5.99209935715218
6.24337657808517
5.37013419753074
4.30228543064199
6.49845527776706
6.21208904382324
3.56760485527147
4.0057593971478
5.10223731658559
1.99314919071963
6.74462472103139
6.49696005343495
3.95453566910295
1.2174375063996
5.8466409898231
6.92279855198986
4.48918811769371
4.0788503164048
5.67770833050344
5.54262476304518
5.7599131322535
1.46293545874389
5.84319238198691
4.58281856710517
4.78995197814625
0.620197286297889
5.11063368123168
3.19269523019382
4.71992492819586
2.0787447073025
4.83455956537565
-0.107333576087631
4.97551004098124
4.19602132513072
4.57381775419399
4.28740979376297
5.42764378022339
3.2080569776993
8.17415715770081
7.29961282733714
6.43194384932423
5.94187621431337
5.49789980300522
4.55870639084891
4.73874068870429
2.42785818471114
4.70941683296796
5.33224601566905
7.24350577034383
5.12616568646675
7.13637057037435
3.82226752277029
5.45945967626578
4.84082092387261
8.47599342036641
5.54614604868813
6.01794237282119
6.09741915953001
2.20556965443751
3.68519101193706
4.95845967618912
7.73968026234169
7.29731014441479
3.47673364648612
3.87324069795863
4.09752906814763
1.66861983508791
7.04457094305894
4.84740606746629
5.13710352323235
3.78419120041044
0.624200545245974
3.98416996176042
5.56955160100176
7.02992685602235
4.26520819143473
4.48675430445659
5.81459464647356
3.6640648400395
3.48891773419899
-0.309076705038682
7.77690281472737
6.94707211404959
5.66140151501681
4.50017207940689
2.87565937667721
6.10386098231973
6.71359662657655
3.45100261449916
2.09266605061079
8.62604854753726
7.25745682879067
8.73568014143462
7.34876808444566
4.82354635686945
5.0218495823243
5.43330956506361
9.72149777527831
6.62875436644129
6.80112005225245
3.90707796392413
5.61668481213373
2.47479833703842
6.70524368486055
8.27783570990272
5.0799836676413
7.72163604718712
5.65706736376098
2.69899057565237
5.92380083336662
4.20011857645693
7.3781526733472
7.15014104560107
7.3042012455655
3.29906104857175
4.05041895059688
6.46711504134476
6.30626743989533
1.7806050405171
5.48178218359744
4.31741360749995
8.65261653823681
3.48376221289233
6.71418239292128
7.99975318481426
2.94960546838491
9.74480960839585
6.46322189080936
8.40983913873704
4.76533965359248
4.65785863138163
3.69028295438838
1.22768807716951
6.03019356316874
3.77914385992123
1.92955098584284
4.52804844183943
4.18159452433909
4.62734196021813
6.31253440501248
6.07874650191849
7.27113302336513
3.25119195294311
7.51071103243579
3.84918292793555
3.61052869074812
1.0779632776198
5.40837912558747
3.39284894203938
4.99531436919594
3.32047025875244
7.98717651077528
2.03206009807689
8.79200296695483
6.15439046829891
4.53101826858303
6.09959789012235
7.85364205822047
2.19136412282684
5.16123178197419
8.20107515467148
0.524311332350191
3.90104238846238
4.15728944943833
1.5885237338744
4.92129330582487
3.74115875779106
4.4111566470399
5.72256506008215
1.05229392500311
6.11609412030876
1.2301126124357
3.71762664973629
3.81925076010175
7.79654884079232
2.65454388943557
0.297473658097976
5.31396129166463
5.07126724707953
1.79548297140336
4.47896366160798
5.40844541064729
7.12875803652199
7.59831152048591
3.47261098356706
2.44665295167447
4.11816427199398
5.43282485500629
6.70140849393932
7.01878253435544
6.04783385583247
4.5074275300577
2.41733995033821
2.81657706525744
5.55756109336443
5.03687481274644
5.38511932163217
7.54795951097039
4.77893661936159
5.14569752716342
3.92890385074953
2.19510087300587
4.99763003433138
5.10098223774573
6.69331984224325
4.63163908113671
2.93106606328397
1.20222202064339
8.05391115001188
5.32937192651072
5.22736449651082
6.4406681455975
6.79472121229797
3.36979745746216
5.41814946620651
3.28341204354623
7.91533020664368
8.93572552556075
9.17267185355523
4.47231761107883
10.8445139162134
6.15901712034992
2.76009780066314
4.35702934953906
6.0154560769274
2.4019565731081
7.71804923894547
4.25949292724421
5.50098144149592
6.66534903225534
6.26893319152404
6.40656530426415
4.10512388854749
3.1996505124312
5.02069282280446
2.61866154232137
3.89162148785495
4.29378741479789
6.47071402669524
5.034967270024
3.40958136535467
3.00237294506772
4.43978951380194
5.38378669959
4.60307421266053
2.99649513412106
3.59399869916076
5.32886806230307
4.65546923424219
6.97929946538689
7.96788815467237
8.06714469769975
6.12190506476285
7.68295991471381
4.58306453274507
5.3359817351069
5.69708337029726
6.40273634224701
6.28169253854987
3.37205342377608
3.61047666184254
8.42292450711184
4.28365135047536
6.13304552653033
6.36336008236502
2.78674990965199
2.76086703277588
5.00808884628866
4.10174990701902
7.64936953035064
3.33069972700618
6.76302077216714
6.23064134562471
6.16800316200322
6.18573890563674
5.39664650582054
5.40884327359773
5.03523559917555
3.52954783127537
5.99248933522221
4.30029234883844
2.39379237654803
5.10221096675216
7.67369505200467
5.3244906712399
2.18988152014234
2.02704825071904
6.63504567321352
2.35028706292457
5.53784291807335
5.61810676472528
4.88267229558925
0.976883607641664
0.954949441513572
4.72115218227848
8.08271552869234
6.37199714462744
4.73850219281778
5.77651200141473
2.42733387877639
7.33316874621542
7.21661109660963
5.09865095504167
7.55804941421865
6.14842377416535
2.55333396612286
4.57559855319238
7.12704227736383
4.69392745238752
2.1043903397636
4.23863971574077
2.64291693415789
6.92380640396189
8.44768632196766
6.13517940911017
5.79562191724339
3.17030403332455
5.02281849804483
8.18438778720035
5.07823468236183
4.47502519710743
5.01015434198526
2.99533036727188
6.44959071292999
5.10817172298642
1.83653810054665
5.07376233044587
7.29305358300068
6.94885197058714
4.5081909650673
5.45325940120376
4.26786465302702
5.14218947000099
1.46078446687177
6.01549237173001
5.45792320294049
7.43874993220504
3.02299296637534
5.07260144946265
6.65336611484627
5.2553898207766
5.8745624310495
2.92299753119879
4.84725683960327
4.46692252039848
2.35124778750794
5.20034216383064
1.65322614949545
7.48493796274797
3.37234513152195
6.18635707600465
7.29537019313746
5.5267231260697
5.11414414198
4.88880801821734
6.81040567605392
4.05728813416438
4.84544243675208
5.00510967061449
1.39672671766407
5.08883930618628
7.33722884720746
2.50113673461385
4.50073756524656
6.863156121338
8.53721288827365
4.78165960087133
3.24304968441332
6.54988096033692
3.87131301707939
6.49313713960296
4.09330361651628
7.64621547262052
5.19221207083301
6.70827536602149
5.90472004989619
5.65854872028764
2.64793407610768
7.21510503294303
5.48249324864627
3.95640507419068
5.26255209050339
5.39072487513531
8.28375664381749
5.12379416725749
5.88570765007587
4.03779236072034
3.54171759170147
6.0519353200781
0.84420889673411
2.62063600002693
4.12964062597509
7.88060128137451
6.15995935909314
4.33932040604234
5.28320868713004
6.64753427243229
2.37438140624986
3.29014876271441
9.19726285560892
9.71906169690548
3.10264791383725
7.17569359222603
4.4624446223309
5.48121526356334
7.57848785222268
6.46928364394874
5.14299227066166
4.34350419668642
0.135759845849774
3.41817569369221
6.80052947456281
4.46317223781281
6.90260239283235
3.93424596058648
1.74574507663353
2.67188852492268
3.96638845018497
4.76811820172078
1.27914149874345
5.35942371354444
3.42087754109038
4.20026763817378
2.25428506054943
5.3021825112021
6.45466555533122
3.67682831965436
3.27695629869593
5.49000506198081
5.04770535416863
4.60445261600351
3.06117785907671
4.9996055970899
7.10372419689618
7.5546999218728
3.5685307783986
4.01678181167463
4.46457133851921
3.71258432760038
1.29274461587189
2.44385661513114
6.59093996006112
6.01604304252402
7.30831639905771
5.49045454654344
4.06117079409159
3.82771060607495
4.90013156112183
5.68375681141848
8.18984355825827
5.37584065045573
5.75371656804958
7.10297089999598
2.45109094945179
5.40740950705242
2.8628768290207
5.46037604703218
6.01793098985931
3.73263679656788
-0.501848710086285
2.84595199217124
5.76631340945606
7.45027420326483
4.81134092721779
5.18875216268791
7.46292054314699
6.42402845384081
-0.462563247593375
6.518169202994
7.27664086899471
9.4086971040113
6.6323248422921
3.07233547459983
5.47499283221211
3.99270238907518
4.27064098404502
9.84279370186525
4.87143843376454
5.56459104790422
6.48065180236369
2.60349203819857
6.88609253814892
7.84763189867882
4.39559194066403
4.22483696824756
5.39520799701815
3.7613021609127
5.1167264753069
5.8861246750879
6.97040780992881
5.12317883692958
4.25512008503871
4.31354686193513
3.55662158975123
3.18797602072346
5.16329377281076
5.99771656469451
3.17162019736046
8.52201661221151
6.20706049735356
3.61383841452099
9.60350744343178
5.72363272984811
5.45382738986267
5.0993003115395
7.06609594621498
1.92524176585607
6.90075823882636
4.91421810441678
2.78343777104714
5.12531339078689
3.05243546483048
4.20376146227851
6.20067383366587
9.03494150223156
6.01946935544912
2.06173769402438
5.02355694773475
2.69042399153214
5.84344223946517
6.8717234173736
5.03897141281785
7.82148656826685
8.21594497807582
8.65699308626397
6.68462824248386
5.64251216539031
3.72184354815151
4.56899382131127
6.81286800879258
3.80664486704585
2.12745983641224
2.1645666747582
2.84615161613784
5.12533311479707
2.27801538003912
2.56613263807085
5.59966363173245
6.56663291479643
4.62450794056556
4.09106066654589
4.51382219297713
6.95826158630117
3.89885026121377
4.62442906678332
8.95827087399993
6.6971540698879
6.63261379293503
4.96123169138444
6.70934085355098
2.66232400609528
2.0370894634174
5.31120171015477
7.59372307545819
3.67460484234959
4.57801580891167
3.9738480417111
5.40570749603477
5.53603188256099
3.69794485666857
1.3879473110079
4.2528913901499
5.7747742502029
2.46367722547438
6.4013306293306
9.41711718860381
5.00298431490588
5.74243594542431
7.83772463316431
6.98407576411578
5.76371137948983
5.61217798247756
3.70164087179422
3.02774410636919
2.84075611290458
4.40684630679137
3.38678914662118
6.10591698269082
5.49701810708521
5.29589778981927
3.46228995359643
4.86741828508518
3.28998745375587
4.98597089887149
5.28782323917211
7.37733046266052
2.63539387579994
5.45189284896071
5.3201899747138
3.44127404286721
1.22064403768401
7.64841451985415
8.86290692473866
1.73894358168751
3.7818677940017
7.25862842803475
6.40361646735471
5.53701851533376
4.53466693619507
4.81718514992364
2.38168302577432
4.3770267838589
3.8877418305222
3.80689886388428
8.1329522155746
4.15391887352618
2.4117761510133
8.43713613315016
9.07345974670033
5.31535026503462
2.49779657974996
4.79186553805149
1.62776444221923
6.02834401843472
9.39340331925302
9.43718481512296
5.64315467945403
5.95651010335967
3.3625464134404
4.34016119817197
2.54475457368012
3.78173234359546
3.07008925527758
6.61632083151417
2.52494378252307
3.89633108074279
6.90148221881438
6.25339860399707
5.96060653234931
7.12062926396974
4.72142519324546
4.21896652179096
3.16227645812588
5.35898169718254
6.62674068479444
2.94670979421272
5.0817127591009
5.12456759103949
3.94503076332899
3.71399208483706
7.93736972301891
2.1389155318582
5.45977661413516
9.36605795961075
9.26475604174929
3.92715318338563
5.10205192658002
6.95484961488649
6.1039358345535
2.12345630892909
7.51764365867209
4.30383713739523
6.72310162851047
4.66463251704729
2.4006227324445
6.18923135373908
4.45887636635499
4.82170329760591
5.555805488962
4.7016945058827
2.62205833537209
3.91661054510116
3.64456590101866
4.08131214737482
4.23737942461748
5.00220363472533
1.82174949007109
4.02155461226788
7.27792829073526
4.01539964669446
4.77682623691996
4.77838242075811
5.19944402067819
6.72123333890208
1.32064437285964
7.47536798870924
3.28760007277655
3.08893216884348
4.14576183647042
0.324390874711758
4.05263329060802
6.03598951875012
4.96494642306396
6.4545409528796
4.76053733244086
5.27679297605052
5.75442671941745
2.43976018955042
7.34245731847302
6.31531149282661
6.50696185573473
3.27340857832024
4.09679408670522
7.16342018732593
6.04181945057409
2.34994699126406
6.04832122891266
8.30129651263216
4.19546207165642
1.83540757425132
2.11434010867428
7.40705004437236
7.59059248497525
5.64964786134604
6.97736061948737
4.87534631136893
6.63750194301148
4.38876179776824
6.7846703716254
8.93404497030154
1.93446801590072
2.02729395740967
5.45898960991725
7.73595671712755
4.20460998518565
5.27590441768635
3.45492282570979
3.76655155272372
4.95588583286594
6.47990768978721
4.101692841179
5.06954557209121
3.66411537019586
7.52987396267368
9.10367614209295
1.5703899080808
5.99009369982132
4.37475335367524
4.78899127223844
5.32301784740516
2.58112155560607
4.1161747456618
5.07262349312642
4.55768724861859
6.02952070398005
7.8699710538368
5.64379550909911
4.07063835737616
8.65768031684727
4.93776272626029
3.09345710626771
3.55382446306459
0.97863880003632
3.18703433682053
7.9105295686549
6.83288502187308
5.73074574185418
7.25724503837248
4.77451687984434
1.61390526534083
5.65396180545979
4.61229962720685
6.16497451804908
5.04958873412768
3.96240011940728
6.56605538486847
4.27935891544498
3.99283777768637
7.76026540074362
4.94684113408857
3.70083894850695
3.62023903609733
7.94069623924663
3.74021374251283
5.42278939385188
8.45398199443301
7.63060440440087
4.73151168898925
4.62247247252756
7.24575337761012
4.44279855947763
8.49699136394023
4.99266135660905
6.080672615389
2.86963272486809
5.55742783878794
-2.16615719243188
5.69718062469475
3.75975700930778
3.0325244705942
5.89534823192887
7.29654379536927
4.24876436098266
7.04811806800594
7.31742297094035
5.03838000108337
6.93486853647559
7.84457624687609
5.81452892467491
4.60005048297395
3.75164078333951
5.59302756262118
3.47374983089324
4.14541894191613
1.70465594993597
8.29461554232189
6.08695345002433
2.85176515962212
3.5759692235741
4.75259478365236
3.90225036819199
3.43422039973409
4.1603330759702
4.4926125229439
6.12191643730378
2.06065501280308
4.8253378246164
6.84633116133962
5.70124256792715
3.56791450769645
3.37661390799875
8.32839041264988
5.44989164343826
4.76286045461787
3.48821132820774
0.446536712959285
4.4388872255386
6.12850327994724
4.27266788484376
7.11877539199245
7.93814437833604
5.48371659414004
5.30347866410534
3.86938602680275
5.6153905327546
0.0433701042055272
5.22826276554952
5.75720771403948
2.97444139458226
3.96745089928854
3.69253699345892
3.87772680724204
6.49267259725302
6.18799538126934
1.84617239222178
6.74875055742289
2.68186803908984
4.17873567936786
9.66003347104941
3.56629751947512
5.47420042223122
7.15579656244137
9.16771897421144
2.42258181104116
5.39152092177067
5.34398511232685
5.37624780398449
2.61779742456929
2.69424652332973
5.35517437019118
4.64124534267729
4.7886314592874
3.77960448136615
6.00985978620816
3.93482555422663
4.39525257373983
5.03625895844354
4.32183815218267
4.75150228696446
4.83256380190974
1.906098027518
6.48718813147033
7.6933810671314
5.6965684222054
3.83246613155708
8.53404122566483
6.0083744334069
2.67474650241526
6.62649274703652
5.69535446453093
5.64594818076155
1.98558160409595
3.27312016786513
4.2290796663012
7.44015270143228
3.77972406323913
3.19539358604791
5.64828687076074
5.1564746876222
3.29767278973574
3.74969927063292
7.87283980327485
4.77137302659442
6.39683216204684
3.57058612944527
4.07968207247457
8.75542986099654
1.90295267690908
5.82544267519724
4.01411318373106
4.81394140116498
3.21636604331762
5.80416407928172
6.24455693571225
5.30350746765873
2.0076326462623
1.78848761041369
5.8793965690114
2.50274550086538
4.10223700551602
1.56327414239018
2.72485106059834
7.54405206664078
4.76425515064025
4.65188682943038
5.43548141574137
2.77464684636162
5.6994974590954
9.51045605656208
6.56144071940858
2.51055661448693
6.92533254049893
5.95905937830449
2.58479722943677
1.77215968730893
8.61534314792942
6.32509854920019
7.29401729621849
6.62020287842693
5.80694796421581
1.90762263535231
4.73184427491628
5.84643848791644
5.03059431034714
7.3457854021731
7.09153581687245
5.58681988463721
7.52634796993659
5.08960138499353
4.86374014910783
3.95282026497006
5.55469978195946
5.69206925924263
4.01852165724445
4.56488795833167
4.93889835113357
6.57976552184873
2.78285575361175
5.23404908989385
5.2361040086157
4.98788081657174
5.99889362251368
6.81659475226148
1.55432874086599
4.04076396366626
6.29553231778657
4.55597344014218
4.69282110640421
4.5842028107114
7.14881850509677
2.60087298036041
4.29263554365166
3.72233974186855
1.90736456826915
6.21012346216841
5.36745507831076
6.15408684351824
7.44470966725538
5.41417368651154
4.3420368432976
5.2968502940478
1.99087252068015
6.61298434444715
5.7656829691627
5.82419245001828
5.00497625948631
4.20765125728847
4.81157580001896
3.82443007861946
5.78671213732224
2.31458505846872
4.50637495694494
4.12488957479843
2.6888893208453
7.30654695203883
5.57360429140656
4.93074184423121
2.2060654754048
5.49379802223136
7.15236515438702
6.18859074428654
2.87670562128489
7.55071423712311
2.12837061594779
4.28924772614732
8.51857171968515
3.93903746903602
4.43430335416815
5.16822362164164
6.65108403990149
3.54916954410399
4.20837408377064
7.52024347982389
3.43790998233339
5.17610510187768
3.10539165980064
10.8168631494907
6.97699786279369
9.69496481905987
3.44755227540059
4.99618492718044
2.48946268072584
6.62978111516268
2.63402891072396
4.52248273475315
3.21761265817214
4.74923248981968
5.86954206464437
5.48656837824664
6.0833858558469
1.6406927756985
4.32906195085907
0.893195916731719
5.35439443925194
-0.411889195865419
0.974611994659761
6.46166799809152
4.60762387038766
-0.153853113456195
7.49514390078307
3.34635697209179
2.91179283510739
3.74894771034818
3.04484460971093
2.44389958861959
1.9394143551512
5.20552901048981
3.67167773873488
2.65964868692222
5.63498852031289
9.27081745462836
5.62242550847463
10.8533431087526
7.96039831623638
6.05475421835624
1.9907161671455
1.03674476920078
4.31615689117934
5.69933206669774
4.17123082431953
2.30488034476236
6.25961715921538
4.55915211585842
3.53447028640317
2.14122060688152
7.73792152367933
3.80191535769575
6.38963436987223
7.44671653677568
6.15294834408506
5.66216235118401
5.34520508438141
5.92091110750222
2.30004311431627
3.62118699867251
4.86682691495883
2.39454452381379
3.12582769544789
4.23039563010284
2.45093332263073
7.59301368762573
4.80326851538305
4.81527090094193
3.78337012999142
5.37179814368734
4.08476783967052
3.29348497439589
5.39989544816745
5.76366881405883
6.04831554792481
4.86106529489471
4.25314113735914
2.45134402047286
0.580933472197482
2.51425717990455
8.35075210876778
3.07210301291665
8.15935486638637
2.30077117451681
6.85769031265116
8.79459017760261
1.77526347302441
1.92074523376015
2.5261574136154
5.07989638393224
5.6654476234338
4.80507165147879
5.00762803788808
1.64719304488659
7.1754477918791
5.97482150168461
3.92491548479197
3.70259924520733
5.32738516721268
5.21420210780047
3.67871609774627
3.8671367120151
2.67672263430974
5.72016928912752
5.50315221149024
4.63412131327946
4.1898154592725
4.2372924237103
5.92432373625254
2.31098498965109
7.56255563614033
3.09812026912686
3.91860753343849
4.59790502791414
3.21036685434539
8.49872327008802
3.56747417876477
3.28033159328025
5.23826507110742
9.47788355686256
8.4290530441474
6.83296732725133
1.91673983546638
7.16106137982519
3.92680536672796
4.57548353758901
5.16041365041055
2.12740144997919
5.91351067493586
6.33335134891961
4.15758149751855
4.87147503146457
2.43661287687253
4.87232337229739
1.80642440484432
7.94364847736499
5.10898252746056
5.74527035620322
4.20015368406238
4.7944078185004
4.90869983310133
6.16475120314719
1.87082847036115
7.1470646192815
5.11286348550565
3.84189408522595
9.00602391021267
3.35257879644414
7.66136928557037
5.25003759517108
7.10837544268941
4.67872579662972
5.99186923901348
7.92776938130639
5.14600845986203
1.41964848170475
5.55444327628678
5.64072606313876
4.54920091739363
4.9652075567469
6.02699732277426
3.67569935318159
1.6545370963162
6.36969145740905
7.09434287350672
5.41574029355584
1.23514058288233
6.10844460172159
8.15072758450899
5.20651582430701
4.79996704827647
4.75905329166453
4.53331664165779
4.39547428902315
2.95065793907231
5.41681505782228
4.8848258918822
7.02380363931475
7.98121366024269
3.00051491395119
2.43088535993146
3.86744916240736
0.527784655622767
3.83795733931209
4.37460103722741
6.41982259960822
6.76216936502404
3.14644215668686
4.81351643685416
9.41764889944869
10.3471541592032
3.39914373416271
4.6844816866165
4.94754423670508
2.88305996509481
3.99342593303954
4.12018199224138
1.46156132161628
9.31871157626247
3.82775648393244
5.10491643110749
6.30255190438601
4.68391226381288
2.14077410764559
4.34237597858519
7.1848721550344
0.968618769327369
3.20602092831761
8.93105242242191
6.74782456435545
3.82166742941163
6.06417916403835
9.94635349454332
6.30554704018014
3.46810874190884
5.55013372967115
5.47198487052122
5.30786483843034
6.05866124751996
6.70033325001472
0.156950354135547
3.5644359356203
6.00054474435155
7.06080678099265
4.92287155850932
4.29970345019275
6.75566094314214
8.57270563907002
3.40012665625383
4.32960592792671
4.16971852536785
5.87496734220485
5.21000891141116
3.77889763301165
5.54774771525035
4.41101880485545
3.3467886446318
4.78575078290772
4.6200982908701
3.70088286677107
8.06106910577583
4.13948937831092
6.17769702455495
8.04696118084795
3.92053644976088
6.99959094180855
6.42801631509536
5.22130946639728
1.61794144959638
5.01588575843636
8.38438044967211
8.45620458888662
5.69405195856837
4.35744738309183
5.94113191063011
9.71216260665929
7.87766154569939
3.99777612934974
6.26461366423069
7.07313818716388
5.45852263592718
3.36808421803067
3.56521801982148
3.08647102954069
3.39883069127525
5.36905111478334
5.05252124339861
3.346543422233
5.35655587665918
4.41455442528266
0.954423280117741
2.56878571479997
4.9522717893546
3.12709038752018
4.88594384397788
4.8452406223346
7.38696891029857
8.64134237805413
5.97762433281561
4.45796748875739
7.23181608469244
6.08455149463423
2.93937514146693
3.68668789019415
5.46148674961059
8.19705955538883
3.47378011747916
4.37095105099821
6.60600339416345
5.61125538711083
5.71533208807736
4.0983408108907
7.47845750800226
6.46807467817701
