0.55224028085239
0.803234271479717
0.468936161263291
0.300515359666742
0.221722663064225
0.0548083786504474
0.0364433672967115
0.317772862503852
0.737392223165685
0.687402310185426
0.353380369866512
0.0976514136849116
0.00128179538634777
0.918416570841545
0.680476479998156
0.277098116099804
0.522008081837086
0.886107200588267
0.14446191306543
0.505980417067737
0.524472895346102
0.338458295313759
0.573339126419191
0.221732556608486
0.102464559819498
0.357496079567959
0.982806909779337
0.559337188644998
0.956988390600134
0.155675280343303
0.90070138981517
0.757932013858205
0.641884401492661
0.571056696950144
0.884799770069135
0.843106606343733
0.925707607497601
0.426516405313437
0.473751171281038
0.508275083026665
0.36753337825965
0.188895428744596
0.202165495438334
0.732233145139895
0.87873882696
0.428944926517274
0.213501205237471
0.151393238008567
0.936687844372138
0.267132577589986
0.286263747001786
0.887614221566578
0.31704066502877
0.299071247276367
0.137100722510102
0.805685867021083
0.527688029443125
0.87352644602885
0.423254566885175
0.268915752072496
0.792019406570259
0.963637671538194
0.784972810742101
0.433135834984803
0.186548456953195
0.57019993783504
0.739938054415207
0.0318969020587636
0.825435659128156
0.337955117314562
0.098606052044006
0.351949518001903
0.320977292455041
0.797363006059917
0.444816994247277
0.966881704431794
0.463702751545096
0.389768946392729
0.593984441051283
0.00556797263557717
0.760358200001468
0.548904258117308
0.277496768760798
0.883769011058522
0.39632773228117
0.203688990301797
0.270468813151516
0.421404273361907
0.399630137617416
0.705164923647928
0.845652918163206
0.674522720122902
0.401955788527736
0.587940584457513
0.206456364075681
0.767028433381703
0.595393221290562
0.783363903722377
0.432099488126256
0.773320546868524
0.361492893622539
0.676978264591575
0.277737024813917
0.67091021354269
0.227276572090996
0.805195727818516
0.0612102503062195
0.782931563007308
0.920175303516955
0.382827102262588
0.538403614704457
0.935861991619782
0.01013886220049
0.475477411613415
0.95373179983544
0.21707026517169
0.00750168287852878
0.998110434632029
0.902089446352968
0.644766019164656
0.647769842378209
0.030309831607672
0.703097633221896
0.0879676962606674
0.416337211436406
0.591232969437767
0.321733013772925
0.795186127226623
0.00121990404556757
0.346744761606531
0.410684800370373
0.73553618339711
0.762724259836717
0.898061476277933
0.480548743548936
0.165978903648389
0.271964115117508
0.735832539568253
0.224231440984213
0.209496516316927
0.754465211347235
0.389301521635782
0.696119768823476
0.593665642218032
0.599433524409522
0.720025946422498
0.113928056536143
0.499412780654553
0.187470762351252
0.0190097713264825
0.135749745164871
0.978114018236212
0.711659230340401
0.219469051421031
0.518503172594899
0.645407663232165
0.142829954750108
0.827266501936444
0.795510619037668
0.554541290446497
0.35374412497316
0.578376906559958
0.407608310110684
0.0782524905555882
0.904924600867506
0.690215644296691
0.313200785321279
0.310423142102505
0.312815888518605
0.956131296706724
0.332057327481837
0.320848264711174
0.353188099181606
0.139544173372856
0.3976513692935
0.393300032009319
0.206392343290428
0.299234994074338
0.159912623948731
0.200274512454276
0.141801638292781
0.242755908140118
0.845224033830017
0.203045576392883
0.890160460320244
0.495191959603207
0.218972542565758
0.683190767451241
0.74071553499731
0.231988684261093
0.877582525619491
0.909137124189481
0.983818116013111
0.730759612371372
0.337762686754106
0.358944081736578
0.709379593657885
0.515270600200476
0.331589863124443
0.499106646104189
0.842844884550034
0.920242954739223
0.584418113434297
0.273246908460905
0.422076985182775
0.378285452766194
0.543905621117112
0.11643919181562
0.688390422376492
0.474000909010149
0.985865896135503
0.976187349375308
0.782661293286895
0.300871286493226
0.706287433990803
0.128742031157573
0.669409202479727
0.227830223108808
0.430228579466754
0.113668661002674
0.112836773347218
0.651228528941716
0.212288062011136
0.819628965764653
0.602576506331958
0.942805091435549
0.955673809931556
0.30100601123936
0.139909082370796
0.125790044826545
0.167241681320445
0.409511365608991
0.386859858250938
0.637874947754188
0.74010390661054
0.0785239125973844
0.71298632145275
0.442708863726619
0.348464164888576
0.981072224082428
0.40447049961995
0.322419598470336
0.0212249473739769
0.698374371593087
0.46299909048077
0.969069104722497
0.605605391887835
0.0775709156490526
0.579968292385417
0.165648445551689
0.698489224197381
0.236623619001802
0.29333206576116
0.693701251683397
0.216824349963919
0.986911087572998
0.712062261367015
0.159079126899662
0.308594910822803
0.0526159689115198
0.538161000994667
0.530219013797795
0.549018891420815
0.832467026904189
0.644499161131774
0.609097564782198
0.682394464752638
0.861578956268526
0.374043715160962
0.301678302492016
0.0114175764951594
0.0799719964507401
0.439160356773374
0.215369004999336
0.819170031431751
0.228138989397851
0.138534575130167
0.05164053488431
0.703193165154545
0.103269793765696
0.137287993328456
0.648603379619036
0.363854808651726
0.305473029816666
0.589350367494175
0.0225849804962836
0.0580076054826476
0.346105399440595
0.609999170912249
0.721260894579882
0.463289497069182
0.999859746776092
0.503633351316344
0.73985350142646
0.289094552563477
0.943145540141144
0.774690427483464
0.949231608976936
0.119397116345401
0.69365846015668
0.693127565713201
0.300760086261393
0.918165763436174
0.441295484801258
0.294545489228067
0.254082470062512
0.418879607332062
0.35328705711655
0.21063325116601
0.671236555994164
0.538607846096034
0.664385965991574
0.0460460969858891
0.872317577878933
0.121883508408792
0.616426459661502
0.626554522123155
0.413066934487184
0.845630022143705
0.469753488161324
0.774865694354503
0.60818187355554
0.107605553103309
0.0750088388939714
0.858514614391863
0.0919017339064056
0.414843281487005
0.265234393954281
0.315442397829702
0.333994804771455
0.271572187479561
0.607834837386093
0.00255632935078747
0.128975022983705
0.12590342753784
0.226350934226632
0.478040244619681
0.605735461499077
0.108060661521454
0.920002753304723
0.0061010065562172
0.997434549820107
0.472051341782436
0.336767924348967
0.0723429135002927
0.61245139295668
0.750764821747921
0.999695878000277
0.559994898084922
0.777356512440896
0.790885745851001
0.233045208755615
0.44013530002237
0.2165803302231
0.294513183541828
0.195478210350626
0.358308904816422
0.842495761785471
0.277955560971591
0.775964559488545
0.0285565642834209
0.569720217132266
0.274938400200208
0.591392613256705
0.92373096474808
0.880769426877866
0.613212436390041
0.876364246977726
0.72046357516093
0.960813957783246
0.652435590157802
0.336547703547089
0.185828707672816
0.125842457167118
0.924770281973235
0.0749580263175544
0.82652469508391
0.121054591779904
0.304940127446606
0.442953481949084
0.44169916186849
0.0255238345047808
0.832585933726979
0.941190983456067
0.401307265058892
0.626493959959468
0.897584503524783
0.029685625900254
0.693347813373985
0.790215652465306
0.11898165320936
0.470911806722083
0.286774155419297
0.706984710875536
0.934563376103639
0.696233944546954
0.270078825151364
0.0700622373467949
0.88620680379698
0.244067285182835
0.730928974095387
0.720081289674824
0.534098011520669
0.386426753384778
0.877658333747754
0.16814193167719
0.933498264033559
0.753834825634922
0.715131050496343
0.162012755686699
0.0687745830392913
0.521947132374286
0.358840563284033
0.630326937443495
0.234921490836697
0.392260651279356
0.155126170130425
0.0628497707474597
0.838045251930644
0.836866587450498
0.192005870521887
0.727672847979057
0.880076553035046
0.777630246541697
0.365488964542666
0.0235328161171564
0.354587992533168
0.682845143085737
0.367119767726711
0.468349891616897
0.418502481542992
0.359821579970067
0.529949042503317
0.697572465721726
0.117183662765396
0.898802523262044
0.352106167311554
0.0289421365950904
0.792698732750548
0.828878178175476
0.916381850947424
0.748374757314082
0.785658042606485
0.92063936855625
0.0798515206682014
0.100601558488654
0.599938250161866
0.175330741435186
0.0325975261866947
0.284921024938456
0.906999829373308
0.489399897482333
0.614644320520909
0.175533705536816
0.23003305601215
0.895850519442521
0.8622267740935
0.535602475178677
0.609430342772963
0.0400103130849695
0.550268712491437
0.246249614161257
0.130948477335095
0.629509176250998
0.728563479460005
0.214434550391268
0.773054720405234
0.0586922944897399
0.133742908747599
0.230257436095175
0.562330723800117
0.570157242333203
0.140621606706446
0.166884667398124
0.699250720080318
0.777740847799072
0.424688986999662
0.0246544865716788
0.513677738312513
0.77856147538205
0.776101879961702
0.129852924779677
0.809004210058392
0.713951408366698
0.360433958682464
0.356192200160618
0.171702688759865
0.164134635319747
0.973132731063262
0.718871529294625
0.31932648946583
0.205975095533496
0.336574945018159
0.184984751097159
0.236557184946618
0.607774164045585
0.360554693284269
0.02366762823959
0.0471203213750195
0.519470969274007
0.25344400213592
0.708449505241743
0.538786255450784
0.827490895754804
0.048050281423766
0.149236485429812
0.299563636116516
0.143910754134141
0.547486820637886
0.649514265510831
0.652486639501496
0.430118000570002
0.958473623743759
0.736027912235341
0.400551178994866
0.71758127152439
0.643712116520045
0.0837643482502146
0.049138126350089
0.487828747352083
0.608880269174603
0.229774099562214
0.535532820119674
0.766771032910608
0.433702656536803
0.294547847588327
0.0823010724752755
0.696119507123625
0.660274545391858
0.0943136763792417
0.731808405544069
0.0371063074234231
0.506161995789758
0.363986696561445
0.838249810828229
0.590988385131793
0.582859946702927
0.246640837971577
0.00619501319183431
0.440525967780196
0.823736732567962
0.833105976506303
0.272798648955216
0.273733265165298
0.0942684309289028
0.51109671403404
0.582374813887604
0.0695582227153533
0.990393980674243
0.0585690016545882
0.235717110845758
0.237494171359992
0.0101389901796067
0.701776420942058
0.249428201291921
0.304027222774734
0.146563850736721
0.180743503141202
0.511949475187204
0.117397719978265
0.854088440320832
0.492502083735864
0.0556722127371156
0.952014467755377
0.888319451169254
0.811629530229894
0.825176018920207
0.536444929314386
0.523159337242351
0.862304220608361
0.263027852264794
0.107083768447772
0.208155452215193
0.812048622873976
0.449327646242745
0.24852623479841
0.429914792206901
0.349021472307054
0.518927098979
0.938156126331436
0.967047451919718
0.515355358617116
0.517848749724321
0.304205485868846
0.919650789244299
0.193457584975337
0.779965255135087
0.524562714098867
0.585329057032696
0.531530771277059
0.778717832341376
0.548711376644734
0.35373762166876
0.366732962923778
0.198724551576529
0.934380017816283
0.639145862527537
0.0998699547162345
0.78277903818294
0.28049073089267
0.44214552318748
0.487168959809519
0.543639460985375
0.71957411393793
0.808771029640982
0.626814855055831
0.139502108068162
0.47132149808569
0.921663712566816
0.290108729660204
0.992438801195522
0.332456170605626
0.624442939368171
0.55011750746964
0.386751341712122
0.147039038798262
0.941796201073608
0.65576595363739
0.502847552448591
0.615914997384808
0.947680295879064
0.134075970521194
0.407857030556257
0.284924504813336
0.396159138400549
0.92457164024063
0.644060955771446
0.4642063791338
0.301153939070107
0.256044039327912
0.796380882401129
0.745813358258395
0.347471494087577
0.672804716012785
0.727240582527458
0.295017141463062
0.196746491301126
0.0959979708478023
0.822222680917083
0.620854251976946
0.866653291307185
0.548746839717002
0.303593363397966
0.300871558731431
0.919018634124751
0.387764638566196
0.461441151152683
0.0259218054172551
0.178444970796277
0.612464398733897
0.109479558491721
0.722240510004644
0.559795793639085
0.68007164945453
0.30198905511865
0.955528275537273
0.939975984058796
0.529920190429832
0.762291155816025
0.90626852870394
0.0123273586959718
0.0937847922173929
0.269439785295745
0.920436616031209
0.316170291003909
0.070314799494632
0.330177667853003
0.759629308093271
0.190423334657481
0.66495068986662
0.596099541629365
0.769620994999077
0.91233579051959
0.103371983666588
0.215454182688106
0.960076452260241
0.0113966252406054
0.815853027033145
0.652800801121006
0.712462610346057
0.201448148261999
0.93590941531499
0.718189958363555
0.596962438236059
0.983094392928192
0.132102854080968
0.939884272638497
0.583912425764231
0.821559263128382
0.456962177335835
0.429457015289095
0.772820392419132
0.431959745767017
0.543417126093897
0.616745866290334
0.858106887444732
0.895537741812728
0.807224785581616
0.878043839986581
0.623835939468484
0.296017649753621
0.998374984426006
0.0454186163536628
0.826396153450506
0.251067897483493
0.269132291162539
0.969438974819666
0.907759025359474
0.0748743677930509
0.938597227543077
0.794017958364215
0.627027004116504
0.633383369910734
0.603870134184924
0.246858196327759
0.479246864159023
0.44068955597198
0.759304688181076
0.908863196640063
0.269260366854419
0.0899675823429517
0.841357707946868
0.487304124661928
0.869226140022605
0.0981982616865816
0.297751939496838
0.592848389089614
0.0739985581745154
0.40837943741522
0.754737832129205
0.680887277915395
0.604271265887294
0.932114366730148
0.38643747400144
0.66010733881678
0.568611925244938
0.95486398514056
0.483063630256801
0.434623931758242
0.283231429695218
0.830773976800931
0.443837060449358
0.386428850550118
0.81542243475187
0.096245712885541
0.395973384958239
0.891092751737268
0.789780127520239
0.00998989945012532
0.0162216943537674
0.975057084069215
0.0222406619139004
0.136591229111453
0.237241598301266
0.291008394629538
0.814779859885422
0.155829607389538
0.218092741706376
0.661145873000435
0.504666930049658
0.465436278428543
0.232379121358245
0.67000110915994
0.409215391367336
0.221173989963069
0.0820468269114808
0.645587514032768
0.740072944372325
0.592762420932821
0.681363755126796
0.183014225372749
0.750706826777008
0.447634041942433
0.125518320213883
0.89492069367196
0.770099168674402
0.509743864256182
0.674723160738984
0.891769538840391
0.338069954804914
0.794341768191436
0.953271865433677
0.581211566643402
0.0153293504794454
0.0377896957308597
0.251773831810253
0.398755363730221
0.227454587282242
0.638043036884311
0.757249027210075
0.987908553558413
0.898675534933212
0.203824019328468
0.11826938391149
0.598490909160581
0.198361171822279
0.154293793892938
0.253507588265523
0.771032558592499
0.873201257999053
0.0583375106735531
0.542673059792365
0.753796444915971
0.0728591577610283
0.195159850362055
0.441191884998741
0.416689438795984
0.80552410995637
0.200512519496185
0.510308932849864
0.990621849188905
0.268683230479578
0.210319910087188
0.90929900561258
0.324135432932158
0.258478905807916
0.920080208860519
0.928419589879959
0.997031435266501
0.69647277572716
0.734412546905154
0.0305410476774444
0.19481897471436
0.5818323907011
0.560286995632404
0.384225258656119
0.552546075816611
0.533550849550724
0.0771341923732969
0.399835460785676
0.551104066399747
0.299575446364388
0.927003920867229
0.729880835503786
0.7731539429277
0.0666407999406235
0.953881850500042
0.303460768668781
0.209004918850003
0.732021212226888
0.161158803091904
0.348707983358694
0.0481116662472271
0.888126287228597
0.338657845357795
0.97553151933466
0.549023689406595
0.828539851189233
0.0535259999564028
0.0334757913285137
0.593353960776155
0.913261819320046
0.492323637074886
0.857020412378302
0.816066211026508
0.0373032249618839
0.256694415631715
0.444609167737434
0.517494434366006
0.992764971888869
0.273411411130565
0.717690059022848
0.855295288884414
0.818577855084432
0.381016683020294
0.860012400687816
0.831389576357834
0.210304614708296
0.654705300498026
0.83994296427087
0.819117351627224
0.929838249461608
0.744225700931811
0.1430064725717
0.422414235472964
0.668648917827378
0.981899235729707
0.643253705532093
0.990579556434669
0.471035577104366
0.996324668785586
0.427764531084456
0.470301998534297
0.18159871619442
0.122530173251937
0.365533277510336
0.668484771269513
0.531462359082365
0.705461321437149
0.561007265229814
0.251721713482323
0.152147231502097
0.903830393610696
0.294399698673121
0.948170773594628
0.329195476290271
0.252353786935088
0.213937061777514
0.395943355924223
0.385859281089054
0.0598149061176108
0.328026641040009
0.97878144680167
0.347361098736882
0.613663263376055
0.220320362253592
0.54437109601277
0.381827310761807
0.201193247369282
0.0124782511949746
0.589069538041548
0.371824057668413
0.57142979784256
0.144713769110431
0.182537927855311
0.821096637654739
0.34751016532837
0.933450575575476
0.969001736546441
0.619969008924253
0.801964128090458
0.940242717321228
0.967446288865753
0.854496147147899
0.417518635272502
0.201003611208185
0.0605959693059872
0.922857882791848
0.618003637844427
0.90955074282685
0.83794715671651
0.886619747589901
0.166554286774586
0.219381283444161
0.353500545868579
0.369987506917327
0.18821117855245
0.230980656393545
0.966484877319674
0.266596769245264
0.781250756633519
0.879976492983374
0.130872155605251
0.21172704807404
0.0274026054316919
0.0549260212988818
0.810526817456715
0.805039383062104
0.621491452225678
0.968773019410903
0.699646451875021
0.0783985615071552
0.623312837238093
0.10088590561824
0.692369639493903
0.0921233691200453
0.979973105112518
0.46202208782497
0.491365493425028
0.11730323844269
0.634856632051699
0.285938884839943
0.358865918314994
0.679249686485583
0.166392935554459
0.980238751782979
0.220299646571303
0.728283914266139
0.119692008543952
0.326172932978665
0.336108113082603
0.449007460407238
0.25814053658507
0.259579232096121
0.440088071574442
0.677332175397673
0.613923623508883
0.102937987731377
0.56252448293833
0.58963425802749
0.495004917873478
0.220147079813149
0.788128245014903
0.459105474702808
0.133701201385498
0.61935092447733
0.781191652688358
0.24724021462711
0.77271446311916
0.178234681692788
0.267643312521472
0.342625537985724
0.361082795164709
0.851130449702462
0.235785532144097
0.462024351698329
0.767331482447551
0.687836487948168
0.273677249711773
0.087356288585737
0.681588719395511
0.237920091250986
0.831946861516932
0.776035602309308
0.847049778765774
0.484198300988892
0.605144986542839
0.18705839989815
0.855055881103574
0.315809548956914
0.300175900608289
0.921778680050305
0.195076238690226
0.0465308789389166
0.433740226300824
0.357035098485824
0.149026692529384
0.189179885620935
0.835378487425547
0.176688499033549
0.0937850661735702
0.0208065215476606
0.0776340512427424
0.570979721700826
0.045933165631608
0.364688741577516
0.422783618118246
0.0379200831680606
0.193538660591229
0.195442578884447
0.375028616122698
0.0356193153104511
0.552707553604276
0.110953841682057
0.706703843466215
0.245246137304798
0.562198807800851
0.87415848959604
0.77964852755063
0.726070347126045
0.858947572349447
0.540538536586382
0.992667700291557
0.502960037974535
0.376703754393641
0.854108532646374
0.121422782507325
0.32601477580249
0.58042478198373
0.241289746741275
0.953347612838273
0.226679174736666
0.0231163959799767
0.761189990009758
0.0756945310966709
0.951962768924194
0.71541851084512
0.91388380943748
0.268525717628209
0.0471403501434209
0.37203130114505
0.103833701474728
0.554034533477822
0.190462491859989
0.629126977228914
0.744111331420374
0.854483007706962
0.573647677914772
0.365439976402397
0.063716883793355
0.610153076693285
0.0310341744104285
0.3893582905209
0.567570392662861
0.0798265035809883
0.900597271826471
0.658738346439173
0.926018949919292
0.798745166653027
0.325050970018202
0.499177907466483
0.592031409452045
0.514545704922646
0.471236983257675
0.944020342096779
0.24492357595763
0.946955778711571
0.480442386599859
0.445952027079485
0.967773771117504
0.481323098261587
0.585851381764916
0.0361309235427031
0.226736881014817
0.307788670793786
0.509886752744934
0.323179023754716
0.670359834399336
0.00436877934986852
0.819913469224384
0.013113389543797
0.691366710346051
0.371750981860283
0.25204362642923
0.77575346871277
0.980722683479708
0.804326031988573
0.0450985563984731
0.78123213912923
0.644244122760198
0.906197116722709
0.0938365695943858
0.188887895305935
0.234408135289804
0.980888802500492
0.50278472668043
0.0135539519658589
0.652869636258191
0.521876611423344
0.0559361956437556
0.102036915626678
0.246649245481093
0.033465185564915
0.083312910117057
0.957913545489142
0.869637917224992
0.681104335085404
0.948775054133763
0.327866916686104
0.286499254037835
0.508473068880625
0.490538677810946
0.127628352674241
0.555400500423263
0.338423097951443
0.167721022770039
0.497025492792803
0.45343512165736
0.106438185711319
0.223302466380631
0.525581105526309
0.403504391000914
0.144264991479428
0.995882360456875
0.43116189031699
0.581695954329315
0.611180145097241
0.497348613261403
0.0828181666751979
0.599376502314757
0.278820081030391
0.512226944082654
0.0488596935238688
0.294313424507707
0.280088672666268
0.0325224580918565
0.894048149768975
0.223600417148215
0.319159208629199
0.410291652565672
0.448875116410543
0.424719425751573
0.542577847596847
0.381069391845046
0.644442672111684
0.439695439990184
0.540680156752101
0.400199956971147
0.81147282500177
0.634347902191343
0.192815144906501
0.744196605972049
0.593983385132188
0.77924833452063
0.719360902277185
0.876137461153154
0.934051283056577
0.261245746306286
0.991831147640306
0.475331737169051
0.93019123734662
0.955992218311843
0.204541981784372
0.373303728852084
0.871822735276201
0.80372436367418
0.115514169911286
0.856115190022378
0.922134775413951
0.430546034711898
0.875386396172018
0.277375783122867
0.108683045068153
0.793947107370199
0.207756290301476
0.422318989337919
0.453183624184183
0.454420439340899
0.549115582031365
0.484176861924167
0.341187719228193
0.372331490039194
0.0255838246911042
0.839416954054662
0.546777696934919
0.474037790326395
0.403299996574689
0.883599202996345
0.84876141243644
0.476109279501671
0.537535514038089
0.782776118426926
0.79985963684126
0.580325008304217
0.657910625906681
0.230470520320651
0.714309613554399
0.638485174829255
0.907495153008946
0.305946257445245
0.457317356079467
0.786954531496582
0.602795630909739
0.953052717448707
0.267333214705784
0.458047262040432
0.628914593305198
0.185493901864945
0.830780778250968
0.309963516516465
0.958414867468878
0.130218159003966
0.0622980305324827
0.121091972727436
0.796601476723759
0.876825706454075
0.174484803913552
0.568328016032307
0.132301379796617
0.104354480235588
0.28199317996841
0.198729464290922
0.391939139232031
0.180779344187767
0.837692732528923
0.535016494844377
0.46406711595696
0.345008129690258
0.658935573237137
0.689120672673603
0.631755775405488
0.280572033961895
0.721025276316618
0.239515875438326
0.210927310220459
0.0502480270339047
0.0232648653069859
0.635587619547614
0.275613544844966
0.296877185230384
0.896412958354464
0.117649002128178
0.116373878280144
0.797026985765088
0.804430535960168
0.402255399862297
0.507072492204445
0.188186242085563
0.336165018791299
0.0953532190508937
0.497474490908425
0.401768461338267
0.0873057275019304
0.398490226791479
0.371482911057788
0.746811179081694
0.268137779900289
0.598473841118413
0.315464643691359
0.467742678092745
0.0666942434790721
0.94408364951821
0.126058590871951
0.276957859526633
0.532529204368152
0.941196402607607
0.777750704446434
0.207154596612687
0.122472019505388
0.298296012803296
0.0665498738039822
0.522362538869388
0.686539952535332
0.463565454160733
0.745139589718558
0.415985861899724
0.61863976722571
0.258619195080944
0.399935748707047
0.981910421283835
0.31414164757581
0.70102106301092
0.997775736566961
0.189460567369139
0.964979506645556
0.40525790940872
0.389003203552467
0.807524659363807
0.874229741977377
0.0305056298212408
0.686577556098451
0.600509529390741
0.402181074684171
0.485021717994864
0.639321431251795
0.806834743890098
0.462954468095297
0.526597856384312
0.156137225305955
0.0238436363582303
0.447566457324021
0.266630398659559
0.620491606392763
0.603634980558892
0.0151355566229628
0.550782820980717
0.753652948962346
0.189855531930667
0.295126973747527
0.665946960437735
0.213695770401634
0.956336696421799
0.729225284366611
0.366395663701842
0.0345762564143023
0.368921309572645
0.505576791980002
0.0113442540900425
0.31359623295345
0.309043395126169
0.180822216731077
0.930390577627037
0.951610382348494
0.862905504638541
0.604922845660344
0.0195763205832258
0.299612790239033
0.777486241735168
0.788609964564666
0.914003788553533
0.579020313631174
0.687410402122313
0.709839214695039
0.465141448573067
0.737716796716823
0.151334660551404
0.276156289845041
0.163594204838192
0.932968018428434
0.0275951654365193
0.119912597846491
0.936740423099222
0.690808215608423
0.645738314464496
0.124483086021892
0.591193538019874
0.541536020846237
0.543923255841403
0.878685946820063
0.902755942198077
0.387809800153341
0.669975271008577
0.535612099011516
0.396311916694496
0.966826790708882
0.0894086206521504
0.845319377132469
0.0575778562142429
0.720181803887886
0.536505585310131
0.130813498932657
0.753534453711653
0.123952627509504
0.901843266206925
0.649273286294222
0.552533547032801
0.993429852622168
0.405705517960204
0.336108232720774
0.921747446077912
0.548861549848792
0.497644401942327
0.448659819601515
0.909017055581198
0.101686433569262
0.114918947340041
0.241765056695675
0.342937056916679
0.37637387210953
0.764075507834241
0.728007788502573
0.346504022740995
0.515766023443994
0.983216435013212
0.531208056069465
0.964178760452699
0.869145852752846
0.441754967919853
0.0367563859625205
0.790890872051256
0.284341452882194
0.389713601912026
0.385511039420541
0.420413696917884
0.695804116475019
0.99126687518229
0.13884956197727
0.394334308721073
0.694717448373244
0.190319394230019
0.818191473025892
0.603866095879944
0.0516208632182596
0.490231808612809
0.13719345823853
0.704813679311756
0.666985319663031
0.345667876516987
0.308226897486609
0.409246834186036
0.952364809799116
0.281780591228217
0.506981097375375
0.217783625892262
0.826116425237554
0.986656824303269
0.30073095366324
0.977490663973948
0.358081833396305
0.664956508760911
0.901104430172744
0.333513265116402
0.446882040720378
0.0462505290514142
0.913672512509652
0.682342198856614
0.572344983421686
0.0548769825009349
0.899329272265941
0.756877060502643
0.691371872063369
0.437414611698191
0.161734858351793
0.674229701137047
0.412551583299687
0.733640451133808
0.946761915825324
0.645755062809652
0.930870612928832
0.589660725202591
0.314602963305351
0.43013656990326
0.386266829684652
0.755921105663488
0.294572859304806
0.877856409940817
0.538614259324251
0.0394241463952412
0.540421746503042
0.0268269456269188
0.787177542491943
0.571776728717155
0.372898267916219
0.189492149860557
0.884672859914676
0.980101756888531
0.374843117158708
0.702401109604294
0.746629201594209
0.428543834397415
0.944140142187316
0.636032207500142
0.367292486967976
0.130793038072
0.496003049368154
0.0840185618820621
0.469481058656823
0.845543460187753
0.171647674305723
0.102733938426027
0.763390793742238
0.109308550178082
0.961840099923143
0.119426926999732
0.302871983957145
0.0455339532517806
0.0478098481255462
0.598775151295387
0.104876617418911
0.100437584109616
0.305693117567488
0.725728877281911
0.265790535234535
0.0959465242088215
0.541693300503854
0.676964853515903
0.655855072841173
0.0662812724159364
0.34843301153209
0.509059390936148
0.720183926031494
0.960205720478781
0.903632447440279
0.794019009504356
0.837763385105522
0.808211494373909
0.398491508780195
0.579914387589421
0.460390469838237
0.0629681169426785
0.434577949565994
0.527493021328952
0.102636653521839
0.965987650377744
0.713711319823362
0.266466211424696
0.12238503656439
0.671751952299827
0.730326762351658
0.983929352440815
0.0616677404703781
0.307767112461699
0.640464269505603
0.209830161281114
0.0940124540784321
0.429690124670809
0.555750553122983
0.642142643334933
0.851942119178022
0.126931004257897
0.425194600774891
0.167089564871698
0.124100678989616
0.987272396565468
0.592090062911532
0.804132147052168
0.609019388554817
0.925589986635108
0.562948653363196
0.950203629558622
0.0945266335348806
0.162609007371466
0.275400470477567
0.406519784485315
0.374857503939171
0.538338268851116
0.184776631694169
0.342572822970397
0.884640540180266
0.770731892154509
0.306564172792385
0.950677993604555
0.564670526973978
0.50406606199188
0.792106736515141
0.264055871779039
0.533404049982919
0.553250758768841
0.485360904265372
0.593713297271184
0.658244205208036
0.36368611599977
0.815284319340446
0.452037066556089
0.775445958044339
0.494852339441652
0.320811560224884
0.573848128628007
0.634482380748157
0.674243437127733
0.1091461261787
0.854096772526509
0.0818660591832993
0.832685986542026
0.763053328541366
0.563095255372503
0.451251079811714
0.492904330180116
0.22548231598544
0.685343412930461
0.818315588697034
0.851447914567371
0.780093731265357
0.361403418147738
0.668182832286685
0.760686732226186
0.840819128211509
0.821095903368658
0.547128016456581
0.335009583105901
0.0864243668689008
0.555990153766652
0.869446208058307
0.275632798812616
0.457441100812442
0.128578357664898
0.737831542302308
0.11892545507948
0.125148288562093
0.859644648169914
0.111215435050007
0.780519491665725
0.195278618155378
0.302681369539044
0.181663570103424
0.679548775217155
0.500116093927454
0.694564433557625
0.342812031576483
0.690746402746973
0.586812514454885
0.726273768468233
0.828858170387698
0.520047191317995
0.5087674993201
0.874030357761088
0.461212390786108
0.344036511029294
0.125972723343781
0.0109671376085719
0.255771579011736
0.522368445736226
0.609982805312962
0.102256158402705
0.303519187374401
0.289973546004913
0.93051639935931
0.185912633225245
0.923699454600873
0.0777951290098517
0.216517583896578
0.0235185308995727
0.0570719588483103
0.123782463381996
0.826061624229624
0.364781984423566
0.800354354200532
0.0445099118554425
0.555106835544115
0.70353818455925
0.738692054621797
0.71732453381809
0.248748621185847
0.240234458442037
0.0403746986209518
0.552319409003497
0.251766080549293
0.951004303711233
0.211071389610897
0.0846128833705305
0.841522158109424
0.0397939685139453
0.336269913739295
0.172714878477066
0.443387194151543
0.37664861277936
0.335966032956029
0.734931092748049
0.644594907168712
0.754952974087606
0.197387451170731
0.280631780926908
0.15708973413876
0.902807012062631
0.174779022971838
0.548412369030661
0.679965141408428
0.668599764412343
0.0798569719284382
0.979411472529359
0.1631655685218
0.866981648410598
0.570588527162509
0.309727856177124
0.843030136886941
0.448599386538378
0.864171489840922
0.303238118192772
0.766488858007394
0.824246921946338
0.549131529976023
0.926842306016505
0.379859873330581
0.680727727403433
0.176621733932052
0.228267684964008
0.872250916337787
0.627213244589565
0.870056644859318
0.263025277120043
0.463691181427893
0.477287207268383
0.560148145939446
0.71980369957168
0.714344518277668
0.750469887779344
0.605469247143938
0.179449005815921
0.627106093264961
0.209214122753216
0.564651874761855
0.335902131977171
0.915616521046216
0.998880764524725
0.596947770615467
0.0181717135802285
0.617609615812857
0.147188425442909
0.445527110887952
0.426966264219977
0.22121621256183
0.0754447093865246
0.0297034228412319
0.0573962327662341
0.888401174469769
0.511266259839777
0.96451313298211
0.653617259812488
0.650996317321518
0.27361091385355
0.462704919777962
0.836384313831889
0.895114925959704
0.10604543593729
0.513528564176705
0.76890048787393
0.495884888995841
0.199973791144343
0.271266793291313
0.759203105531172
0.589943785848302
0.799325012823199
0.843621849511158
0.250687319213294
0.249015106706272
0.531898990880688
0.21368789796979
0.183454941520207
0.634383933639556
0.144279527354594
0.816320239570202
0.0901830156269424
0.628328172251078
0.647182488043243
0.589294596470367
0.0131157958924982
0.453434874113053
0.196285630902578
0.758359341731725
0.0990460938370915
0.838521900806082
0.145721734663876
0.859658038212598
0.269935842285661
0.532881159976404
0.515473319638369
0.338590161992087
0.660318351704632
0.563805621297205
0.925784977468554
0.647403586006747
0.0445095641789016
0.753992535071911
0.595875754321099
0.00698213930594268
0.685175685471789
0.497500600005309
0.911608814485001
0.766893370576753
0.6474501922304
0.189820971729726
0.555936207360434
0.882792857438693
0.668886487121935
0.547289197746261
0.94709853925709
0.0352012735746757
0.444247035701992
0.245890445983585
0.0404172168853802
0.558252143520769
0.705450915495897
0.111240752795008
0.751693473975196
0.683050536835771
0.511165231239086
0.476186306153372
0.0704888473119058
0.926819900710368
0.252993949068057
0.0513036447175216
0.688432245974408
0.751491640957139
0.229239421018211
0.480196773331953
0.307212333645658
0.954209011278744
0.745595552742351
0.504698545702688
0.0647145512730335
0.368481850347486
0.793863307356856
0.162328907152066
0.996824032945359
0.26011923961855
0.0680703118327634
0.273469312927068
0.152071697389068
0.638994953999016
0.648625540296842
0.589423685125443
0.425400228353304
0.088454668042965
0.955833282471827
0.311560790757739
0.481930705037105
0.862778070627258
0.169548706608473
0.188378922024943
0.527262857646509
0.787121508066743
0.325681367406765
0.61590901327159
0.198543731003414
0.356241983010364
0.049087592404141
0.997469054982464
0.511102528050636
0.77835329978537
0.596127852034417
0.0593098384147034
0.792832479031345
0.178680962636602
0.769938470033053
0.113616013936258
0.312341983606942
0.541424275078404
0.732531220340698
0.31839086068805
0.453839630807877
0.723209323697392
0.105539790896149
0.616838455069485
0.834130181465431
0.833909002786566
0.19868644163796
0.802051128698364
0.340181955136372
0.86278675316108
0.112066428694149
0.110448396138632
0.846243275127914
0.519595529948376
0.807947874008377
0.933252786714053
0.0780590783897287
0.846415705461035
0.422614152396942
0.856853921433362
0.299054830856915
0.271136664796487
0.57833167526377
0.774130590558579
0.342407520585752
0.459371814262785
0.497754114643887
0.909975072551565
0.960224110170358
0.643194118495205
0.277206724196578
0.466799705358277
0.00500988728069001
0.360449063907611
0.607750896533727
0.653753100712878
0.192004028841253
0.870513192171306
0.49699570687734
0.53312690965431
0.325999875757135
0.982632948490324
0.401439490355108
0.83888981747702
0.678404628628199
0.760440435048213
0.573418873546895
0.910313332498049
0.74349442234488
0.558353910802504
0.865196452979014
0.11727650257275
0.0211004186986297
0.962587639832117
0.398074451276072
0.963417404609805
0.791396696291893
0.73822807990576
0.0193955037702604
0.53923115906446
0.0610558174159888
0.109795902632777
0.979031808450793
0.281333796218411
0.378993630967418
0.556203464629492
0.249842422760818
0.643525606422241
0.269780306587634
0.00902370898910961
0.23062112292937
0.480146832260618
0.516932843616362
0.320427544432649
0.802841100461621
0.0879510157362391
0.62064445956604
0.325284852805872
0.856707785590817
0.286038523246399
0.79247541090086
0.572051824723362
0.617780762429052
0.0257206702496401
0.524596359038112
0.407668765288285
0.537347045351031
0.879179613503079
0.033902573952421
0.783920197521747
0.830086550295632
0.402027971568076
0.477773096726456
0.326397715513441
0.846295514138639
0.769640184434515
0.123861341824149
0.135994303776059
0.463196782877429
0.12181872866529
0.809631478225176
0.118721089005931
0.371383276608981
0.908802202387265
0.869712478847501
0.23038616229469
0.130206645506895
0.57039099765671
0.664125242908721
0.112931758632684
0.220525977502099
0.145375566558401
0.158211663293156
0.835818639304301
0.309797032457272
0.536476435474153
0.10528669942329
0.637952945749577
0.0375401078042738
0.201641483390668
0.639131133244186
0.872325526673062
0.28347273353154
0.729878825969481
0.75912523285291
0.931291089753486
0.429856491497381
0.749527035851809
0.194030173927047
0.0197496687271793
0.759693681073487
0.0101544122740561
0.845118472346887
0.903589723622561
0.835765995992339
0.0753060784492919
0.337765114377991
0.240895462733984
0.0664251274207543
0.80888609153056
0.54289383208095
0.105620565044411
0.510457147704284
0.185924397519023
0.337885364522196
0.361318634010597
0.528250072089578
0.784512620088035
0.403533033419259
0.41216958478204
0.804120299018876
0.310232784530593
0.0735392930851937
0.094800780692636
0.547594651023479
0.0603771973362752
0.924909152191561
0.669765984514632
0.33889220901235
0.0399710952542991
0.850425216824081
0.497704301307234
0.89567512906757
0.443872326983002
0.156149327058735
0.968326038471274
0.638066610433151
0.656295183843558
0.688912694857223
0.437138888198072
0.321542365265964
0.689088231868836
0.14783257492774
0.664568781913888
0.239100824279241
0.874006528048214
0.478580469681568
0.95153231998346
0.2059502499169
0.608711674414382
0.888252829596663
0.987223587316461
0.968787820161453
0.399757722783687
0.406526282063026
0.760529112393002
0.0798177011105609
0.219226131443092
0.386135310075836
0.0780829155799517
0.72495964840033
0.292841418311245
0.890270257530573
0.111036849252118
0.155455684284297
0.340928571853433
0.951583570391418
0.977152634366602
0.939886444795933
0.240069587686002
0.396912383841608
0.664792058356095
0.600229520489818
0.540698678061276
0.555400983277599
0.805867288685202
0.29947226338165
0.449321718343492
0.114962616852176
0.79776790522507
0.210841625366897
0.281550606029584
0.920818407893316
0.790589461417935
0.388021688450937
0.54174096405415
0.112544648981097
0.971664953892627
0.61266333482095
0.0958491583214781
0.376640586463086
0.822677038486095
0.0440581298233771
0.708232322819493
0.613291964179167
0.823291246557714
0.623213166231843
0.21574917229456
0.564614772520689
0.433460803517668
0.485786539675005
0.594895755898437
1.54861538572026e-05
0.00319302967971867
0.520736909442212
0.713093700466832
0.311092056830201
0.626510763660613
0.168197819601536
0.893743875569189
0.287874616620055
0.990993853812755
0.543627296483516
0.25768521143755
0.722701350641257
0.101551994653864
0.0502916788232112
0.586078752788211
0.928858111722414
0.276334110918652
0.729953824221326
0.948201304260287
0.965912908244681
0.475933278215786
0.675326886916673
0.677535499554074
0.182100025563652
0.619611104479244
0.064212765660671
0.155461959828617
0.884841007950661
0.47443842608397
0.643197518397486
0.912364933225982
0.369025873500989
0.188487064427012
0.148328846417359
0.997160153240135
0.257812287995324
0.94043397435087
0.469681699588064
0.349247096080426
0.311887075871766
0.712963880713861
0.704852358929372
0.0922245707803712
0.708232426729892
0.346615877386025
0.650688033838655
0.89289986660486
0.976630266387212
0.983648315613592
0.814588810333877
0.0515245528989962
0.221890377786182
0.0162735050993713
0.320896127847468
0.702598608602803
0.519127067896054
0.310190044102921
0.734804578021463
0.198474379974667
0.866954953767352
0.670771523118505
0.733259306114822
0.424495441307507
0.414324692295615
0.0748194535733227
0.390828844434831
0.287713990566174
0.576722365241429
0.724454092757984
0.610502485531297
0.559419720330468
0.00600941180204101
0.409445720183763
0.739753025157845
0.525733379778418
0.470867543300348
0.384488886130873
0.920504404434832
0.539222578137166
0.698855657899007
0.552516937032946
0.0128460674868224
0.318547534157859
0.174431932489703
0.489338430454455
0.857771920512927
0.270365220910823
0.658184776647533
0.969677597962088
0.0899968049504938
0.182678391705097
0.317256373341432
0.240069181679339
0.0145866268064272
0.887760042116455
0.0842662094681879
0.0941708234650692
0.30298407851954
0.819718536492996
0.143904945728735
0.324101384263427
0.462611956479867
0.392651637509424
0.400372840293678
0.452364932280089
0.56168860549968
0.514559840263465
0.434738249531341
0.659744713524866
0.782747382190361
0.827260607608528
0.262415955264096
0.830717728042846
0.0198913500342391
0.178200746020572
0.0778606372785729
0.38514019038553
0.994098085387674
0.474843267722036
0.644673968272142
0.873492802078789
0.292709294426471
0.000675068973580475
0.527865928184055
0.98164283073363
0.111354124544683
0.691959318841932
0.0792660315340349
0.648642004773599
0.535747435864226
0.0190733090716363
0.468145192045772
0.230933226830796
0.495968976797012
0.405939100659668
0.353462182366347
0.306140187709668
0.331231380239856
0.599316577705654
0.809039923982634
0.631262904610837
0.136826525074969
0.483881631284585
0.238417229014678
0.46066025356549
0.684565406196555
0.1219421897657
0.143259963785491
0.586891179078447
0.557284222898168
0.992716576309641
0.801553834337053
0.747551537903257
0.186682185969716
0.214061580670968
0.995880339161921
0.384154464850461
0.470614582155546
0.369935025316505
0.682515931462358
0.986086017891908
0.201653456425273
0.118597512275362
0.868295836627054
0.573082870707016
0.562274362929321
0.838183768759669
0.578178224238776
0.0649534683777059
0.986026912071182
0.627222683208358
0.491408275301432
0.469796654293908
0.533126728150806
0.541317026461112
0.482332067243363
0.28004328691089
0.319341638435317
0.636014626361182
0.0985389818343689
0.776532090899572
0.335866529970579
0.939317873689591
0.406284290907209
0.108720664610742
0.286100025376296
0.212599447771311
0.3817286181435
0.628587003992192
0.228501571205034
0.213520631109039
0.427130550700912
0.950406978046888
0.748659933017232
0.88186466338985
0.570215705542448
0.407763479316578
0.720909454770607
0.514232679500698
0.666391466458191
0.499679258552283
0.172238728712971
0.220379585770181
0.493974483337802
0.521111968252798
0.600795244032089
0.333784491318312
0.772852817215423
0.619907853382864
0.0462751531247081
0.620752778181309
0.640936029356556
0.796143964465571
0.543448983337306
0.598349570108852
0.956156191508463
0.465607963759203
0.125733648720877
0.0778014890937507
0.518241980258384
0.922226769462133
0.261826541880516
0.15288710569897
0.800143560391823
0.541365518108802
0.551887474983857
0.153805984518842
0.384095538900319
0.883016484568303
0.708216060283586
0.0844079472559342
0.0693988415840163
0.00597762698460799
0.19133559305002
0.787823317167221
0.92937493591446
0.819047235053805
0.573550941947989
0.0994696742039939
0.143200759282921
0.92902985895478
0.540619562338955
0.304154970260799
0.247119526854532
0.360418898355413
0.405931632999002
0.0231486667707519
0.951705132993524
0.744394745178626
0.441727386258839
0.554762441190117
0.0675798349999945
0.907812126013467
0.211722402121913
0.848370894245666
0.0763841806858828
0.507967549615681
0.972535695425807
0.783349663287339
0.0372352244032305
0.514308926437484
0.665898450739929
0.094393451627819
0.512427062286801
0.0860120209047294
0.500692973212712
0.996893345997262
0.248213620274192
0.55120804090347
0.144729337090413
0.587409428605374
0.388068441807575
0.0887832804359855
0.53756386146813
0.179765931901975
0.332217987535161
0.399524037413976
0.836812553043882
0.568484194481485
0.280502019324195
0.522187544663643
0.500292481126689
0.527895678061741
0.68132944949632
0.616019443076257
0.658914129989589
0.579322149482716
0.211781440628757
0.966191052587571
0.564661580260161
0.592108436448692
0.930552778811139
0.350087133769989
0.664439238423493
0.455387374321644
0.802109281791767
0.653221747464185
0.799442145501021
0.701069546762433
0.645170669035387
0.0707791373322295
0.835211592187844
0.489030645250332
0.984368164997219
0.481653393657067
0.936120718261591
0.435001813445474
0.623985750890767
0.352192668574338
0.970971832559022
0.819358376707636
0.942598405403397
0.244899339154499
0.223781867224286
0.742462989620053
0.0980231849404861
0.720909945603002
0.586000796914782
0.637418550945601
0.944017095011022
0.541363101193969
0.841781179836155
0.57323749919818
0.329886492201112
0.22366871395404
0.204379249487604
0.28707059061029
0.545148059467084
0.847294082751096
0.533227456752418
0.424883373373868
0.445363166955757
0.642643514448305
0.855674078630073
0.480616541573058
0.880960365771827
0.892838999762912
0.886170526781759
0.799105057609933
0.915720756472108
0.0538832057315402
0.750227475286118
0.509217412170112
0.0357573133072964
0.345898131179746
0.370510798357185
0.345141021146438
0.465744282962957
0.00399767526480127
0.744520207921541
0.289376138520963
0.445558770114842
0.560168973935467
0.642012497008942
0.86687853325391
0.523040479137748
0.147912431369101
0.921204285876287
0.73610991280221
0.824985930817697
0.764932758249379
0.863554573158239
0.290720590170197
0.899923417534864
0.767882712575517
0.115728415744814
0.108042065139832
0.361344871595157
0.839276996385814
0.634066513730524
0.609576264602694
0.353923496291386
0.252092830407664
0.194577177663831
0.124085504485441
0.838182882613815
0.879789585923236
0.5666044159487
0.841538477277722
0.318514014752492
0.786341589240089
0.251012410815543
0.848901082210325
0.27064077372914
0.0443810761835467
0.49541293209105
0.987666309455836
0.815446114207101
0.78497187040305
0.733322350971759
0.873520946638847
0.550270844485054
0.592461864480764
0.256204479037381
0.45707628278214
0.793372346566202
0.952840693995209
0.989405112613746
0.967218007502353
0.338668518280645
0.642783582185306
0.757878052064596
0.613596505984755
0.711670629234805
0.821423358361774
0.167771416963285
0.108717570460538
0.381859068201592
0.583731251368315
0.877248437260387
0.641428484990584
0.822776579355548
0.239131246209455
0.247920928370752
0.0573118752827079
0.618680530780996
0.396254119468242
0.325108321109924
0.431197413921677
0.172113504733542
0.154731795792048
0.244141946123783
0.981520832024765
0.642343015081455
0.685695333018514
0.44332472358197
0.464809840848394
0.27617291846816
0.0735673542666032
0.378808274505727
0.219488593200409
0.73653380781943
0.39078092944814
0.00825001734328344
0.160922233189651
0.634285610464525
0.167443708502708
0.81369266351689
0.0211439682061518
0.808533908843509
0.914346001016472
0.25856336705546
0.113211341159455
0.33939376644008
0.0230759518231067
0.542061156573733
0.536929260475096
0.631594944101166
0.874914573514721
0.919829743323245
0.311405360437674
0.547841809120885
0.982330353285164
0.34369465222026
0.29630553102231
0.587540304285971
0.322513179441783
0.269612163268052
0.92221048023615
0.326681500660597
0.279817881509672
0.850500521069041
0.117357062294636
0.39895353616434
0.650193025705038
0.167394956513161
0.785447282409062
0.841320925099702
0.22029802646248
0.0321729062915111
0.994719360954489
0.994685086957799
0.900896443883355
0.055006091157904
0.300108267858856
0.323993537354258
0.280539688711915
0.10575431701969
0.52149463413092
0.480185475720698
0.366837039109755
0.27122864144114
0.711202448107989
0.0890218986039354
0.849501043893422
0.334325825111683
0.396411873373833
0.686734868546206
0.975648669630537
0.600149611248769
0.129407271264612
0.876619618321326
0.591920487727042
0.777242778043631
0.12459765252045
0.145983494019227
0.337244628838391
0.713617754400829
0.15805730702211
0.560164299223913
0.0557058539041279
0.359329031882976
0.309269123940985
0.142646748542781
0.72173181663579
0.365687201261513
0.670231164010001
0.726653312993493
0.541083040215693
0.0322452631456218
0.589089672633711
0.58468352286376
0.445679974539014
0.733145632021967
0.871596213481992
0.643727171126016
0.274270821343635
0.558390852746954
0.260622049344608
0.914035149644059
0.171260921290986
0.864856667438268
0.693937844058199
0.895189736622879
0.680246105688333
0.906883406455257
0.179483838921042
0.34248150656603
0.904718543251015
0.526038203825721
0.103513933070742
0.45689812248762
0.291228140245513
0.844266085907663
0.454133148995312
0.121282160978541
0.516832202900107
0.318557338413976
0.516991081237801
0.00367049803262993
0.588626991956789
0.399550609498733
0.902407506753565
0.0883413144946349
0.610266197700988
0.67957222018169
0.50233003889101
0.230488463770374
0.81295158124807
0.0498347381766761
0.80425429889495
0.939645326648964
0.916820076861848
0.325485694943973
0.303014888665399
0.706565889050361
0.715924460110207
0.336964645264591
0.544113968495408
0.596313644884229
0.751309129864814
0.730274900227034
0.948495385897286
0.241518087345571
0.316582058329525
0.394561321696989
0.814158156352931
0.188665511809483
0.553230121508602
0.328118644102256
0.884490730139991
0.107730805503572
0.0769313814962207
0.743171036040098
0.751121503402037
0.874971256099966
0.606922818453374
0.469361995995294
0.169831537739496
0.617721513000454
0.000162614629514783
0.583450267465717
0.116721859515864
0.880681210041234
0.421578383840998
0.23624153564563
0.943525768342584
0.536401044018624
0.808263886941015
0.17125298425269
0.66613730433256
0.441500921462899
0.393932832690881
0.0671687397170383
0.711181746007629
0.533360392591292
0.0937582896075
0.9785130426513
0.58937563605897
0.292833259026426
0.32600997310789
0.810201046245256
0.659046810062943
0.156845974033131
0.660821972177818
0.803127084672583
0.0772800092645536
0.0506825747410863
0.715879041187648
0.608869580767503
0.393871487002168
0.688039043823432
0.312303744274771
0.564244148697179
0.332164921735475
0.0132612660059494
0.491189524107775
0.782777506458031
0.955782405653119
0.408225254405972
0.336168931263619
0.593307859274475
0.20287830175738
0.701218787920562
0.597400162872069
0.27556876106733
0.939356023192759
0.982166100928628
0.311037382707484
0.406900069407139
0.621132764613415
0.276734687249508
0.0540099858822208
0.248292532379079
0.656754396423379
0.805448666267002
0.905177436052146
0.493405401624978
0.104133589225592
0.150613469189764
0.432238270710656
0.413039974320178
0.595075424078838
0.477513203800303
0.357904272989021
0.978353749739131
0.363162717765305
0.812943232099092
0.495717801454405
0.769163459554675
0.386323544900334
0.715534743917745
0.335020016160497
0.177104839238683
0.581321489173251
0.350528552066903
0.348994554327525
0.679332284029462
0.27481833066087
0.490392906848997
0.311801461116896
0.915802832643786
0.296249461510254
0.319177916598226
0.59481308221491
0.586991651789981
0.703532730505387
0.056095442708355
0.01485428261093
0.273405202975231
0.65877054189681
0.200067135769064
0.893535546932279
0.750031300760752
0.555454974021708
0.733796925624188
0.710041002514742
0.322713859478184
0.777415404115418
0.654388172188384
0.125015988924683
0.541733769285842
0.538429054247695
0.500539865864333
0.508575548426521
0.119154680089944
0.334848762866552
0.915893733784451
0.574053358537522
0.332393087656544
0.492039489746722
0.516234802225129
0.381901230778656
0.104345999523799
0.155778844402635
0.662518118354146
0.519025413713219
0.43032897610378
0.129961744238186
0.876835027708845
0.777629959866464
0.997352955376511
0.82911386716037
0.156980233841711
0.751578758999767
0.283494268630967
0.631407142354485
0.787947570237089
0.456643800509265
0.140500634292775
0.489301180705989
0.137633404486458
0.442663856239536
0.991540216057905
0.497219743864211
0.769127011959644
0.249243405184898
0.143513587382532
0.101414733050977
0.988676743551752
0.851264483502202
0.279246059257786
0.0324943544696829
0.718953862257584
0.236562928719481
0.810164921085655
0.034004182940884
0.475345464013308
0.111237098021522
0.663305686445674
0.822189712326574
0.910154437672495
0.754924918702567
0.951260598261552
0.637497382219595
0.387487865332401
0.647803811660247
0.418083920854208
0.11304874766147
0.621483206185326
0.0325211003138772
0.819425832793235
0.514031208880697
0.792036508642995
0.968429666067099
0.477689751697904
0.885452092748274
0.238371778208234
0.704090357219511
0.563345369536125
0.0260464275412133
0.692407304487273
0.47756342509087
0.0200815853192833
0.237877614290281
0.0694935953808371
0.969944605416176
0.421407601404114
0.83006559411337
0.93430829804956
0.68084680129803
0.463065372129644
0.0563259073379892
0.368295936451155
0.579385150037591
0.813017361905095
0.358680380382137
0.979472201814981
0.521404206180602
0.95916892142028
0.37010102076955
0.836957873840263
0.62036893463407
0.678639011478404
0.446226459133421
0.743643099778204
0.218466575236984
0.377609474105508
0.418144046233152
0.494833671276421
0.526872843487431
0.822293239544393
0.144853634511391
0.675988976289138
0.196737644742868
0.370626641727885
0.485352089171323
0.733051158410217
0.520676939223781
0.908436500642733
0.231824966469495
0.0685691114970706
0.988392729583426
0.1311336382649
0.852747374846777
0.675569101840989
0.330855716431532
0.639767597301968
0.922456129698448
0.806728560849642
0.559752011778338
0.529717504292513
0.161987470484682
0.446309072111509
0.20300456364012
0.544974238398559
0.330253942286897
0.564545274377843
0.534840608159047
0.366173325773722
0.066613708895032
0.986212380463757
0.544581802233938
0.158841614663711
0.545972731932417
0.321348652415742
0.138140760677318
0.761765455242389
0.227863764984483
0.687742545711411
0.0117772875756127
0.696722032236219
0.0651599549503196
0.748353696921153
0.282731597670102
0.485904768311867
0.418561355085685
0.606040834688073
0.23683689424993
0.893763724691702
0.18621350730628
0.265134100960315
0.797230453923045
0.545770155314979
0.823576921477109
0.260790780226071
0.229486320137255
0.857646746820374
0.764507106265772
0.223860211775162
0.0860282505031095
0.541924536451683
0.834018955065526
0.575545892404221
0.569607686059244
0.964288027914172
0.0160705518292277
0.23126612145159
0.262297833556611
0.0306492923299097
0.164302449269855
0.201801917728964
0.226780609518587
0.526825756135862
0.321560595933822
0.716723221581887
0.657076522590559
0.442353375770633
0.357878722248095
0.571986694645899
0.284969427863502
0.955946915392912
0.678753375914888
0.0821065987774816
0.673049388436754
0.250785634599411
0.504187056812566
0.135130516473832
0.345893815973433
0.0585162031003667
0.0130978114802306
0.856506618447464
0.528719971236386
0.764246895759126
0.399399681284457
0.196423860501158
0.925341112037483
0.361186396903914
0.259282351189794
0.322293401292945
0.512673483990758
0.0593210542488731
0.520112050031718
0.447789093291334
0.144700856375686
0.918533809046261
0.21579692866817
0.722422191663567
0.0669926477807473
0.403215312178794
0.373993219364087
0.223154840089763
0.306874994038907
0.554323321380693
0.54547028058836
0.361584309435596
0.584257887342875
0.985739166909672
0.619361492012873
0.280418890424207
0.0153197878230275
0.357741878744695
0.320314240348653
0.994612517616426
0.520314093603125
0.0128137241642768
0.114370521417735
0.688105045314818
0.202733824074314
0.259350739217283
0.479035202316872
0.939496701270378
0.290548119199758
0.318183603371834
0.716738669587726
0.86438345619365
0.463044086568953
0.633178088018316
0.505003007626179
0.901353280890558
0.328680133196174
0.636175716868051
0.738470422679704
0.092560022912752
0.880789172307463
0.630731063668418
0.406525453101486
0.99011187407303
0.66328777926958
0.284366391186926
0.674534827466441
0.618071481818592
0.829572328550989
0.823336025490161
0.178314745917193
0.209400101250752
0.848080894910617
0.460065790873743
0.0292164653100008
0.887805864003255
0.00843656404696354
0.613601807304448
0.629651181499286
0.540666885112591
0.752381528153075
0.617047798458732
0.494911794927485
0.249921126579643
0.152953341361691
0.623404000202156
0.890983321054741
0.442152247663797
0.842141387963151
0.232161004907807
0.92779983025977
0.146741845600283
0.868830303204813
0.717040823021867
0.0397870650232373
0.0775740351312132
0.259063357464972
0.656976016923424
0.519598210577031
0.41867605232311
0.183745087428467
0.0733158993705217
0.973480578180405
0.366136682151224
0.80450147232458
0.583371385543352
0.424782910971028
0.378949634894137
0.289357948276182
0.783983048358582
0.78550819534226
0.358604072765874
0.0727871291384495
0.407678593005563
0.476532257049733
0.499343073600543
0.27860268376971
0.16404292566268
0.854765047500622
0.566228924956481
0.888145968943742
0.0314707969251606
0.893235044863259
0.0707383458307786
0.149085086519138
0.540105503422152
0.229075073604154
0.474216482289444
0.674364879419649
0.126165396247854
0.41839587289967
0.906237069214436
0.857036007255102
0.533634417534866
0.845485856889527
0.571660943318841
0.956164533306862
0.0174125469947989
0.875635787414463
0.688975383595514
0.800611688104061
0.204525710040421
0.585448029476566
0.995369358857431
0.826931498894025
0.0817045570362731
0.262656882085738
0.0238131842527995
0.605779357697426
0.763521315904019
0.569722374680118
0.31510998682346
0.903086732741936
0.00222787335310898
0.888772881463891
0.932869217220381
0.359860224624417
0.909146822190778
0.430138122946904
0.183027920548716
0.151472709753358
0.650187661764678
0.869390102433306
0.854501280305594
0.540955981455868
0.537968168917151
0.781244220138306
0.752696585541475
0.447777259654164
0.994667857720101
0.508930730602524
0.797762672219108
0.63997015542261
0.158014647823327
0.94602331031275
0.28935903202023
0.122113710318458
0.562553081249632
0.948039176229526
0.883822800139031
0.125445377191844
0.00135627611515977
0.444140812501909
0.387676062777989
0.600376144956767
0.578564318799501
0.700898866897238
0.671069214887787
0.331619093614913
0.744943827912728
0.382824102297103
0.206688295785018
0.876542366355379
0.286127769426525
0.802174290254339
0.931818601171168
0.436815832248504
0.216768392648264
0.037002194415774
0.102571950072288
0.564878710240469
0.256210854222563
0.561679432114356
0.24753827138377
0.471462572199619
0.634010951564052
0.253117608721091
0.159701215768412
0.757354558755575
0.180801065225173
0.916342911356188
0.551929706740437
0.26800128019067
0.347290478199852
0.0432751450162914
0.892844653319247
0.826508892838551
0.455623476009108
0.0165221267205705
0.730918296698659
0.721885165459111
0.926738739285634
0.392448034942782
0.879851754111101
0.136273676010583
0.435584246795658
0.17765068752327
0.699832299940442
0.476149917471448
0.121467062283364
0.0923474768343401
0.465900352392155
0.674784520609517
0.251447313548096
0.23250171418751
0.389928782074408
0.168262080054656
0.928764564138884
0.787157821790482
0.283729968968688
0.571298174790838
0.0189835824243019
0.295728498335595
0.116349145970891
0.180731931763943
0.630628532963643
0.279204091571738
0.739817110314381
0.754239246790852
0.718356616799604
0.132778788363438
0.379469393730528
0.425812846196262
0.454637900269898
0.241610181799349
0.122576901273344
0.712967092616884
0.200195387555705
0.931588112086843
0.110941692091372
0.625127058744693
0.761061927426657
0.992755572079563
0.976101921973582
0.296669582624046
0.163617595641646
0.170924689713326
0.454531510322331
0.558584315430453
0.483501523707448
0.88484965798713
0.185269708293831
0.637182808951059
0.264041506255556
0.840778785487258
0.0272466740929383
0.100228714348422
0.902171643275783
0.299089391327216
0.308280196869505
0.0957682127642057
0.385703943977482
0.0492933897109717
0.0790793182703834
0.768094943134879
0.726410680238177
0.269041649654332
0.405772846290963
0.503380934527612
0.358180482651733
0.955546924264196
0.273920392087459
0.332814541909712
0.419287566815933
0.312714589896673
0.953920318373806
0.923172463662218
0.531975107792424
0.551420621538068
0.547184800482862
0.124548448539911
0.618142647830962
0.423677834245811
0.169344276602705
0.627285193500428
0.873229162652839
0.0182351150684495
0.885718394528839
0.012737414306831
0.664865159170635
0.457834454637014
0.21138888014526
0.414505503343925
0.943198884836166
0.717017079044622
0.936822973569119
0.535794133128582
0.714787357224455
0.505305469604141
0.338363281597791
0.966662740844255
0.570829731868285
0.65538174253673
0.481675264468852
0.737742611001777
0.265214939046507
0.55748340125757
0.514518787801987
0.82978853121146
0.0639427647862077
0.0715013523509084
0.389386470547861
0.98954879720838
0.535413906178217
0.327728725809123
0.518579507772482
0.307272312410208
0.257757952705561
0.351625201601215
0.609816100234244
0.907712878233349
0.313179295090789
0.746720591356766
0.355376063035871
0.32154005212413
0.245704167187398
0.0508332981700745
0.450595316655113
0.181468063620651
0.178731713137231
0.209148170593286
0.273370572753812
0.261083317511746
0.79049405421202
0.0952690091537935
0.544983242525922
0.604716881135958
0.960075865608985
0.540273948783536
0.793525373364719
0.909451296170864
0.341071523035702
0.313074980134711
0.725320179972528
0.287800684625355
0.0549885918221851
0.734163072493069
0.583836658413166
0.794030005664997
0.639180488601304
0.207773515330412
0.468703175875352
0.132934682692045
0.768874784455143
0.92200784844751
0.105493124618237
0.076119531767622
0.828229686527305
0.20445790131787
0.388111412838574
0.999689336300063
0.252407940993003
0.828541314382546
0.521506322526114
0.336431016759847
0.229644184150531
0.737980833947005
0.950208618908069
0.426729325414953
0.759772923695192
0.710899556202277
0.151439675129235
0.472281053093491
0.195480117131768
0.385122978550816
0.120806260072828
0.0537073247608267
0.854462452122221
0.686544246341855
0.275503874077582
0.363027188840478
0.846026291833604
0.981987739504377
0.537724196975549
0.923018206909565
0.0184790564423412
0.790512062924363
0.676205581698683
0.0681997631135094
0.106782973047495
0.354792832394023
0.124935451745768
0.182565575200883
0.134986691061481
0.897337305447781
0.15662873691864
0.467634285033557
0.101872084094531
0.951975884756277
0.828175157432756
0.284323030387609
0.219046127268339
0.564445645912115
0.325817671970123
0.108001648901422
0.193748830777558
0.480479188415099
0.633239407983111
0.578389036800632
0.44829992417172
0.44460093962598
0.980615414294677
0.508347384092987
0.388703313302898
0.452775999261055
0.185208634357676
0.226726047333456
0.593491342142894
0.516253344949872
0.336035875780922
0.0156000880762249
0.14659528490124
0.296071669811086
0.743687829627586
0.195965537175342
0.273714832316153
0.925422420670098
0.757089901828346
0.337608697826126
0.261732686197436
0.0327525981849393
0.5912354326986
0.0248862479364529
0.203910890419665
0.112883675832342
0.0342140236568025
0.598778262129798
0.787828846718154
0.409384054233155
0.0613589526836346
0.620106658407743
0.484916747223296
0.589536306863523
0.986778856593265
0.234000816149322
0.144138331109715
0.810772315995511
0.316350855654942
0.62848016959007
0.141364341591323
0.255529999933789
0.951683962135812
0.602515609601492
0.951193160228715
0.934712013485818
0.445040230021366
0.486961536414061
0.578459841296029
0.287826664126738
0.261124652681912
0.678644833228952
0.782962309483005
0.164340301577741
0.297956729260963
0.530506791098178
0.527062100414488
0.0773568763829828
0.688626272362919
0.350441190857724
0.424484935256157
0.184940749436667
0.973904915408891
0.689511305576214
0.650960819334379
0.999966759103823
0.424966252576283
0.989671499407978
0.810972357780473
0.00193370448007337
0.660731634362982
0.143418972577508
0.585314097391693
0.282802915212718
0.883540358490634
0.591957814165098
0.175017777577215
0.570490987465607
0.470505665683209
0.660356466314567
0.273954276541373
0.913354581408023
0.0282833754656745
0.610665879202534
0.446405311512261
0.289823933403275
0.9089446106749
0.29639000597183
0.400289090876164
0.206265993374504
0.258955305722532
0.110427686821021
0.855781385251778
0.990427369250231
0.132397891198819
0.816863781243599
0.537116819340644
0.811197792987608
0.362512542415665
0.38415463020906
0.571452040826377
0.189034776160272
0.485389341647047
0.845100310515137
0.394033702423203
0.922713750455572
0.612486858510947
0.0195119218435243
0.421701696556629
0.931544385975807
0.518153953887861
0.596294649180482
0.516383185652928
0.819099511412107
0.0187680302055679
0.804905024254828
0.0651059015999087
0.884008271830275
0.766954433551801
0.200937166142517
0.615476654522854
0.17596426750697
0.0735058125385219
0.116788051002173
0.520730954399854
0.808553659461772
0.432866147881677
0.968320593948593
0.120334052783571
0.737701887663245
0.494905120590841
0.751088164282193
0.246097946492285
0.0076722526550614
0.478021659329744
0.429327111035473
0.610475073022297
0.33944345642014
0.0739577921894963
0.726467250577325
0.258233002980446
0.851747194855557
0.408390085350966
0.457696117150707
0.186181936888096
0.82017416658609
0.306647009073723
0.921999039521759
0.104056063262023
0.662522172238936
0.851628381803802
0.50716892462376
0.249559302323418
0.408668325970047
0.835906233766989
0.135703303053556
0.323443768525376
0.989459582772361
0.481005119674498
0.654413888011798
0.404260007264753
0.807630744687437
0.545653309056688
0.880964419474679
0.704134660321391
0.7340941609733
0.826693422099841
0.421703886341027
0.969957477902656
0.191984013936414
0.761377326386232
0.363283824086205
0.762160721675927
0.441375213242345
0.177265004895393
0.574626868225842
0.449567723465477
0.233352705866107
0.528206173777554
0.91798910643159
0.609354760255836
0.0701921211110439
0.499561517206047
0.980168959528093
0.905520681479905
0.788148163816386
0.465330666235966
0.136208867333844
0.518489221090459
0.824432464265355
0.972372300334293
0.244308775346032
0.427598155624908
0.977164631652657
0.387492499713593
0.994595255064905
0.973363428817058
0.343811645023281
0.417981432871022
0.503940694696331
0.939362856315496
0.412116241069694
0.796390519851088
0.160398812827405
0.144035565845913
0.788306813035737
0.870967852745705
0.86132317267927
0.208243337412733
0.0254883833017582
0.174197427282879
0.8030345668565
0.68668253848673
0.551390466808752
0.698468515581648
0.428430232807309
0.387726069259191
0.855529662213449
0.157730027719723
0.355631842536437
0.405680641383501
0.754255093982821
0.49223901102084
0.647307337661865
0.720888694627955
0.347841722338818
0.544467477513728
0.520445794979517
0.260658714892028
0.247585820579878
0.803077205888989
0.422122520329672
0.268615265069297
0.983281089176975
0.0558651932779949
0.0821004026734988
0.0747500237752665
0.866838780912619
0.685798266816877
0.939550196564797
0.780405572590606
0.216343572292364
0.19789612610349
0.571728681706172
0.638212717360213
0.922034853847224
0.168645657204395
0.926928773509994
0.719287665634535
0.0772982702436893
0.369174586141177
0.640796302310885
0.251205133947512
0.837840332563543
0.290350952421166
0.0639748733634263
0.497046699140656
0.532347019766115
0.176994161880063
0.0533194816261691
0.113502337929854
0.4916854589559
0.892489363225599
0.62602391705061
0.335017891831092
0.968271402414072
0.249303492833835
0.818922103176033
0.062374869457265
0.096431408269768
0.115610205357527
0.149552836064705
0.966406192673741
0.735604588491305
0.191235388680803
0.963723675092971
0.179515676026072
0.9079629939642
0.236975239880824
0.221574419861566
0.112532810954048
0.996580874103282
0.567880938113059
0.91085343114481
0.929383343127777
0.28864389784433
0.45030479069924
0.0651814337707664
0.132417373512605
0.643149732103448
0.933428115837323
0.567358420362918
0.393073103311675
0.195946274084754
0.330053065539718
0.861217795917249
0.871918475832194
0.234939845848382
0.606565408494538
0.7641004859489
0.0890845577165052
0.195685659914828
0.471167260465393
0.0184354409825583
0.668311096080721
0.0300188582608914
0.768464433428193
0.269991882455846
0.141970882062562
0.474033237385421
0.856410289451327
0.564912614333172
0.351403728029045
0.131488139324622
0.323246598895664
0.641863789885116
0.277149618996456
0.290863602941725
0.272520835541845
0.333988222185282
0.149463221891787
0.283360858211946
0.0590748854437784
0.462571595009221
0.342395208519741
0.0502145241450906
0.747649002788899
0.755572156764073
0.182037026204233
0.665742135890921
0.018490410649731
0.272219224696469
0.0712033152735925
0.132364500307538
0.761553858483166
0.966787605836879
0.186496720217891
0.353563996490728
0.968840519145412
0.467714607478499
0.144880962800551
0.11505595377198
0.906940626910094
0.601443674174168
0.172614324619596
0.745784054885978
0.455622550523846
0.0921860957272611
0.291760966101087
0.76968434473712
0.3561192930364
0.667152142013934
0.518424895186222
0.896806669438708
0.693813095514149
0.345143964241667
0.366159743425216
0.22935367207367
0.567399243409231
0.209839534382394
0.90834154343086
0.345502110605884
0.644259442061747
0.439023554101679
0.393094910932662
0.852390930410436
0.517827433882328
0.20678259089543
0.308541651535784
0.403160703597227
0.552689899831491
0.402646668054854
0.110194232915627
0.589367285950275
0.492177728674613
0.54885005380078
0.240817053555794
0.176156938566395
0.0813821310238238
0.806813098740802
0.720716355371227
0.751108557460148
0.890879587741283
0.879717732651414
0.183890242900525
0.184979621622874
0.127308752219619
0.577976658475828
0.927290011798657
0.564679500943262
0.995261935835141
0.794958509651669
0.632609219110197
0.657542858798391
0.341509066094746
0.341091988057424
0.5147546176757
0.121133347257284
0.314640311830379
0.29915106524951
0.442808396618578
0.523954177965065
0.106532549958093
0.541325644856415
0.15876015918145
0.881275629450027
0.0287486553478502
0.245545317063544
0.594474411083022
0.0299125049087466
0.293055116512722
0.519608734187455
0.376233959195301
0.570466794104992
0.245942149249736
0.737199697681407
0.983403981268116
0.353782604038434
0.00297838826857409
0.698530604201875
0.904904514031432
0.877652902045988
0.702929757914569
0.332335810800663
0.41213390248527
0.206102345990878
0.129319407539403
0.990470164162239
0.558532992561153
0.433365832135445
0.485323358017718
0.253432951665081
0.636623326614957
0.380969465500197
0.773079369242312
0.383840915599305
0.908095615146284
0.943405828035238
0.602588541058898
0.428590784313937
0.669639654708588
0.37424994391034
0.488520826767106
0.541521238580133
0.654027930638105
0.97300285452296
0.938713155326676
0.595555428361343
0.494441001161308
0.651230658768817
0.468454296707397
0.992484463793443
0.212524674059047
0.929249872707828
0.294781652783726
0.686157434678985
0.306598696059942
0.178271871968217
0.74495549557796
0.523207709845073
0.0682121020130121
0.613271486843102
0.573393652216079
0.508080261275062
0.666263676393941
0.273746119782307
0.915120345929753
0.224050350146658
0.571478505692929
0.444037166945808
0.866293116608577
0.976647505138529
0.0376641428192308
0.177797243568505
0.741847861048532
0.254113546975872
0.328133763304879
0.835708195780882
0.95089742976052
0.475173895988755
0.230966880877287
0.204853613826586
0.342381839377521
0.211056401030784
0.465400347599075
0.420540091876197
0.370666827931358
0.272540464681683
0.216518761841841
0.270748354105354
0.149871550951017
0.587520149786871
0.0289302082652659
0.820856247173823
0.1959992762841
0.919309164845226
0.414371383029291
0.71529850984521
0.613336075017992
0.88301874189898
0.27930668659179
0.85242057705176
0.100633483455849
0.528254487752937
0.960895470842476
0.162900849814373
0.302780344810751
0.868111301949986
0.359108845867152
0.662686324913473
0.221758953842153
0.144701801022151
0.225748328258852
0.23338818271746
0.901124934689631
0.35882524708011
0.264145643860404
0.803939155573076
0.958139113349917
0.97839066697081
0.442578469678624
0.213275127384576
0.978799235570998
0.222470160217302
0.059213894579935
0.639307259255327
0.648125811826671
0.209572407207694
0.0436232622075222
0.631998360422428
0.845399114295734
0.946486074332687
0.37200594225086
0.103136005131839
0.542300104795946
0.406368447740786
0.36241423123346
0.490046866811523
0.430238911512399
0.556269290213652
0.490515653768319
0.00130582955795046
0.480807956333837
0.589041754050969
0.302344361721814
0.766225997043699
0.475941425075637
0.4110620861786
0.882161200318143
0.159588467594521
0.838577995687441
0.803908108324958
0.15201579353474
0.177940578683549
0.98988532991995
0.747914448910099
0.758617336361659
0.257402445411675
0.638538785471051
0.8121930309114
0.637059902892765
0.126400873715455
0.226316545877387
0.814854159817851
0.249493400917678
0.156519949832913
0.439108430903424
0.439748392895084
0.932228643930672
0.877901721289661
0.909004320236018
0.114019169850936
0.300148402369312
0.898426635807948
0.252520085356501
0.167921263411248
0.0665886807274843
0.251746968220384
0.391022622094606
0.207163071684328
0.522526775833762
0.449796689345325
0.305355516360716
0.29485699982183
0.780677157446733
0.281746831314447
0.774977736989009
0.278977050013161
0.669600090895671
0.932429090822254
0.793732785021966
0.115128316110726
0.268862427787683
0.974130072113498
0.178065087427642
0.46150242553035
0.945447243469621
0.315635103576195
0.797233875699565
0.931610840383597
0.710165652726732
0.644810690689786
0.462191226430567
0.0892789276651087
0.483375046727174
0.543574294545004
0.60393517743698
0.981312171507254
0.213805605422214
0.388244107245274
0.162951284982732
0.257071231756854
0.288149464731475
0.529166101976698
0.0832998692589782
0.995505033148848
0.976466195587663
0.667535735479727
0.716774595671527
0.551731607511973
0.356555032158378
0.602671849470471
0.1546901149247
0.697739547339857
0.37506557716582
0.373560675868154
0.654507455351774
0.748952861130679
0.0287462402856222
0.873907531220548
0.354710081857257
0.824472523598582
0.966114972389695
0.0434691700544896
0.0370000991839089
0.400113756851534
0.772166909050314
0.248998958350564
0.457281050862949
0.88373485485508
0.510185611092844
0.837052986167986
0.303182540505272
0.318197102643247
0.382365057894555
0.104872755894984
0.675335386022514
0.0968331412710953
0.777010583181486
0.199120225073656
0.831473397590194
0.97616904989691
0.0158706567390947
0.0483412218688378
0.373269443874673
0.103191890437481
0.75785254118172
0.310586102345474
0.395929369528615
0.982360608828845
0.295896172708926
0.890175182836444
0.31875899470882
0.923023010570655
0.40658477913275
0.378467097535142
0.672349901411972
0.609195872647085
0.374443653813225
0.901570687404903
0.962479831514317
0.989520929736485
0.618525073613167
0.500103482205134
0.660768977069528
0.867658550672917
0.330104039044995
0.46356098658409
0.683063184800298
0.808537214713894
0.526767197831003
0.403293404259834
0.487333145660983
0.252846012820483
0.614502237056786
0.0814968665682034
0.297641671348999
0.166463748392129
0.460792897548678
0.5243190420882
0.295752410083912
0.382856145496553
0.905687835507514
0.869036962182893
0.00955668795874994
0.211053203855949
0.222152905414387
0.0368869704553201
0.759154635841049
0.791478004490941
0.149722470662284
0.51481983917483
0.879863562253298
0.156596952428951
0.205702960615418
0.0239342917198457
0.00182056062554774
0.591826358502166
0.954900539340533
0.305785888118618
0.248532745175975
0.953541891213786
0.810936217788166
0.419466892443028
0.878913330680092
0.618898656914012
0.0722570986717765
0.523464064515078
0.953819935304338
0.758362838745003
0.314142703533814
0.532498681969997
0.66756419945387
0.631464109635791
0.448793035738605
0.257991417541801
0.233215009943199
0.59671150330792
0.396308214542697
0.475616441512083
0.891046162224966
0.782059068726258
0.104026580329567
0.83239893008099
0.383904041433289
0.976146720998822
0.554694291400518
0.557799609980525
0.502541848763239
0.0028687241950107
0.505251910098787
0.0479543052109732
0.118892846035526
0.7752309739319
0.0698652888724255
0.168901753025745
0.253434092755011
0.6064190930059
0.463325200242436
0.707321361043228
0.0877939266362157
0.412718987714645
0.230618284372579
0.958980907929386
0.841880647801785
0.740211597796213
0.523053309436262
0.0285585242041136
0.886545463715158
0.745909883380279
0.869854069549682
0.908544085778652
0.919255711498782
0.493196190643945
0.694905900478304
0.536042662066068
0.00252133737783249
0.51549093908061
0.580872255519311
0.29028916419463
0.551989674143204
0.364299446513768
0.0195046739602275
0.285092279748479
0.806031454128979
0.568554397854764
0.658740265067861
0.801696445084946
0.639178246830099
0.380574692138257
0.358373505877616
0.362223991982038
0.772924659065778
0.717988302231885
0.842417421689986
0.402749066091002
0.821290205693407
0.383517482356448
0.421176168488534
0.184271757148913
0.849417057446953
0.548835560211973
0.627306365226636
0.236641889581299
0.86524069024198
0.42041917441841
0.524159517870784
0.193316849664433
0.447382160632824
0.27677092451486
0.13832759788905
0.141159920937057
0.480611998405597
0.930618207517933
0.255301313346421
0.556617356962957
0.254676038149865
0.483035479602531
0.732209088493695
0.715416471887905
0.261067702709255
0.671929106023449
0.549956506353463
0.766451298830306
0.936255748441511
0.759310799172579
0.152761118024954
0.0991528830005441
0.162153678043653
0.99852170636637
0.183658470004875
0.721217396986282
0.296692377081362
0.987457614202642
0.1699591224286
0.464552930117899
0.323113308976451
0.506303030641868
0.575086036220974
0.313809804454955
0.615767617775
0.982121812448987
0.276632282046532
0.333359698586931
0.504523316564693
0.162879495225683
0.532671443108255
0.210369914286087
0.595415647376152
0.829308255045927
0.17057612052656
0.818362873521689
0.193396788469266
0.682743622451095
0.242829589719388
0.0856628115572528
0.527167928135949
0.0571205114649247
0.664081456442343
0.0043341111629131
0.9521251123796
0.616193359795921
0.773681053733744
0.204211569020476
0.380191315732936
0.414673381811448
0.567671122216271
0.534259525368899
0.341562388779745
0.896395389441274
0.483602386622908
0.70875882771518
0.760546867353211
0.0918411783667615
0.0420451727990355
0.620055926990936
0.161767980678222
0.661612719256692
0.608624246384508
0.281025957840573
0.0385326728882167
0.275386484665739
0.609621626089752
0.794095394945838
0.260315554694261
0.277892323122037
0.394843970515327
0.0338978617269049
0.266432785399931
0.617099640861639
0.624574215006967
0.989076621401182
0.973701434693542
0.395205585111193
0.33210387743405
0.209213243448701
0.728057572597862
0.876023764936334
0.0582900534462113
0.167937735948632
0.320693190416259
0.170225028117238
0.938579541645944
0.175202187646588
0.527719149551506
0.511019365852164
0.592268287217911
0.255829555338237
0.602589592485349
0.747105892181489
0.604654091421206
0.0565314197030825
0.99725774904244
0.266343868382536
0.317689801362436
0.404925031340291
0.216722082374153
0.251004633852588
0.161332497840863
0.327233554150826
0.698678644940071
0.123057148444082
0.878121538165958
0.397372452098647
0.103764924091355
0.0544969747806671
0.522547869782666
0.219503429696483
0.324900421503677
0.725172419679463
0.96126482759453
0.776196252141555
0.707266253893772
0.934996378695127
0.402319635373601
0.399143294336617
0.00788464601883861
0.773090946179409
0.345189363226337
0.564777207147485
0.585633191185694
0.763585656044094
0.826064209361865
0.717572034756384
0.0496142134002461
0.172428674845873
0.242472220365621
0.25495637845554
0.797146942467836
0.297693764603456
0.545086877919327
0.750180723688572
0.489118438306904
0.135310333435392
0.77104559019269
0.778387648406889
0.678792719996547
0.783489886272053
0.826354564302175
0.949445238046141
0.67267077425654
0.293192595458351
0.305360897730801
0.32817909786007
0.975273990496607
0.892418091065832
0.8927145215703
0.502717309834505
0.221918109815546
0.899056763770773
0.154188772619048
0.00384358396783484
0.241106530767673
0.916416586255674
0.496808745368911
0.546953049538701
0.0105328629927537
0.731314616452226
0.573943664175822
0.666900684718651
0.471311380156469
0.126126156208071
0.0961219596810407
0.289999079475823
0.100223351448113
0.453875462288809
0.12011295422938
0.404439883715602
0.510503158443857
0.319331034185603
0.831099940447565
0.399450299880983
0.221426826542557
0.565842785184947
0.71695477323609
0.89666274594208
0.287684461914731
0.656543418749984
0.865029443432536
0.374510768378971
0.561520112736522
0.702208284521396
0.507811017385742
0.992939088273194
0.944894404637477
0.293130752142387
0.743425547293636
0.096546499831778
0.724172544673492
0.590369583821906
0.169508367366342
0.864704796628227
0.534584718793269
0.245513154919683
0.338477039301793
0.533802081714151
0.00725360149649269
0.935187088292651
0.896422283405603
0.621565213153266
0.705571546052146
0.804286993803834
0.646325189653006
0.673836211442366
0.627084142931592
0.435289342121409
0.0471771028296285
0.176590861476637
0.468894487871569
0.689209876738053
0.337550119195073
0.260643743651475
0.629720989481402
0.249569870506795
0.972297405441693
0.384004543773821
0.567189409148943
0.3496787227359
0.798445111998863
0.156489113068149
0.333904582784476
0.143039024237887
0.814544195981653
0.0992092381094618
0.841279156601938
0.0276811794371855
0.82045775885366
0.971136758768064
0.55123272245107
0.215050165765426
0.886007394066414
0.971236395354492
0.37740966281818
0.0152156121288598
0.504509589950966
0.323348797601297
0.309883414994153
0.158657470944211
0.353840330053258
0.387581920993747
0.743032273968199
0.366214026896903
0.817254447701224
0.409046335847584
0.0888483418010379
0.218270775594636
0.46501323528149
0.0323750722493885
0.628079650306729
0.34807185152088
0.321828238921686
0.1363185412188
0.956050979843979
0.136623287716776
0.449119069694739
0.926205326416425
0.241145987506373
0.291014060203874
0.571560306724424
0.2437602036748
0.613000220044173
0.789841080890793
0.780755528785838
0.613190359674944
0.820176724568959
0.783671107732403
0.792394826928354
0.639035875764566
0.689442977524667
0.187607290308188
0.235495404990595
0.835633457178525
0.774231062365702
0.414620312011787
0.733943772991656
0.780264752124719
0.0175012908718323
0.824748315717156
0.262063658915881
0.642115648630129
0.720384049262206
0.564790293487269
0.26115126236294
0.980966240031923
0.565759284794048
0.990914958119823
0.99315924964949
0.471282215705539
0.892936705096051
0.655385229617707
0.286346686005591
0.476097450824202
0.908739281860582
0.278538002519069
0.69445685295216
0.0943634944985335
0.0804285252387378
0.117605277388955
0.211837275489191
0.754793325772983
0.39866900560724
0.776254283892834
0.459182780531246
0.726925897957189
0.75246639811694
0.44526935279099
0.832210278485429
0.199888828736868
0.360056703975035
0.646780121190564
0.177779689110023
0.47228293594513
0.365680468196136
0.826554991902278
0.72434175659298
0.849781224231331
0.949686694395843
0.126162097117721
0.291254713062908
0.902688794089298
0.934518196297144
0.418974771883399
0.583972430522666
0.636858448016099
0.827464556899687
0.459625176028977
0.480076442255245
0.655929747705301
0.241887322798227
0.973481920480506
0.509616520013285
0.887508392433938
0.263094054346805
0.422556002793442
0.827462523118855
0.0257540810229012
0.227991167718663
0.886101773455857
0.250694446725227
0.298495664925282
0.920041493939492
0.940299419198252
0.157436134855562
0.608249793240914
0.720880561833134
0.621023019031899
0.734950890592012
0.484785847478318
0.349030516795377
0.579905447053024
0.851458221977268
0.492276019670282
0.683793266591989
0.925972791324088
0.605790631149085
0.438402933017647
0.253978712592872
0.037768020917062
0.430983100449556
0.884264074158187
0.689210088112767
0.0343666128239218
0.279147720013665
0.33439199033049
0.357236442269199
0.573533269375463
0.685274927631342
0.662345584200392
0.788456096133301
0.660356583101155
0.0980543493824407
0.276961887536282
0.751906036574689
0.127266945293484
0.107700443247817
0.513697556459841
0.0226775023079154
0.697504406984155
0.658998508297605
0.632256655316535
0.884754250552509
0.661438085467811
0.331622756447171
0.726533799409293
0.819579378500461
0.659486575189372
0.994373703233595
0.527125903226487
0.262942796557645
0.121460055857562
0.746083012018312
0.856899899238112
0.0196342816301858
0.248816296521634
0.778584570705217
0.786787744415286
0.781467156360172
0.554168511869333
0.681946169604463
0.646436899155071
0.190233627236496
0.846849971264491
0.0208353236264246
0.544633666831362
0.115147411510561
0.797677427837295
0.806826117700716
0.534182812163293
0.417581402610734
0.843006373991124
0.799314086823591
0.465947835294104
0.507980019253756
0.21484101766227
0.531103436221327
0.663536114041976
0.759819551741302
0.0522456770281467
0.037900027890561
0.237711995663299
0.68223238171134
0.59360386436549
0.558470716652365
0.180657612874728
0.495629055632143
0.0901454593854759
0.0618952146065011
0.96296388624721
0.76532130754638
0.0619481188157854
0.675746894858877
0.2954752549525
0.146739975459099
0.537944016747013
0.898591741785529
0.72695879480216
0.840978441997597
0.0702741672633285
0.173536472181186
0.475954558905771
0.488110904560769
0.474352626123333
0.955240313092187
0.707420519492296
0.0843802491876612
0.753432632893563
0.815348847226155
0.483455140612582
0.808077439460904
0.878170164102568
0.0766802591373166
0.190641629542369
0.150890849901327
0.736304273375136
0.93770413718251
0.204280049844022
0.81691676696209
0.362086179770726
0.440245970922115
0.686771064581555
0.170687558422456
0.421670941520907
0.466583390788749
0.653815852466336
0.480221371786147
0.529398117824188
0.324677899025496
0.306516166933823
0.359513663191741
0.771770044586539
0.610650084741139
0.713559376225873
0.500828100861845
0.91689431260806
0.626117698437854
0.453834212386879
0.108591968444515
0.047110354569144
0.224815661657528
0.309966533416115
0.483935108960763
0.823573824375676
0.0658793229734446
0.681768199234664
0.170512954629834
0.897399253032694
0.956887026054591
0.816517967282383
0.126617911084553
0.808314543745283
0.330930654683846
0.434390918720438
0.926616432368218
0.739565052767582
0.15705021169051
0.359665984005057
0.114672292884982
0.59020250878486
0.475560281648474
0.565678138489016
0.980783766420417
0.109279438015228
0.335372017413396
0.576635025510027
0.946164066270699
0.77940275243251
0.717432061085849
0.0474432162023754
0.98072302325628
0.239071178477232
0.351645211546925
0.347786721112617
0.231551738639163
0.395782906689677
0.442668270148421
0.521488748702121
0.0348335693938043
0.732788660040275
0.225271993060989
0.117680327017673
0.0899081296371261
0.854220279571341
0.281491154686008
0.474870370332186
0.580982370504703
0.147439184284255
0.804090567059915
0.450025628587489
0.926769705079759
0.752982993815183
0.685538515268346
0.324999251669231
0.386966028692437
0.119104992793961
0.355828537298935
0.944847441641559
0.457652481327508
0.845663064988459
0.406406358834271
0.542005758941554
0.458811171444253
0.785501903457611
0.950323656040136
0.706715712844273
0.825707815200093
0.812752912929548
0.552796839231817
0.216218895003895
0.36454808571358
0.218647578516154
0.0078271998291391
0.866226976109254
0.327307627070144
0.165269293383094
0.4546866953886
0.324522188873614
0.122952534904382
0.103747004698149
0.284179170901529
0.154226691599435
0.626401020491831
0.461451075744652
0.788981064581477
0.27071458774393
0.869432939667112
0.106948761247524
0.862299115560326
0.598683238348631
0.699742814873141
0.811762588801073
0.700690107844965
0.539879518312571
0.447567674243355
0.291027066205205
0.0444641060138184
0.347271527286247
0.443582245955005
0.298550681136079
0.975588750813274
0.830334444600071
0.287230806073094
0.297720325623642
0.882623159381778
0.490520163258653
0.103257976359396
0.72801370860372
0.8275008877882
0.282854539415903
0.543011629994424
0.48331429109098
0.271314274856144
0.449597490243323
0.101991860800641
0.0043883689458143
0.200084361285097
0.418428714961013
0.786085935729017
0.629070611615993
0.820192702067716
0.743853754064398
0.58652317749744
0.794638051656178
0.88216664616068
0.947007586407004
0.990977999867027
0.288270247101747
0.0979628949235845
0.413660805053851
0.583377391609633
0.26522349150162
0.840810036840958
0.189853263012436
0.866139263509322
0.18958242383832
0.481790502206126
0.617933191785682
0.225608282874808
0.541272404367394
0.338613898550548
0.128499979649909
0.940739998499146
0.932053671182354
0.12850146504586
0.977270583963555
0.497572627426377
0.144642948734431
0.543139412456568
0.460677227231879
0.237518866262909
0.55361269777209
0.943756577870046
0.633289548077023
0.387496561465945
0.496963763900845
0.359652681493136
0.0657625346463895
0.59914172682291
0.913166072024359
0.950132130234253
0.105299863334423
0.685206773404722
0.454570689536393
0.444981709969048
0.563490525404495
0.41674376900874
0.90502905790556
0.296363109117618
0.637012822092225
0.210603106613227
0.768290071591001
0.552796007994351
0.886522452572872
0.575673135636525
0.158206273062726
0.984246251871264
0.527623112600805
0.9199979157514
0.377435516645971
0.241346879843781
0.276844938160378
0.555564604299629
0.3696692507737
0.0976377952008838
0.153181358930316
0.959373013592942
0.431668050358701
0.453916790022457
0.9127230067497
0.885789260995344
0.994419702773366
0.132766066815737
0.867205524286466
0.590605154955618
0.899561820004338
0.314078938428694
0.55711686176154
0.0389405042869606
0.343399736615486
0.548686506155789
0.690853565712211
0.697180648448304
0.679195561361324
0.46585389702342
0.0064058933063688
0.648955847523227
0.472388626367811
0.583203148322583
0.611237216402058
0.685492635663731
0.685893710859975
0.528894248900813
0.826519959368784
0.821021108552313
0.265114462376525
0.470768627237085
0.124802945581758
0.738082233514659
0.660502494685084
0.911303397447696
0.0782104630465339
0.610436380654467
0.194542478061915
0.106613712808852
0.991301533260553
0.657026786083311
0.104963502573215
0.274840640432783
0.94088214218231
0.608150272283791
0.653235665140427
0.325560299587602
0.917640798966436
0.445897577312125
0.54948331965502
0.0389677602512597
0.23990048302118
0.47469809665957
0.668554393653678
0.80285718773441
0.737525523798663
0.612629041019983
0.705892436276488
0.428203566037787
0.127874213308508
0.842177300837506
0.504165901130572
0.748520903643031
0.453325054110463
0.857184387938674
0.450631322368906
0.978372135434296
0.46372997585678
0.949037160569484
0.913761040860326
0.846732661648579
0.579081372488588
0.268332441558536
0.957229858578886
0.0734689522844158
0.219358051039365
0.769362088712529
0.87030560637634
0.761243633443772
0.67698866877556
0.472079872401285
0.27376559016605
0.723020349659453
0.234693439922747
0.431431107199311
0.352328774638481
0.805527275595557
0.644408521759032
0.78003425294646
0.0235092997339363
0.0337874531199596
0.0900745251967794
0.839654561951393
0.734843799451349
0.307372561588862
0.372522935808816
0.231911113130293
0.202800600892646
0.213170643336567
0.233019403574528
0.579135407100509
0.141974900988245
0.737966527430161
0.415376078302339
0.683308685098359
0.227202466979176
0.693001796904883
0.940714835785967
0.889856379827254
0.527358442131956
0.582894765289601
0.943205192052459
0.969092054356382
0.53522326167839
0.99871493571002
0.338442504175941
0.0157752176282632
0.261275653916019
0.691549087320775
0.659752802116267
0.592891324172077
0.555542866749307
0.0808163250168406
0.998772347914993
0.539201025273482
0.155321750582492
0.994192491457068
0.63386905893621
0.809240854512441
0.381038511260678
0.592301580357776
0.31590243437554
0.113987778056474
0.22289690536201
0.0683290012899668
0.997147991134835
0.0699574607587216
0.319649601861971
0.113952168593014
0.408592183869257
0.894089421463663
0.736993422707498
0.801755286645846
0.857291462083342
0.51970487081557
0.191129772335293
0.149080979129669
0.411461245008857
0.97539969455999
0.677215429379954
0.669449681369018
0.198612705002625
0.199139599444499
0.152642419208476
0.426327996037647
0.936962564728288
0.787592460319702
0.104969597901594
0.50359553708532
0.754725660983638
0.0303427004058136
0.404849905356743
0.885334105930179
0.983502737753892
0.318910265452307
0.757153847073257
0.86878627610386
0.77370736624546
0.363606271753932
0.847070665272375
0.577105762453677
0.329774153161062
0.729193980850801
0.575886230039772
0.512325434655957
0.808366212434098
0.466988437433371
0.382060427364165
0.219266857200942
0.161316970979679
0.781395480917967
0.75196311356991
0.211077418883814
0.0774078292780287
0.618027053032213
0.763799831549227
0.277481459971103
0.273233403141386
0.0637840542784579
0.432565111447524
0.097878221823515
0.826318120099301
0.394178719931948
0.123231610321849
0.624140571887195
0.143880477367964
0.502361666215168
0.945962443753971
0.444885093322685
0.893558522714892
0.933281454567392
0.543193412216942
0.89640903542378
0.446288842171474
0.420822834386266
0.396928180410735
0.218306969793361
0.323277052564199
0.130025250094145
0.150447595122415
0.461034387104894
0.34527426159423
0.0703072445102588
0.0162337348867975
0.179159205356731
0.556059017851937
0.94409404332489
0.371391902931181
0.622516747793266
0.233942805954852
0.901251131966433
0.747621552311943
0.102680786094243
0.37344802193665
0.00474560424333472
0.406709431239424
0.468312755629704
0.455224043790557
0.473102955054936
0.035941030843005
0.380163164876956
0.313029210446895
0.445111645834979
0.357903454710319
0.641006339018316
0.0653478269864178
0.973545536165813
0.341439859315456
0.0111800805384523
0.240773189424549
0.322438461998587
0.0837172747643424
0.325303350941646
0.50577295289221
0.138631017787233
0.947238395017248
0.52856891449097
0.63031303163923
0.799759301882043
0.813161275577917
0.424386783489788
0.58572590351622
0.453793357135937
0.832831258054173
0.281233547532178
0.285540801888844
0.817725672927009
0.365130465239805
0.481366938679962
0.345769619216904
0.146594499480062
0.98921856866858
0.798432439244856
0.224641348899606
0.076458782845497
0.445559109797894
0.321532372176037
0.53992536115815
0.676820611202032
0.611678938931655
0.186377483254361
0.191269983580742
0.183133471908249
0.421335580801379
0.383078322689648
0.109903869378451
0.23120133878667
0.859646309831589
0.900409790549107
0.414484714581363
0.519108561647957
0.30876079980269
0.119947368384824
0.323361620518301
0.790476672202529
0.862866493798583
0.511832398065525
0.4247755846792
0.362567470879279
0.510773562621616
0.78486401493811
0.815595815575367
0.615585628272079
0.401939610902839
0.208784405490082
0.64560942720914
0.109240161063394
0.693769323266417
0.376931589213348
0.226864939533243
0.121783607475818
0.859055868759713
0.0203412748118112
0.490538333680632
0.331949933990001
0.544622817248314
0.636921995369914
0.496913383213607
0.244361042998169
0.721059377288304
0.998283575348163
0.299938221477844
0.862367696299057
0.0950759894193347
0.716049140102651
0.00484120634433499
0.315097079524389
0.649071911731677
0.024209220751226
0.111762831639798
0.134323958334261
0.304808761371162
0.168870182468166
0.929684921557978
0.133882683060736
0.847476547797301
0.0369749913535689
0.472531426465564
0.619619062038511
0.818340524815222
0.606735750682865
0.73735640666855
0.147495957997609
0.0694304045830862
0.569615785340758
0.14411599012823
0.405165984015468
0.451681194149798
0.82150415809043
0.0878577036157758
0.919261664287917
0.543678529279098
0.850235614971938
0.63437342680514
0.630616061153735
0.0942800704075227
0.579024329119133
0.107807487645025
0.70916821637762
0.98331590047761
0.590289018888547
0.264065676425625
0.312927006636748
0.371175525006729
0.936516546857561
0.0504684953830529
0.955588336032183
0.531487617350563
0.488079871586262
0.705301513385549
0.368291483254367
0.0954137815608496
0.815323909935955
0.858170791891815
0.303893799519684
0.862847981358075
0.281505483092785
0.0827942236888872
0.340621158849857
0.72457028269262
0.486966616524413
0.835121292399835
0.415275697820764
0.442572484698325
0.24389594739121
0.534118308143177
0.315553947715477
0.865370293825817
0.423294007378538
0.494517642078636
0.874163204345939
0.98016108599756
0.326588910337095
0.646386699545003
0.412448736927612
0.043706649117326
0.0674357707072041
0.0598466355688678
0.381363190745105
0.0611286125888301
0.693257503302436
0.0415648670559382
0.912290719810315
0.0137997381880984
0.1196283070294
0.960058647976972
0.669221781478713
0.654446904105791
0.569140561051881
0.997918535417986
0.120718414163238
0.75076628430142
0.662330475025788
0.403831140941607
0.741648271517966
0.178316861732933
0.986808842784245
0.396246202095354
0.110892706962632
0.618111920852622
0.18064930922052
0.68423797420637
0.692178774710926
0.575652928105918
0.0757171498468724
0.709884954112233
0.706688001748217
0.998517458781777
0.47965590074093
0.703591861377239
0.739029481147106
0.0451813587327743
0.502939699685118
0.850440191261555
0.241623316485152
0.120439849302628
0.341332063717383
0.796880404270114
0.60504649341364
0.821279788506008
0.142640700252689
0.849516313179628
0.696445724252237
0.809128637611443
0.589651240433802
0.805485214492677
0.277930546133872
0.457929661333548
0.721404910552923
0.635267058548523
0.683031890177214
0.932595167810925
0.673850367762274
0.381045901892694
0.505196363176701
0.64988657883103
0.917485891608662
0.155835545235765
0.120692986913132
0.535881402065479
0.496243507277364
0.616052520122591
0.182207003365109
0.421529319280712
0.322316619380958
0.345611911215883
0.169785272037707
0.062333781992872
0.540302464809581
0.518605143309662
0.788472226255491
0.720910358784275
0.420550896401813
0.326462838210075
0.00454955208120289
0.874849772440405
0.481667686781295
0.814824729816077
0.417663962725696
0.305511604611246
0.670969178200619
0.516685828522856
0.358258221804651
0.31663971132614
0.569682905429425
0.723448006950046
0.973851148094074
0.608713277040884
0.944185699805062
0.0759024041518173
0.105201958039048
0.638602281204496
0.283766274869341
0.369226145477438
0.42402357689362
0.0269154377158192
0.440974935454536
0.456826288291412
0.0669863834573842
0.0540918729040579
0.690795432067609
0.452240699876742
0.038120782853887
0.997005152943851
0.758074774369482
0.610282613344673
0.509489820119757
0.506104324868297
0.316886321459815
0.1161793536317
0.233876146282514
0.811783674231344
0.0109696244720381
0.519700090163043
0.932474356469917
0.636918150745785
0.874043828326571
0.556476888526291
0.155341144185418
0.330097045649716
0.110314615832754
0.236709799550211
0.892216990089039
0.0401091784557659
0.941594786789998
0.592482263284588
0.617955618548281
0.78537197341922
0.261144606447441
0.642417651556873
0.908856996376754
0.458909259108255
0.0920323066344127
0.00843725053529288
0.847807745520476
0.715325499782614
0.305974520605011
0.266333188607165
0.526289569817455
0.848581929833185
0.555590779104073
0.106389418419304
0.212718360112226
0.426536911003964
0.694491120015329
0.19844536513642
0.911486662990324
0.288477587007137
0.944330034847586
0.632248409085524
0.273559271068219
0.441168203697605
0.732205658065028
0.973908476845462
0.228141356473577
0.0598037877669481
0.118651505930592
0.298121450026839
0.456622129145899
0.314464491619047
0.680186626989997
0.356276911355584
0.512753174548109
0.0770775250679754
0.519350075603507
0.71954642356972
0.70669909920813
0.920875874579296
0.304577690331286
0.601016016833513
0.775421785532326
0.902560147539718
0.19214041394794
0.83850680216419
0.719566904961444
0.367591625441077
0.177615575381087
0.273667934930023
0.654174328213648
0.0634182053190485
0.0490676301401405
0.571129560002531
0.579715926267588
0.0925292495045618
0.642185232773256
0.445280957126235
0.424610228941258
0.405591331975029
0.0694657585595769
0.949852687088145
0.82226861560782
0.163771957777154
0.239037829342358
0.00579428631675607
0.910629578386328
0.25902321817275
0.376429985661506
0.426598825709822
0.54003964019999
0.73770959155619
0.120272728922192
0.951762028557549
0.757874736699333
0.733849017584918
0.477599481393211
0.511143680232397
0.626884381363798
0.403864213248866
0.720621179684133
0.734323300798498
0.834846061484663
0.768147903715053
0.184379042615014
0.974707671376216
0.130030029333839
0.57865525818563
0.25389059956916
0.348626621023234
0.481487787141435
0.67159934902327
0.275881124070628
0.736141416222211
0.525770216205735
0.818323437310543
0.611219752331756
0.666101270658186
0.63050161997648
0.444371562755777
0.0500212922938609
0.62364950794883
0.107873715883144
0.840556593999537
0.898331610012403
0.682275481149233
0.497646372563646
0.585148026132233
0.618267202839228
0.954633390746431
0.310353504476499
0.0143838506917652
0.177176741014528
0.0481969023515315
0.361096683327857
0.771599714610972
0.182360124642553
0.681649580550418
0.172648035539333
0.985733773067176
0.760449854630164
0.00748491969098769
0.454188561542717
0.919046267484281
0.122204697074101
0.811263978172412
0.401283091574192
0.222211821203368
0.146800000302466
0.478250634212983
0.213866390352512
0.188967155255437
0.747990942362054
0.244495396732694
0.518160125880175
0.168652432201076
0.585297137497653
0.228814074066972
0.755459413634247
0.931742593264733
0.628521396074609
0.0738497524911191
0.500189369908506
0.648436441210946
0.443162716177845
0.757712401593983
0.753252928056234
0.637990492833244
0.848387233280265
0.493010676469172
0.52176059612687
0.14644855677464
0.976112196219164
0.537445398552474
0.0455267836417092
0.418671344884637
0.0455030499839347
0.452329349229662
0.507554730682174
0.587801498848715
0.169992689880299
0.981097430383123
0.360287224817397
0.00969181258158876
0.576457547416191
0.254598818373254
0.803638166745611
0.612385206230187
0.923081872848047
0.744084188252704
0.279907930875157
0.293247311976846
0.863696521628365
0.266462783278977
0.3654025902007
0.22608239246666
0.475586314592048
0.787317761715187
0.387189795782756
0.581502291619835
0.93264649938616
0.324790308273039
0.702818745873398
0.321673948513032
0.626848830190327
0.0171834483222948
0.482801982848454
0.367498836400561
0.179273749672976
0.871078486036743
0.523909713985461
0.320178517042281
0.146216534812239
0.486417606157811
0.401547927602698
0.675736100328082
0.815271624817495
0.20816668948373
0.937246650709692
0.633057087924907
0.744557377282258
0.149058277889052
0.640621281639987
0.00785610829635935
0.890597299943209
0.260811007942354
0.460649520577755
0.791325426399612
0.623046938487698
0.854994105713069
0.813338533134473
0.618319444550724
0.561599249839393
0.894486575056606
0.829329844991984
0.662620353997715
0.901290764961848
0.337313027405161
0.804577186045407
0.749536083578232
0.715543983974112
0.994017811756868
0.243891595051261
0.218943510454254
0.854668052752759
0.196859001694145
0.614328832222371
0.21664189031874
0.843392034262393
0.512036282417407
0.707067974503284
0.227091111712171
0.957920519960753
0.601645670586754
0.379449542608947
0.368149509803172
0.917326078215691
0.84111616289922
0.244285318279602
0.351933220958675
0.24675535104283
0.835708004184103
0.450740647722508
0.336127075722852
0.790106742301385
0.804324147262171
0.444810814879043
0.136510622360234
0.309756190080151
0.391803050032771
0.618560049209088
0.325511702920742
0.36442227614441
0.450402607715285
0.968468043869438
0.827604127850683
0.801277748948889
0.606153915309938
0.749675469781862
0.36612295977564
0.740947697676658
0.267643620934531
0.977072246787064
0.114917527513877
0.0659321810788804
0.00495798104116683
0.00521049140285735
0.580062776186854
0.253714413789235
0.970483041478358
0.603792181201049
0.714120455305635
0.17085205463436
0.417732026516547
0.376179951508236
0.0935018294893993
0.795703413873549
0.527537578713962
0.0906392697806272
0.317171087844401
0.312959988216888
0.589800385809323
0.00971287773297476
0.205948202865291
0.439567447959603
0.513272168054428
0.460910419008571
0.3121535378521
0.533667583114857
0.868953437750158
0.822125457505311
0.556585854158318
0.325959634807107
0.0673889994908939
0.614327999127574
0.698104495161191
0.468497738781625
0.716054929734991
0.975888477853099
0.530721668543134
0.677943547981925
0.129033009934266
0.268799244668614
0.891779410522693
0.591039050645241
0.469985187699115
0.0935031437279991
0.516501553596905
0.362987976854415
0.843413409970968
0.469301941031734
0.614283697269486
0.318325761075325
0.633581036963973
0.280094889594008
0.190959421361363
0.496009326376415
0.950032600204072
0.633714047992902
0.332847091171801
0.987112153019174
0.295406521467158
0.427901660033945
0.569415988445146
0.0535625993385412
0.354086182912983
0.208771769661853
0.573639350300003
0.275300951347679
0.889388469739607
0.697584970067249
0.969593088312599
0.989248281793074
0.490018579001671
0.319396092470699
0.793732675674042
0.652461015963597
0.597378638988667
0.904925301672365
0.606048061962784
0.388192271681922
0.0305563696152578
0.334519139919256
0.24925759599005
0.344621739483852
0.721504465146872
0.413523617435098
0.0201059079688128
0.318913814822545
0.662800088463994
0.86894640121158
0.63134575906573
0.671789894583007
0.748184568883123
0.200520666658975
0.900091569452547
0.442752407810754
0.769564572644432
0.0781969117369421
0.101983490156775
0.802046056966253
0.3955956523503
0.810226240574119
0.729337944525615
0.479354965860884
0.0454771238773893
0.88185432353814
0.359160498721233
0.588365669241974
0.44829033764552
0.614581645815275
0.704518761833788
0.738842259663652
0.190045428461891
0.29411406389707
0.911119942700126
0.0658597639192447
0.46914330341026
0.594126006232031
0.698412535764736
0.277864387446321
0.359725829133345
0.110090720936906
0.260411923401882
0.546425922722997
0.963516805948343
0.625931246919773
0.393822967620614
0.172903116457139
0.125102120209806
0.0421985039860526
0.7024953663808
0.617761266769012
0.651892162135705
0.676490966212792
0.737314959316057
0.696474196526705
0.320839354894103
0.144983958637702
0.584885696944451
0.659618375576852
0.815409521999099
0.313715073395425
0.0908393543215984
0.40234715780754
0.0175291607844012
0.680253258496248
0.729193544424163
0.386049064996274
0.234351150783244
0.364500562416217
0.988214697738031
0.497120132093307
0.115752519269807
0.185085136696868
0.106847476914023
0.188597350075229
0.716700543665488
0.302930758802645
0.5086170616083
0.278801055180165
0.142789204319799
0.311611752080898
0.182140124869678
0.893245836721078
0.38883627813875
0.634619790650851
0.241941918495771
0.433313237860936
0.366071808706218
0.624021873386518
0.229146480087613
0.331306057427326
0.540978287570983
0.00836700365458235
0.842568965232935
0.640723390147156
0.552622462101443
0.559316969602924
0.881239922237328
0.27255309298935
0.220411451033814
0.877593199577655
0.380292455489303
0.593073653036505
0.886123287019776
0.891367295618835
0.738123726667026
0.965597867531765
0.125116527572076
0.14829351060364
0.905753196029579
0.053677163121335
0.0428280040228779
0.0535034749015289
0.0905522578967076
0.438268595056465
0.460577930038507
0.461333500232346
0.45335078007903
0.195582758307956
0.729224075858018
0.742626881879424
0.106486429671778
0.289042522324305
0.357002075317459
0.928546861764799
0.422878523788387
0.319599444652242
0.265637587490169
0.334476841103785
0.578602289426944
0.590324109727195
0.638023956458587
0.778559789639327
0.770187368295407
0.924197717691728
0.0820002047400759
0.601449891480988
0.604931384666012
0.909566067142614
0.573849389882909
0.666690411933455
0.437268651449079
0.330252301179221
0.983440089942714
0.470323494397576
0.379193612977711
0.675427117057917
0.703802477802821
0.425303333040946
0.763313954094042
0.592858849472909
0.131091568266477
0.77525658038276
0.916870198307914
0.874435337402515
0.619711246855346
0.980026885031014
0.438534867981907
0.804798171528749
0.449208274897791
0.92836252040736
0.865119526773221
0.909276373613398
0.491392273660859
0.654574904959674
0.730923195863062
0.77158598893162
0.509297459630284
0.573310791118635
0.663600815382046
0.398398530975111
0.650673436094444
0.711280845540248
0.888632295739237
0.591136471547788
0.397104125841557
0.751122714022213
0.851705670791921
0.561592659690457
0.476327024843385
0.471186047635434
0.495190375494634
0.792721230973507
0.293459035865487
0.914110206482875
0.654586936335845
0.177598758481562
0.423318163301372
0.833154809158101
0.231294321341423
0.0859590303154932
0.345192386768504
0.390953748091819
0.0492414053544804
0.0880388359019728
0.93336915384391
0.210336224380959
0.553373654485821
0.893846438463976
0.223224944916325
0.223148758998594
0.580020439102392
0.49852419248139
0.801220155699292
0.399617826382868
0.865885400194874
0.159795527660641
0.882575218964
0.151317452870088
0.0431880249315671
0.931925076590371
0.884572195433213
0.0198107621653725
0.595192029097854
0.699330280470326
0.334542285366798
0.822210050264106
0.820811605463209
0.11698338466442
0.261996849911482
0.379943047122174
0.821322045243405
0.765564855250612
0.526419905326141
0.984826776288529
0.796585019018997
0.953596874535368
0.975955196124831
0.593226223734394
0.397823492649459
0.121085144880046
0.819779071784653
0.0344265765290609
0.0483846071889098
0.719786193058871
0.38146654999956
0.404625535469831
0.690960808187474
0.949825204202607
0.421860551992682
0.989629156712277
0.294417420132467
0.704653062220894
0.93439787677226
0.0785690701253784
0.869893709017233
0.363630434156146
0.688596155204826
0.167741844256196
0.547004746903768
0.734835412856189
0.680925923748678
0.590823909043711
0.317564381346231
0.345312420931317
0.458679547598489
0.697906017377188
0.509235918391634
0.78943157024285
0.712802914808453
0.489540815310983
0.276235723718793
0.0488226367889666
0.826052202250984
0.99153482468946
0.392123743373461
0.376566256698969
0.372983795058083
0.659911790543602
0.849155822219596
0.565662830157255
0.819825868916947
0.254289075672037
0.590309067467688
0.262073454753824
0.897200119636321
0.516514550411977
0.926251017828697
0.537960700830483
0.401748292563779
0.121654745897173
0.256493979601328
0.137963985776923
0.108259057905251
0.0443033316676596
0.987089755354444
0.0582568020895426
0.183064092801267
0.791041592725807
0.664998628534522
0.833902417845771
0.074096760203328
0.622669267788326
0.0930941440024767
0.343301885953548
0.807951114357269
0.221388700112677
0.702681169931792
0.422755986013442
0.674286393951905
0.308027467916474
0.27769265595123
0.147953169576448
0.512977706007675
0.603824119166351
0.755394684390472
0.153671823582586
0.449837650353966
0.0765069507876706
0.738208007404812
0.262698878656481
0.826323001294369
0.373609090430571
0.833016237638533
0.905311331610792
0.140318429026233
0.730505925375391
0.754792260114485
0.120222943118883
0.945593640011754
0.554156092618307
0.693950730627064
0.785087248035251
0.853267622681407
0.660636705224673
0.495678099235981
0.273895223929733
0.466120720477237
0.695659284106933
0.432412974325132
0.430237044085814
0.931527153241485
0.448754582476083
0.750794633550015
0.113217013900843
0.162205765229179
0.68120599523249
0.614901422714183
0.182796389557421
0.15776023373272
0.302925670318197
0.403731155993801
0.911300441362231
0.357603247210978
0.686699023782913
0.043798373740207
0.61435414188368
0.551433988627348
0.70978714403138
0.628882829908995
0.194443416164251
0.158112254482275
0.925549439789968
0.921392726224459
0.50046202442383
0.449853112045298
0.422742060529621
0.856378455602289
0.921955271111344
0.948013206985054
0.467161785533689
0.588249712765991
0.703627251524227
0.234743609294024
0.253469950070885
0.179256268553247
0.55078923138629
0.655934517961516
0.937482120573813
0.630008361726021
0.771764480204468
0.243972535269507
0.502011517050439
0.252216323172885
0.822518576609086
0.713644512279527
0.388241957373975
0.514861065717421
0.0439577504554445
0.441982038978808
0.948022190131578
0.0850755206137323
0.115304157238209
0.607611570975264
0.184935579126348
0.45022144742324
0.835026578599194
0.997007131319483
0.01041808723982
0.710307398864354
0.11805474891674
0.395356079366558
0.60445261609302
0.564714566288578
0.0379532839597824
0.354770562610507
0.650869360436093
0.661123062049529
0.436311329447428
0.045311367571893
0.0307665544487499
0.27143058653092
0.907200219370201
0.950979650350682
0.964364322259478
0.358562500915797
0.981395764059062
0.755151565037984
0.367639719438727
0.233308733508083
0.0176395491810534
0.442115323858205
0.690648757596025
0.962713339188843
0.176781605185464
0.306583891882013
0.841778133585812
0.0118286279114886
0.202548151766054
0.188407537350543
0.491807946175686
0.600297992209561
0.618445317962302
0.730680769831609
0.500023038964415
0.870907812589041
0.244641768010109
0.241322835761108
0.229466818960796
0.270262368853259
0.0430506594696591
0.00559737821706202
0.0646766983295293
0.381416855495919
0.426305352447762
0.980616384694074
0.121403876403456
0.205204906227649
0.66886017752456
0.59276093677507
0.777924816920288
0.290600629276839
0.124614763239571
0.69462156964067
0.0359274191653182
0.394549540488167
0.599267864788338
0.644603952120324
0.939048507872493
0.34850654743661
0.809244596723697
0.152552093247123
0.115956499756244
0.144407008027113
0.449870515824417
0.22905488203042
0.820504049510471
0.156160855184166
0.405544384790757
0.0944455961261276
0.355142924278319
0.70316362649904
0.0525594858349483
0.327376348891468
0.036577465632499
0.958305338612548
0.842867398967353
0.345269696189259
0.0488043996424254
0.0962201724257288
0.326369060616702
0.7442684157315
0.692967013777863
0.840771219597698
0.0858346847309405
0.652739652788598
0.853420939460091
0.432075370198201
0.973234663172848
0.833400268022578
0.582848165171268
0.373385516672367
0.133291994452841
0.265949247188133
0.278672550259225
0.545153393023721
0.0621539049162996
0.642035195355708
0.802353454073734
0.1639966137298
0.826935841313842
0.766312184790498
0.000159543526877486
0.546649182804127
0.826133485040423
0.662632632345606
0.703289507782475
0.96021483298154
0.0438024547912237
0.13657610065801
0.253147088985404
0.630598220655094
0.879163271108653
0.702330196583543
0.358952767067254
0.799623535176233
0.695394139618279
0.703004820715903
0.177958258280002
0.405040659311865
0.210017019581083
0.80050679646582
0.599782429857673
0.789841778991455
0.183991118529433
0.417907431167954
0.744496926205664
0.439460597871475
0.90828570395191
0.266188269244279
0.571600511877757
0.512979002515126
0.724549205465844
0.39428427112337
0.841441467736654
0.305124442383429
0.685395151945338
0.902307385185198
0.904822643104702
0.204620655916897
0.97052537645803
0.885427446509196
0.885340401163269
0.07079531274934
0.899865311686759
0.474893001401974
0.630508514177665
0.0522082424963794
0.365065849768447
0.181521221622345
0.139376435154433
0.976601847086343
0.868451699840161
0.176687164077892
0.148264910925176
0.467240648569197
0.632138107322399
0.752982567844706
0.10473807356302
0.355858020664041
0.404501068019888
0.212082047825727
0.0781893180801626
0.517154494694937
0.272185401760672
0.740066324504491
0.372969042387876
0.386975817763216
0.484238723442823
0.126190897430526
0.416574670095086
0.893081039694632
0.0663305184529042
0.678953420425092
0.475467783606184
0.260757269620426
0.611979895645462
0.736720180628409
0.606018742273284
0.777827195294435
0.45301872163131
0.58728222817489
0.308948966651
0.24516129444877
0.633278027269223
0.0102276583409865
0.104445327319972
0.807264501685301
0.439702381976307
0.253895243317495
0.798065027960303
0.812273735611542
0.70202937236792
0.118531253672013
0.30192244446893
0.730049411931787
0.780502930959287
0.850635220379757
0.117678647200755
0.598007278297184
0.331239264092484
0.9961482077175
0.898814349583303
0.134748111559061
0.237010142420682
0.558038214765836
0.438258831480418
0.481924136624866
0.304388430981441
0.211802047484012
0.977711876985047
0.327165856680137
0.00227956322582024
0.392882431266547
0.958110376793268
0.504198833788067
0.646699434328901
0.180048687774716
0.803603175835252
0.78070669253018
0.684063543889559
0.435140426846932
0.735555029997712
0.0954237649894525
0.589827090082623
0.314529169205983
0.144302529501933
0.0395531837698309
0.687218186084909
0.377412651951029
0.855058447815022
0.902341454704389
0.623336347563217
0.559319189771429
0.455847947276753
0.563232187246213
0.859410720337956
0.264952933265164
0.460899667975158
0.8190400104304
0.428161847350944
0.400126923953261
0.456640406430688
0.637563691500742
0.101455149992702
0.405207472922392
0.229020136374662
0.627752967991611
0.753605994148645
0.418278561884101
0.129352493131337
0.546902855370544
0.0944311725098773
0.409839655470815
0.636015631821366
0.9385801863401
0.571190366702602
0.00981065298523314
0.134214419602952
0.342888448511343
0.164487198857583
0.948765688143715
0.234911714914284
0.168361490292657
0.873025302468153
0.49197792610079
0.406145724740649
0.251794695155164
0.980195172762322
0.646650859531518
0.766372392802521
0.157746466450757
0.839208374674101
0.750108531625508
0.0900499408323485
0.334544717270699
0.754419365347155
0.0644059527612919
0.625596016673626
0.0177157550815323
0.904950602218684
0.646099834860089
0.470421251585253
0.912749975547159
0.815304597884291
0.31389558811671
0.706954441201875
0.73718537732092
0.726913340656641
0.363233952372872
0.351632354982522
0.0421766706835339
0.957027602037335
0.274980311252001
0.366736822842887
0.449792347720092
0.103529410322332
0.688702765972874
0.498075971243623
0.915171755778744
0.0469583524197448
0.520743286541652
0.352793168908259
0.397865841978163
0.77144764741348
0.0898247478436967
0.214316074350352
0.63864760079331
0.78150899553242
0.498490532477963
0.465718486126261
0.632222979954034
0.943577287180617
0.855780672645097
0.987456769305206
0.0650017522309758
0.142325443404629
0.1887036442149
0.544673014253242
0.817991805029418
0.238965761248914
0.599168545114883
0.501659078332266
0.853240225296746
0.450122576418013
0.566254636002469
0.372047652370627
0.863102528097285
0.663961943329416
0.26179010436498
0.4703316361253
0.460389737671581
0.966861696852517
0.898292295780817
0.749761155767337
0.292772087871527
0.647116904391934
0.635585491594278
0.393405101140049
0.896013006665168
0.498221433251012
0.300120256131354
0.738500787612873
0.425179242615293
0.752386394258414
0.779130509571561
0.173914180373526
0.469312759422672
0.218386443168412
0.964937967373883
0.0397046643651667
0.0300594841614041
0.398283668095814
0.850219128727044
0.894626279117885
0.366427856737321
0.268558334406425
0.519262517242689
0.669878352455309
0.126684825829359
0.879398381592084
0.882853808080262
0.642227334087458
0.128989795471933
0.519603172094588
0.418452614736337
0.846466981555569
0.660256654281381
0.804183079558283
0.725415974189459
0.146404586125646
0.100368132837329
0.339537688780239
0.845917982130556
0.802263104653173
0.696824860128456
0.638957538401682
0.344427621611578
0.522684241900843
0.143918754468775
0.205010640701105
0.397615171901423
0.0983650978736748
0.133778952335817
0.247257812416626
0.674116834508105
0.45359901077466
0.296373099473426
0.53248967303426
0.538731739646883
0.729623184287879
0.0293259528263584
0.0921075919856644
0.909321701257904
0.381234919575105
0.140007548591683
0.851106620215958
0.871437520880052
0.692777363748375
0.75906498061775
0.487927840107034
0.0172207110669733
0.995310034632745
0.335056909808216
0.988481398010069
0.361729726425184
0.730242364621783
0.832412961205205
0.260455600988735
0.154425400573045
0.392557163353304
0.127293805737662
0.611275632074646
0.903106666406576
0.360613905532075
0.282920053898815
0.263573686107746
0.897525670992517
0.302472735205332
0.542808160562907
0.316344694760582
0.203383549682851
0.0496250057824429
0.568062934431244
0.642865788055175
0.082539532089382
0.873390326981352
0.730405369429172
0.646668335915458
0.194080008478546
0.85325264518997
0.735775758126863
0.0854092609946343
0.586644216002249
0.49940357794657
0.0971512725553358
0.75620876345436
0.743942764452526
0.557958621599182
0.0874475054219082
0.951692445977104
0.257651259427353
0.968970453220138
0.227738163421526
0.637558291990578
0.046185395606122
0.703432039568652
0.855100137451332
0.685594037781436
0.662159241835731
0.531863066449194
0.695564529409405
0.696530388648072
0.409495066174181
0.565694684505448
0.000789181058345485
0.893916320645776
0.382027612109028
0.848803018521527
0.836213240602107
0.608792569596743
0.264909618517348
0.729713648522398
0.766102331128299
0.0076514641175311
0.411308791310688
0.953283654539866
0.242697096267497
0.967634452035701
0.0318579002909403
0.432373926415525
0.935240167057641
0.0753930528368924
0.120065263138633
0.701908117069851
0.88746766722085
0.0621059565114835
0.0716241348374947
0.155066881882428
0.163735262342161
0.721612163678632
0.583560630752664
0.977023781737547
0.56803546387314
0.319727636158912
0.927303346073258
0.603998048405918
0.478436108858603
0.67050735372958
0.153443442883347
0.623887922367374
0.630584859379135
0.385114576064933
0.560900597039046
0.267384447635014
0.695154507997897
0.912519958194473
0.535483360503743
0.367920457148992
0.615172793285812
0.945482987533244
0.0155028612981624
0.973137104739457
0.949342762416201
0.749582286644569
0.63006353672846
0.949397554589081
0.0854792751098182
0.576166385187041
0.0844700148937353
0.742947062812048
0.115377422595306
0.0260559089347815
0.776349649594235
0.256964405519919
0.739002338608842
0.837017037968183
0.923468953922173
0.971997342812961
0.190334737798595
0.299995515015576
0.130140171295039
0.560233445714392
0.162632876840781
0.679662378694555
0.752762245776909
0.981639536958487
0.808599889341656
0.371389566237516
0.668059163453831
0.692876141262852
0.115166309552859
0.254006420734263
0.655135300501607
0.981525601724479
0.214328948408225
0.0600573159693496
0.339184067821768
0.314823980014182
0.994214824867677
0.190835983999753
0.790562061829261
0.89392600428925
0.587051612573393
0.0969585724317482
0.733512910162273
0.989720820212864
0.0998539743685274
0.23922802280756
0.74285493767442
0.757204512033726
0.733969066398114
0.556001317730233
0.78602469707784
0.380211311870584
0.379418007116731
0.0664307424080657
0.0095006155732704
0.450228629948109
0.654903855800347
0.0167411173368129
0.657798453139739
0.828067993178303
0.227719075920708
0.746987306583262
0.439576006914372
0.691895220774134
0.906198969294091
0.346750848752544
0.197313970047526
0.83163314827827
0.801037225675866
0.784609128804058
0.253255009025597
0.414540969237738
0.939765408310302
0.494075619798818
0.675186948870389
0.905186911468568
0.00278294107506557
0.311675234989548
0.00188653678248891
0.872390814189904
0.857571870120833
0.434316124593023
0.61295700180255
0.650306963080578
0.69748393761458
0.167083582446259
0.813845622455422
0.324295253292199
0.863283664298537
0.779775848500809
0.732493131844395
0.697614719985322
0.105682125567504
0.23254987361805
0.410751835024312
0.00683236977817706
0.429524804377477
0.750668988323504
0.647083195323993
0.449015182923232
0.498288782663022
0.283986300653022
0.366957225689223
0.495339908222187
0.577012174646692
0.276359737249899
0.894275416499708
0.699143907801057
0.62163696140895
0.23066573169164
0.572879988960842
0.787098736727281
0.949402204811746
0.117376746187346
0.906679742289674
0.539252636375
0.378216901332007
0.730353612717538
0.448234528949423
0.529435272140205
0.430676607490557
0.0591068283320681
0.452994701255853
0.169443218868191
0.674871931866942
0.620379174692078
0.878066684604019
0.401753717799478
0.388694122917194
0.220496185500675
0.0855766906604544
0.344938815445397
0.647844229202536
0.424929338235599
0.644533307627205
0.023402691528432
0.165124054370807
0.767965285221014
0.713049933809172
0.662495924584401
0.664705944401201
0.153568439361988
0.447980829634284
0.899252159508904
0.029813433839995
0.811597111360124
0.474602488995092
0.159960875028746
0.502483960749801
0.969478598702678
0.283209919364947
0.883381114157443
0.859666568936383
0.465293923206239
0.236355281855114
0.491016706594122
0.482785638521703
0.505768054821343
0.330413572307498
0.549665914579831
0.920957606212549
0.24105136999927
0.639335728065486
0.152769086389152
0.204916255147982
0.559871313605972
0.692694951623783
0.632871688876079
0.0197206554093894
0.769279390279265
0.810251089367955
0.517424468420874
0.811674711387526
0.792379530225562
0.734525410252877
0.450834700618768
0.576803325488617
0.651839515566644
0.847443091426679
0.738849577427615
0.957382559835667
0.164709262168639
0.81421645072687
0.736235133616803
0.199990103209371
0.87238509480562
0.689246890058838
0.562458698571299
0.913504649044488
0.25025425774428
0.503929327883631
0.409005638590557
0.526281056716979
0.103152861011932
0.902540570367238
0.684042968000858
0.651104357562681
0.915993388805485
0.451434575444497
0.15786155447725
0.781356128757284
0.553182107412818
0.84252227620347
0.45044553819147
0.0103977980266823
0.538196838804245
0.707593507491457
0.236006719513889
0.733286178814967
0.696596966880957
0.497804327619463
0.0734420031577073
0.381472464741689
0.990054069827788
0.871982630665755
0.873352507147563
0.310757921059789
0.215324863681756
0.982577251078547
0.013408035738068
0.0767063756771105
0.861296384498138
0.781692382017357
0.0971575883995349
0.969644891646741
0.584129530167725
0.0474069907158544
0.198684452711225
0.174968969257385
0.598158411677425
0.296692548713156
0.283781023519387
0.154300347080906
0.536523594652635
0.274619860499753
0.750445205638856
0.370835529257993
0.516208981263066
0.854608790708766
0.536600804384119
0.830982221243561
0.723379310750346
0.870971952666444
0.820574040172889
0.556471300444647
0.282495805855292
0.323246400606501
0.168393767244672
0.172862617856326
0.292164622486237
0.821193026939919
0.602284011947835
0.422923107432854
0.208678209760111
0.831282863387117
0.423122111130274
0.958938121575541
0.309531640068652
0.492072955722315
0.684522997057356
0.654153433910441
0.959136713113721
0.431418588900198
0.494751069000303
0.635272269356325
0.922754304128952
0.401938617105003
0.923590860978744
0.699718575126718
0.0666454059938763
0.229726823588606
0.856504302007188
0.943924339016884
0.828821430163118
0.201297251459277
0.973074719440158
0.819697285398395
0.680121688278884
0.60698625847654
0.355727616915392
0.526812880810667
0.770306031985263
0.448795009843186
0.0718148675258258
0.710108770993592
0.870961986605074
0.260547846189906
0.192117932097293
0.444285548590549
0.0721130714587709
0.0754941509187184
0.659505095760971
0.659318639346118
0.267000182252574
0.145317105005913
0.212998713727398
0.965840242854155
0.119544478243792
0.180920457688276
0.888493412189727
0.0116874685677632
0.907028871716342
0.573491877970043
0.884303711862521
0.862066631830064
0.240432017701136
0.693098834926467
0.0136352405249081
0.735205878820556
0.133186057836831
0.678920037361543
0.896050504876957
0.261904657997811
0.246662416363417
0.0729895197198756
0.605728820913696
0.465694617838092
0.401364369131088
0.175343129313182
0.793094998323196
0.0440320376624695
0.225467223969019
0.801182015558663
0.577499720154651
0.352109684704635
0.823368249482679
0.0934800203631657
0.073742201117441
0.590510846299176
0.0349021047565234
0.437256407591033
0.17632140131823
0.845926541466391
0.257644470689183
0.167766863152875
0.443252146072497
0.712583426006983
0.0784242585562413
0.538402062375353
0.836060329777671
0.469090539381762
0.828401581862247
0.623023652330038
0.185130502779838
0.301559147306431
0.993727106407037
0.966205690127189
0.601603541535265
0.787557687544896
0.983773900524716
0.841203236797788
0.44945764138375
0.0666338910939223
0.132948084534396
0.462610019285824
0.321877248027005
0.331111763275497
0.0856546721411377
0.566912701427825
0.881338384115275
0.952821664769258
0.148204024416012
0.530502841655061
0.918875872493602
0.480468880829121
0.993724851929946
0.892517951758266
0.11897675164921
0.738516887346424
0.753211211988301
0.867922643130606
0.688092431983069
0.474629466027051
0.64433638916301
0.730018527056359
0.465578018249479
0.63607801781238
0.186756354592958
0.774383328615652
0.25152978085049
0.41010660768662
0.969111668580729
0.834838023332317
0.145410597898684
0.210874405036304
0.614559556975714
0.268998051304249
0.975731340694981
0.297970523493681
0.944178253581068
0.391914222313707
0.876107856856877
0.862112912904989
0.461797265139596
0.606339442508907
0.952173720184899
0.282638089950958
0.904182003008654
0.0555811547792906
0.377374135561914
0.712715392795441
0.224464610513213
0.72581020466619
0.470793334164557
0.0232678015883777
0.594228392673336
0.618450207315723
0.650524614059528
0.632011153314687
0.405250163875783
0.203821665409767
0.187127783725902
0.920650750556346
0.28917364069328
0.614045427901441
0.235437710397378
0.729590375138068
0.892990070607512
0.30875228697775
0.28397050496349
0.554325129427529
0.53904920688414
0.874961909334239
0.938746749060846
0.422727169002502
0.817702604371663
0.425233508506539
0.919875542054335
0.720549293167636
0.922081619410243
0.589406522231452
0.272395698370888
0.361777137527833
0.640335142386327
0.972929085284184
0.978291271373799
0.562000151310248
0.839191944549723
0.409515067554727
0.00887375250085652
0.717106557750656
0.441618318781171
0.328732327298826
0.944211180448291
0.38578876076452
0.505656973445058
0.241196243275859
0.033963421895047
0.519320307998866
0.816456678321617
0.289103162860682
0.319226926766164
0.760585983241679
0.137319561240217
0.288569307631037
0.373177298707366
0.559077048384477
0.346834777103387
0.678979972874416
0.232165745738553
0.826096671245773
0.69000439971668
0.703147247272569
0.526025422273078
0.547783289128494
0.421033326034564
0.164064971546221
0.775470456270205
0.15483638082245
0.0780169549374529
0.997775685274801
0.819997307227304
0.272294425538974
0.976377406869708
0.485538603626564
0.138083180259879
0.489284907060367
0.442321848651543
0.192580185840906
0.358710427549022
0.382163806205724
0.852256816851985
0.814373316290645
0.126144717470268
0.0994954656277108
0.851573221191304
0.502974341751949
0.0623098420704499
0.0739158942575577
0.0120252985262112
0.92315751097008
0.857891542543905
0.262771499308787
0.304022950639114
0.949877188326426
0.806740368710455
0.396392828443027
0.250835021201791
0.00958745185441675
0.14931290088959
0.305880018654805
0.254171723416077
0.504610288349477
0.677722137882429
0.843199728542029
0.0196410583096164
0.899358194962117
0.481003425171329
0.0750003885072485
0.627472619136881
0.507678848387651
0.193552710940089
0.137866610385026
0.297670183151357
0.00922464098103109
0.946955698971282
0.876918213838267
0.4657551282242
0.567366506277138
0.806805789501073
0.210460485587189
0.540738778420267
0.967542140186815
0.709024328006497
0.712262853282546
0.259817000871539
0.640198108510392
0.643845391137161
0.851357768009438
0.702294175006456
0.291636500212056
0.873049496690875
0.64722658601453
0.144297935629537
0.00172600603871791
0.817954971576874
0.412701342399017
0.139812479486851
0.0225037307903313
0.0408311197935367
0.0829076241036657
0.869791661878638
0.8123867384998
0.883549319095508
0.757817020588437
0.481527066927346
0.723182278819538
0.692908325189358
0.0647870341280854
0.916047126333863
0.464745936176705
0.913060986265203
0.369025611209124
0.151859742974878
0.984864077208157
0.989541493986749
0.263086633465329
0.324475539251506
0.426818615126557
0.978744963873189
0.740506374921468
0.804145419010916
0.134288615754286
0.0949394827617447
0.150472366316772
0.199848074402467
0.61298801388324
0.161410566952539
0.138730200616905
0.327942354727959
0.56675875632223
0.378720163636097
0.958145907369679
0.84043861489108
0.388576913800595
0.876084068626977
0.967723201075753
0.49900910051841
0.939942937543586
0.754907159619176
0.96905504661321
0.65706921374403
0.699669934179713
0.338519617826643
0.95557429532576
0.573552581105197
0.938598108621369
0.530590892415634
0.974409457533513
0.513709144757513
0.675825634414139
0.631099810474719
0.162187560403814
0.330940706973327
0.659773705512835
0.115575775969634
0.0710800941333121
0.83061715304987
0.107536288195045
0.0302953374909202
0.760938190486097
0.789171605582504
0.0496186518911998
0.0982591819351263
0.799969638877318
0.528383216245513
0.0832401430138087
0.0302715016379587
0.74079763736762
0.960540579018991
0.593674443496627
0.294319442265564
0.0576253451254689
0.952551618844754
0.766411977184915
0.375541139391735
0.301638238794234
0.631225744558341
0.499442537346263
0.139243207902832
0.40580390922472
0.0413377072441735
0.180311857372312
0.210405475461212
0.622472621713789
0.752713326932151
0.0147892297302669
0.435200980508423
0.592034389547054
0.176306527117155
0.714999030831816
0.129828017651833
0.765352682279732
0.0861791426737998
0.607311995678484
0.265500696737791
0.0422034629438249
0.574173460571875
0.685375318177714
0.565074171632737
0.362974805252331
0.718589057994665
0.783891414962865
0.297653373023709
0.926639176343802
0.617734287366729
0.580475855206032
0.202482235962446
0.0481494131725019
0.853195164603207
0.346646791550122
0.481726766830042
0.760197079211836
0.0233379786466042
0.254392363267239
0.349217200218275
0.494377300255257
0.812513742388385
0.273387630350953
0.428307843149839
0.702985910853345
0.690080743648027
0.0803475545982307
0.399166955493223
0.775841080919557
0.705813092214684
0.269883351867406
0.37269837862172
0.698598461606722
0.416254305579519
0.136996952152383
0.255181112545957
0.164090014632557
0.884336468355964
0.353568622032015
0.416427532603421
0.966502455058025
0.635065178346298
0.771990997335155
0.366547800691112
0.305996752650502
0.114825834887106
0.250935433153024
0.555794842022404
0.088437849111977
0.38524630646129
0.328242456696856
0.24886712374517
0.550110675212398
0.0803726357382385
0.762790503273337
0.669302363112182
0.455564196514746
0.487006049365046
0.890620744594869
0.901183101528736
0.123462910687555
0.181005359928731
0.86147327969366
0.798574571714042
0.548335073157861
0.55975804894754
0.298995052250791
0.566742917220815
0.845213713679815
0.315117030336892
0.416234602928892
0.742116105248234
0.257415799609776
0.586838456440013
0.617492326356263
0.427606438451967
0.633223421016256
0.783696353127046
0.507576097986091
0.813674026815962
0.396153284658376
0.302779111268049
0.384465595201207
0.804406737442721
0.581549103778396
0.677291573108242
0.0979391578717864
0.931012305298108
0.648899368113969
0.761609924200765
0.519051885403037
0.656922518980641
0.00572776616581584
0.28470707039704
0.570780430991035
0.382803843673198
0.396885375069949
0.168628642770628
0.51641059091609
0.877122727927092
0.185515425292135
0.995924541385282
0.149982066025928
0.137947494451028
0.0638826167608551
0.849967850136874
0.845134276556506
0.125548990905882
0.263154097953044
0.101013324964505
0.620948351557255
0.575104197357838
0.520860142239708
0.279828194288729
0.887693090328329
0.0103405662125451
0.986040191874661
0.511285449318091
0.358536672059082
0.0751943970655427
0.68974448683749
0.478494915739143
0.743374905909737
0.0954701813231422
0.723816273554833
0.0890923016246117
0.471855737334671
0.107392232271274
0.318287628674844
0.231493404457817
0.209768779115567
0.0769972691031512
0.779702762386043
0.316772792938902
0.177602908367276
0.645526779835096
0.929672636591008
0.402188624738352
0.861555989478551
0.201605585332034
0.815122825811865
0.794208958029788
0.750405871225641
0.348229577925208
0.583124202342559
0.485088388997422
0.414975638467808
0.694983883123419
0.0956337386990321
0.665892653419098
0.0224622007137352
0.0644368395945809
0.168421378044507
0.449557352166364
0.362622704997785
0.793775733636808
0.7085420791749
0.176830419111987
0.867182945819884
0.0254817017662669
0.147792969525688
0.828185783457835
0.904003414485934
0.04634378588551
0.288302840672388
0.909858644470519
0.179217341738911
0.222454551360385
0.669161674343036
0.125651555199834
0.402177262594309
0.38125541137946
0.697826710217448
0.198317206731272
0.73756162620218
0.472876518387564
0.593653613243832
0.415404148866058
0.632921636338943
0.256588189230198
0.529009575409717
0.65591881447138
0.23445417291469
0.150889100917172
0.0554986840050218
0.770133252240889
0.227656411631837
0.988481498966802
0.321960005106735
0.0862967297310453
0.613374191010805
0.731870631684027
0.221882013118067
0.430206071547532
0.24167991342583
0.268708651154669
0.185599837700831
0.832432892925244
0.549941349624252
0.215080892810885
0.596803897864555
0.159766367218769
0.0821848999609291
0.952000797019365
0.797338055767268
0.543737308336032
0.0511744002396956
0.500545539276296
0.0348300889213231
0.137791352991655
0.0114244849571943
0.0930782061359891
0.709030725842682
0.529670457664422
0.988624190035177
0.46316917885768
0.368314671686194
0.419798267265141
0.521772149813714
0.285700096724273
0.809626578306158
0.979898755425467
0.11244858519907
0.163942336657425
0.603785468139017
0.466855915708838
0.985852819463878
0.600673250280936
0.440086026677482
0.966980029169724
0.464497455805205
0.781469666142292
0.542592257105247
0.247122080056797
0.44036293766437
0.106673448912841
0.0644436228334405
0.322029197063364
0.665608148849419
0.497740925387031
0.0447107991537342
0.921276638599705
0.374588969688349
0.407158165464859
0.616876577847589
0.307442466034748
0.757897172109813
0.771652291504688
0.881242417321728
0.625504997821114
0.00900324459888974
0.969598885270142
0.587238338258933
0.859231235143313
0.428421706580907
0.192414069244093
0.2271337349253
0.0359015018985227
0.994669785509561
0.0501926077398772
0.644481434536906
0.903962867933633
0.290337884969986
0.819772179785825
0.552278474044137
0.142954994180856
0.823420534862655
0.121345867333593
0.100211306950761
0.24571289505109
0.244892139942583
0.108970560631081
0.0310928633958249
0.518396708597278
0.676673858507982
0.247168207960944
0.786749863318692
0.131036627154073
0.520822815100326
0.306357403079342
0.511672065954782
0.30381773593668
0.977668114954939
0.135956100252402
0.537155981704659
0.913364723073209
0.481781233761421
0.33843577112416
0.648753182385533
0.257720280802738
0.630040817730157
0.008961585442345
0.178146414774006
0.691927260775284
0.211297801080936
0.0238282617425421
0.223377899920761
0.904942098191869
0.124116864734863
0.0341343348409719
0.174311406375856
0.182595423019055
0.809466074725729
0.376612320311954
0.741179545176367
0.877022067134879
0.0796442306640537
0.40337742190447
0.0443610084533752
0.882040392395394
0.241727911893146
0.506878272041229
0.502871872343196
0.846933892241232
0.389810209104572
0.0697876266863895
0.633237601905125
0.70063451256382
0.535420194422785
0.0712111267924216
0.753856929575597
0.450689456694853
0.931105539620632
0.535522606125772
0.501261374952903
0.684705504658791
0.0035996438379968
0.634759614747564
0.0119251164142236
0.718320097461371
0.16391617383537
0.0363384252365083
0.635071659304371
0.437119167507699
0.427625362339849
0.785674285208637
0.563420448530114
0.469681285379341
0.960672631910381
0.870337757310635
0.375968399971419
0.243946824115675
0.905462769482612
0.159200947700876
0.470087970226045
0.325604488299698
0.277071341149857
0.0570556868178026
0.481499167354564
0.0485363491343965
0.382254934884819
0.835500027404362
0.842675806207206
0.375023656942039
0.612792232314207
0.506087816072981
0.752694249207699
0.867809302132762
0.87184546926652
0.40454005394559
0.742616857041836
0.617261508926599
0.443212312166987
0.463179225096574
0.0623898777319382
0.656022757735603
0.247691763014558
0.42992269733707
0.643435551035272
0.10714384646251
0.866994340766654
0.297019394968462
0.333384236575916
0.565554470036965
0.924552925871099
0.354474038032651
0.134718131511329
0.272732398201842
0.265339247709289
0.425777140913256
0.457719988455057
0.323433629414831
0.946186692591699
0.134472525731603
0.563685509039552
0.6464855553658
0.968184003802609
0.568550783034942
0.0602946327484693
0.675883356281605
0.977161010345326
0.618692533091402
0.911367613586811
0.88275719591928
0.710705295167138
0.472463287723218
0.805180197571285
0.329706454539823
0.206070918063455
0.158742742948612
0.606813065672751
0.73432636064809
0.546354509232021
0.487573538097283
0.668670218279013
0.455594386855413
0.102990446758136
0.695525398911917
0.196452419634147
0.915247362490293
0.340612171925345
0.639918540555205
0.495055657102208
0.829168168326776
0.471188539438771
0.534289584802303
0.586926511636625
0.291224504313888
0.696818965848474
0.598761898987523
0.891304129011357
0.992892594547081
0.898273044813769
0.550485328209064
0.815799818004828
0.684521354256749
0.0781621797683263
0.635383121963258
0.777431116553281
0.316009020506848
0.641622996390719
0.666634579846448
0.920264119142598
0.914687526309665
0.402969520524518
0.0682992678799392
0.452709246572647
0.335991000485667
0.957823435454781
0.371434576336674
0.122883892753885
0.351398376596833
0.650262601248899
0.0338920992564712
0.760914624793032
0.946784014318539
0.796379716507534
0.221250155528509
0.179703466121425
0.682556318268344
0.31146848205526
0.42756599300106
0.611405616446199
0.957084923704594
0.682143879910205
0.482085730536645
0.501150424643299
0.469273993991758
0.114476387491696
0.384569530744862
0.615981609618075
0.214010523355796
0.126579258739822
0.542292277286626
0.153359241583523
0.959014174436979
0.755368287082756
0.872761890678821
0.911495074983351
0.754712290071733
0.153232737188629
0.301018768737011
0.525925842626324
0.482724349425826
0.800647326877264
0.860971431090717
0.356292345596803
0.45341625882264
0.735772394884893
0.788747998712934
0.294314539381816
0.308934317699281
0.690034323445655
0.72399957232529
0.501167841453397
0.685149868984602
0.840172714193964
0.826636556027162
0.786106740898948
0.302198166012088
0.84136769728848
0.961890583063856
0.169008772723934
0.471374652061319
0.285324906165169
0.55715340419157
0.872381223392605
0.970008358182442
0.315647733781644
0.0929891486404546
0.672011337438619
0.862550234549413
0.423775373774005
0.330129847702715
0.198592294164039
0.422548511592265
0.204869037495287
0.598561675911496
0.081531561079952
0.910405372111558
0.230639421861094
0.0065858816610805
0.594505798753828
0.771804059368301
0.995236798541758
0.166521271948154
0.13436578296953
0.576888968167519
0.980956765750069
0.799443622293552
0.742817885543816
0.993209706197197
0.193283761064214
0.120086073105523
0.310261305269776
0.605217767988846
0.83501492488681
0.334211669890854
0.717813456319404
0.660523281066101
0.442245287791948
0.526545894232639
0.343871098706297
0.539270530520008
0.188765209280851
0.200721991723989
0.418557062255262
0.266724203995277
0.238417726058885
0.608087789758723
0.172967775607517
0.350690485047124
0.334058943482502
0.710414324816147
0.648729952826086
0.266099138283922
0.948254012002954
0.423096315269082
0.00700731472119775
0.135531461722962
0.337895625490165
0.209187729931666
0.458678448022542
0.640670086642048
0.896034906013928
0.955036381924007
0.327754726613425
0.210486184910465
0.135743904064119
0.0695606830228215
0.820699197754103
0.559632606357985
0.000649429798867767
0.362213852892618
0.637996088880497
0.355496060334972
0.71167026319422
0.687288485532862
0.275798148954828
0.286631908104713
0.234938201387595
0.182789085509362
0.900874556040663
0.0371100390306739
0.969172949336113
0.22357878593242
0.980606544412099
0.150899208014183
0.630659811209605
0.184351801238263
0.253554765844858
0.237430459488796
0.259480179023859
0.539089906661586
0.768021682578575
0.738594305329409
0.327300685109443
0.192015527191489
0.879863766992507
0.94901678799026
0.526811655317516
0.546222694659285
0.028715606265728
0.356002323749013
0.46283858269412
0.152968920062668
0.536415449584257
0.518575556324675
0.119187579302559
0.205349309718849
0.881770296078733
0.331841062536726
0.685061664087444
0.874547242575338
0.406723325905499
0.295090141356666
0.161734569724027
0.00141965086946926
0.675737826413304
0.0961805846318466
0.620752389213854
0.398609507737126
0.284515760468302
0.275197095394241
0.0343081698089747
0.379357906861393
0.00297636850838959
0.478969732071466
0.509768599989519
0.866835731145182
0.820790623905577
0.577590446896248
0.152881490070373
0.142387809378608
0.774544905399229
0.518898356561994
0.634705507749271
0.86316242550481
0.0493462483553835
0.210050564384732
0.667924929120437
0.273045823072495
0.403075504634143
0.667823494741396
0.61386262057288
0.789496473743615
0.809743121246301
0.22228079522743
0.743563526661001
0.601063782080739
0.504960742893255
0.277834427933328
0.199090123809761
0.528105180977985
0.259064189576389
0.304186711509489
0.404471080774888
0.93895543758811
0.103360545459686
0.698643108302075
0.975992859369144
0.291604074076426
0.823667090203902
0.00802141471864991
0.335117616650731
0.922480431170532
0.363011263863265
0.0522512394564921
0.574084568911293
0.394008454469793
0.232801460126038
0.490606301146392
0.0709720129955935
0.585778568670147
0.0730651954736704
0.901617186225439
0.869547817718513
0.9095086901432
0.748799540406352
0.7970166345926
0.680350845528558
0.536968101073258
0.895440044138421
0.803206718291567
0.526948145288782
0.852629095920245
0.86213769933512
0.66974291953042
0.506238892417263
0.103822679556617
0.947114535285169
0.136928076019567
0.227455674470215
0.956725300173575
0.503051665771993
0.438948691763751
0.326002746581434
0.337096939757615
0.363603929329632
0.330784628105618
0.838477924352877
0.256495412313531
0.983262562981695
0.641770256748442
0.882401271989367
0.896060641253454
0.601192534747355
0.944626801820466
0.608692791259007
0.437885678058987
0.310871732620639
0.233882382645619
0.737379936944109
0.565193844242998
0.358511152949525
0.648248335418184
0.73262109182341
0.564069341473845
0.344249366207365
0.396604255719814
0.28673246441006
0.867874551119312
0.883603871470437
0.908790146813545
0.581095332213134
0.757534631477491
0.412380156778283
0.367992948617803
0.225385388704357
0.158939294942131
0.915022590683417
0.126374537913854
0.410063166071848
0.172114813651728
0.256190638177786
0.55531548768179
0.520404696034825
0.702100064003097
0.366621490188004
0.27203941977915
0.493866008164249
0.455550728958829
0.311224274767748
0.59492743647333
0.471091293085999
0.64841015258641
0.608187701374286
0.807594112301194
0.540826486474022
0.693295030314178
0.729592643854452
0.841168702624647
0.224308100713399
0.27661629893242
0.576469934586294
0.480566655180595
0.801271655480036
0.357386353647274
0.349306702176711
0.36757989713985
0.715505571486162
0.570098014958944
0.405017310690598
0.624744420387685
0.428476523090585
0.00245437326996574
0.0966369341666773
0.00151030051715938
0.464738130848971
0.103441607975442
0.689573145185055
0.227173185331886
0.629713081430803
0.484468965789183
0.478798810477078
0.0436033163899481
0.0813735075069766
0.158812001265447
0.184012092309824
0.425992866603099
0.0914248164295102
0.577499003370562
0.457525933208803
0.795697036454521
0.982755073098378
0.929347050158503
0.280394340387675
0.171657355868734
0.187498905791353
0.116293063416085
0.612993196422096
0.191137220768022
0.216290966528636
0.9250091771587
0.274487860855601
0.71724498508785
0.862721937630603
0.677974830771421
0.639316783894481
0.974139369426868
0.469259992836646
0.431915947597767
0.963128412130934
0.234259164525437
0.794591199201996
0.946994517416875
0.946997436461051
0.145077761912797
0.645191091873662
0.347285828534858
0.544725179603368
0.571609248371218
0.734861498997675
0.952987998189971
0.804397252251755
0.506979149000364
0.30676061482952
0.300623203047074
0.619381520559648
0.681283181572977
0.846516874721899
0.842773030866993
0.000660182577697706
0.0594968781381636
0.808124079971756
0.716495930469499
0.248838213093773
0.429018177036661
0.761822311407688
0.838058637646419
0.774177843122335
0.87404285440885
0.0637831743838558
0.317966411072397
0.47915647102087
0.588282987745396
0.278035724871086
0.922007212348317
0.509627812968673
0.787133067645397
0.365392633814448
0.126590598912336
0.179161247843975
0.77418796680645
0.220747866666762
0.491910587300477
0.692945656406068
0.792883305359034
0.231525968438481
0.804669964716232
0.165446522798912
0.507250004538599
0.515023492770618
0.805057545451625
0.57060040836784
0.823473943195329
0.0437483684009268
0.180840500621061
0.621473282728406
0.908759505257596
0.777736879187132
0.582405578145342
0.601517985946431
0.521173404922281
0.497929664507175
0.304793861371979
0.969272349136316
0.559128872135469
0.149958286023256
0.12565087747246
0.860273006495618
0.308840625866636
0.771908875069347
0.864365156148291
0.557017866458346
0.341912977978907
0.567648753003263
0.71906944800676
0.277543372354246
0.67938735575205
0.991279278685681
0.0890359401956277
0.9816400482431
0.342017898602705
0.232295546622034
0.787940724528342
0.63307494600631
0.377366842496943
0.939555384550281
0.452354427282389
0.385289991582434
0.0648993188991755
0.606609292833876
0.171805785842204
0.981799480549609
0.78116246615379
0.21433025984101
0.435969125174135
0.692719781091476
0.387298982253893
0.892954917889241
0.701027199115525
0.407609661315873
0.750876281587121
0.962513909048474
0.814635999496212
0.111058393364142
0.0964369150662789
0.950473380870995
0.119630947938351
0.345740278004694
0.623441796344701
0.0150163392798696
0.410115943912099
0.722650679633154
0.420241338381135
0.794051359923812
0.773827289021999
0.201468295673168
0.996816887484207
0.263727216238664
0.404203529302222
0.0125855928128323
0.894719526606422
0.178085254509388
0.740322450340659
0.797526461847162
0.971226806245899
0.968341767881363
0.752237091114497
0.85462963861091
0.675236506888705
0.853887741937117
0.394551572566251
0.0520527795015883
0.633484015445157
0.704644869366764
0.99040647345758
0.828383273567426
0.680381846876626
0.288506289517913
0.618206423619806
0.767156044527905
0.0292976201888528
0.0990295887705811
0.556744149502576
0.17176407919636
0.291929468297757
0.459298222550516
0.33258956746176
0.867581712563755
0.935899920375411
0.381989879991613
0.605833515151379
0.46936859937406
0.658730666156513
0.162577473784685
0.191074282221177
0.209028358909597
0.248975744925134
0.884299328016446
0.595721761960925
0.277404005051194
0.272694467423997
0.601708315186352
0.687802941016292
0.546955244700633
0.892785591796584
0.278679331436263
0.142438922210845
0.645515145712832
0.726249677862898
0.374574200808234
0.0446678962456387
0.103101435783421
0.19564786293251
0.0417670041708634
0.809946505521638
0.969359709943201
0.680892755413142
0.0705647676747982
0.892691615765967
0.155522099065291
0.285104215878478
0.88677361390567
0.32055675133752
0.118850846033513
0.288868091635435
0.990963303690875
0.192452123048231
0.380264311181701
0.49012195153599
0.347300593180668
0.109549248111178
0.781737900325621
0.322946155118732
0.626864397794548
0.516147238667829
0.963564652608456
0.458671004401896
0.278516944656491
0.379315798042898
0.909401243403206
0.154543182417178
0.24089714694093
0.249871234372055
0.466775360439974
0.862346704815889
0.676854372616388
0.744727642935949
0.228909717282428
0.970062983843293
0.760957619954646
0.392843635029231
0.149498223322684
0.944744508511621
0.576372601644475
0.523852353296882
0.518453958008646
0.0980475929144056
0.241937794387417
0.680621884911132
0.965364820267699
0.858415326787055
0.689882789407703
0.855484434992321
0.77310795432697
0.319923999479422
0.402137867702436
0.847913333087374
0.969211135445929
0.566109246900973
0.529098302958757
0.0679066791342087
0.80477314177715
0.774034052138916
0.559066386371905
0.944716560776913
0.433982294341681
0.621015210303844
0.480888930346514
0.113696665964978
0.10108894000475
0.34495216779405
0.873657025532381
0.492180345702704
0.53774390929389
0.598375947777746
0.455518221685401
0.836559442850303
0.556112870403961
0.697488446934632
0.7494052276242
0.873101323945745
0.323656976068683
0.859422153565384
0.735263197376681
0.443305390726867
0.215397220048925
0.88368903078944
0.73984258505464
0.23061071839302
0.466143406531449
0.306782335646446
0.195066789191925
0.980243445585404
0.810305008917745
0.916357119439684
0.787960766643524
0.844773493015347
0.885025058682956
0.565109192674886
0.203868972138742
0.882998874345299
0.883348900363367
0.442950010917769
0.790352965347586
0.101871466006359
0.48032567532481
0.727607136922375
0.780631626215035
0.902420972148828
0.621214463595408
0.534091838599312
0.819959182327413
0.140272809339096
0.543427262323035
0.984190875922378
0.125511856256721
0.360629467615747
0.292972518924816
0.438126053066657
0.933586807833069
0.773410923302081
0.692494590232487
0.89784676199845
0.946365235523296
0.377259243453089
0.625967502950494
0.759672834266772
0.673446733222132
0.911317249385058
0.627565204317617
0.0812084478402103
0.969632162953939
0.496090781921684
0.7947909066668
0.566230452883234
0.0561516479923902
0.293027279557492
0.812245808006663
0.391880756176511
0.023175320789891
0.00221298799488923
0.544939162422992
0.497220064515546
0.613996082654802
0.181518365646244
0.182035237790019
0.664170342391686
0.750492568939015
0.470144109980862
0.384090471586839
0.868187092330116
0.21322846562543
0.176680940219314
0.697660607466823
0.0678117434127539
0.0996911487254965
0.424226066818032
0.0869158537838146
0.643563844469933
0.645609920441046
0.360113497583385
0.973997572184442
0.830780147024113
0.968513819461543
0.958594620209782
0.840613551971361
0.332088667308222
0.147141413171428
0.0171977455842246
0.194693497584259
0.776957959582645
0.935088940686658
0.36352262475915
0.711182757925014
0.643472847949624
0.395190464138015
0.349039425822916
0.522615528398142
0.169175767570235
0.559663014399635
0.730940542049206
0.749327198616552
0.00526210820303419
0.273225374939534
0.807648094997925
0.127457629092584
0.444884019205473
0.569508493604082
0.891919767809009
0.718705436467617
0.283375770863306
0.537176456831432
0.454017100673805
0.954547323762077
0.0519171698736797
0.849441284495698
0.112354760042424
0.963958192697031
0.834420862027671
0.126905096281303
0.181820612703232
0.416928600341874
0.24481072307979
0.943269208191616
0.978161966591655
0.99845418980191
0.610951738069977
0.871764229108732
0.333916910503712
0.824306512345
0.339385413377898
0.606587369532963
0.164197030869338
0.783435890247238
0.259578134174482
0.261380417931583
0.810435905163665
0.231056496045745
0.541470915396032
0.789794913954626
0.795155131947964
0.738209580233067
0.420001463017941
0.956337486784633
0.62825503724755
0.820618656647958
0.561373782935004
0.948772389798049
0.247729766663355
0.0771263080512514
0.55424498082255
0.343846424848085
0.920769837008085
0.213135591329183
0.403918071585307
0.046627248178334
0.947826291169901
0.120117346076205
0.550333999415515
0.918329168748357
0.157892373053445
0.691837221872064
0.721386068194305
0.908024334382902
0.460811844370372
0.296078786314566
0.839338637845728
0.384380414929318
0.366401049153907
0.432630849808757
0.930702186917185
0.559359821831686
0.784593194217931
0.485237244547143
0.181233354843161
0.44976761981923
0.802932642708989
0.581833064764692
0.691708016265033
0.596779675434234
0.625728751108949
0.154121503948309
0.41831019541564
0.921110254912527
0.658740826470444
0.973045807858449
0.224811311474946
0.41319571801782
0.965319915847112
0.983071955788193
0.69636938947435
0.146985739911286
0.923003676510601
0.558491736156418
0.771382541904912
0.739441106908868
0.0230725938378264
0.110306860983972
0.318306892405557
0.306268609976988
0.0146497596186166
0.919422721086856
0.960201105239501
0.0591362217692562
0.77792093109771
0.033627537859992
0.653029555389713
0.426251511860685
0.805846127392445
0.187932895581152
0.00757725153735873
0.252744033172139
0.0478592104379609
0.577031041604849
0.0812470993704316
0.78154559840412
0.669591525146068
0.636725381057856
0.497941384907227
0.701299923620402
0.813764083156541
0.316319422905043
0.123530020742261
0.169269589023689
0.766338337589402
0.181605413386085
0.263605392601669
0.0325074926210265
0.903628137751079
0.111284782418444
0.987382471043987
0.13903060403422
0.787522838181734
0.919060074925347
0.658315364784887
0.419863350561035
0.282915875983543
0.80589213169676
0.942932484788482
0.0425857895952865
0.190245506676918
0.165269591041362
0.284145254170395
0.108635814279122
0.195277200873688
0.56866674870662
0.249049266673604
0.307349301335945
0.231102898630578
0.0369717258436686
0.0897850724886671
0.880911364611288
0.683144123138261
0.531457729127991
0.18971806971904
0.674689015798614
0.835220066486431
0.386533015339118
0.530413384126257
0.719124086520289
0.757107650688866
0.0770412724161195
0.8604744539051
0.327953969050618
0.36087054007605
0.849647584158198
0.572757620640984
0.819103136828185
0.0763546202091538
0.230657939837106
0.996073660225504
0.406092532914538
0.606927981155907
0.071347063963342
0.751656978742264
0.130396288100503
0.126659974115018
0.458760285948478
0.426623193555526
0.342266351494552
0.696788445638621
0.466914789196858
0.651361500121117
0.906156160724705
0.720723448566007
0.657506731244687
0.945587123748061
0.94859371103179
0.0616477381459158
0.237634974157366
0.0286050999944291
0.213962146085759
0.65601403019801
0.782661472998353
0.000169214082952769
0.396551588963682
0.408049035438252
0.0519116081259416
0.0806896857500692
0.116412543352339
0.543285569609414
0.495426400042535
0.30266815615465
0.534184335186933
0.221443050494122
0.115083850550689
0.559509196673313
0.126458264081066
0.804570535944289
0.244002363236577
0.955127930804715
0.968537214667071
0.142426681177417
0.623973123915731
0.538650506900476
0.196557690162375
0.0780405174058909
0.711555141417638
0.548082155238458
0.310423623636619
0.466050830717431
0.614278387948517
0.712784714186009
0.102043000886815
0.741066468582844
0.0811544997156421
0.179762558218432
0.371047897231295
0.0133455941809059
0.906479896037144
0.32780544298518
0.650831486495076
0.276154325919321
0.713005210270589
0.783881629752373
0.843828433323363
0.566697860601166
0.389929925471617
0.843489864830848
0.320265556185551
0.121828466376609
0.839523769613896
0.140551947151444
0.695948449830167
0.797482589284702
0.046536003787897
0.948212977837812
0.313575246206107
0.172390615324954
0.14571792487188
0.212849379425403
0.103669192961216
0.276653424326343
0.81077490961695
0.190662294632899
0.788846932287261
0.0734190105648157
0.663649757939315
0.872343354594128
0.0262840405156888
0.283355322182513
0.781686070769925
0.0313524241869042
0.685667162744764
0.545041768553163
0.787767147599776
0.341584835558156
0.443416972410585
0.817639816877935
0.318858793895455
0.806543092597372
0.754452588826032
0.613555717625679
0.876876648886963
0.108326670643399
0.501672230726552
0.488202334943579
0.536926957145875
0.868079810922254
0.507036400869694
0.193138951255432
0.964941634778737
0.35965976104009
0.413723721609311
0.316698200810657
0.111824319131616
0.680518193515327
0.382717439728261
0.195761019619308
0.360742170838786
0.0317068799032281
0.540665570362531
0.0602541516944401
0.446132989791221
0.314156873258399
0.948777303244561
0.854396815892358
0.571852983958813
0.202670817262708
0.512257699045027
0.542816712821115
0.608447278800737
0.359675380161489
0.733404436131134
0.605739278054022
0.152688820145242
0.89530568243204
0.49472876017807
0.788602254470071
0.174600455599664
0.952621105191272
0.0782794045545218
0.979983345972179
0.517431196278865
0.311454791584883
0.815507232204416
0.975448477586956
0.698869151035112
0.497246086698333
0.720261904107296
0.300045250745004
0.212859028003797
0.745711141342139
0.34298008475835
0.763736758518206
0.669561717932069
0.854509783430768
0.826573594825368
0.381452237342106
0.663687538669843
0.446241525590042
0.768584847188514
0.978953216040712
0.85047285617034
0.63715594716974
0.942756859259344
0.2110028147583
0.974841176575343
0.622341613448299
0.663495545674003
0.865778507607969
0.124492885136924
0.326362651807194
0.782388174353478
0.921226507951487
0.167871530167112
0.879915454451805
0.487557676343716
0.468662922264107
0.735081090371215
0.937902919492575
0.169781911827745
0.418580156896545
0.894466595624555
0.400872391492643
0.627406641253934
0.453391590577028
0.278418396088511
0.780324491809611
0.155757381092852
0.998337805553564
0.116263851189779
0.426728552093214
0.596105468771797
0.943911605249189
0.786575323677024
0.664883877494698
0.704620053818369
0.155979263960821
0.183204005401015
0.803966696760677
0.742018913014383
0.292878971929717
0.0412138203456241
0.871846230770963
0.791557457936628
0.520589503253069
0.313377299424281
0.584871352210738
0.625276185967596
0.229213181224338
0.29397047488027
0.106229451870323
0.412431589562622
0.814660190814129
0.0621288086183795
0.556997312609637
0.975127780798051
0.555157866199439
0.766651776132728
0.459432811226155
0.147215786544252
0.965139423815854
0.218052680954373
0.126602082882931
0.209736886507116
0.933603633529442
0.577501402444292
0.331267288294828
0.591371399058643
0.207188302591389
0.698705479362628
0.779446112750668
0.251850178006471
0.880305967619121
0.964280048097841
0.514352687515371
0.594263851638622
0.0659187133816321
0.206183293404319
0.755823300040797
0.0542614761559025
0.537362406957496
0.0711268693731191
0.463645036656892
0.240323068115263
0.629359022841625
0.513182428577886
0.198223908694797
0.596240169041337
0.301564715424893
0.997690415863707
0.0513114376130012
0.299171830580545
0.864605968594802
0.697560542862178
0.62563193571637
0.662190191058417
0.620233258757268
0.772926162022467
0.405405679176643
0.238753655677378
0.574431853338071
0.444554841081986
0.00127405800160488
0.77078242816368
0.406572719222082
0.0606475219687988
0.434291964291583
0.333200541615375
0.732912797957491
0.636329326898936
0.126222527644121
0.153602240414087
0.294424361559586
0.249939904748222
0.91194723893891
0.0500977600870503
0.633928663392013
0.419370229396686
0.852445767354382
0.997707629346972
0.906084535036443
0.883630805598987
0.501719270951983
0.523145726136925
0.876786999962342
0.142693089166335
0.889745701451341
0.356753400252684
0.355074595782624
0.245447812970707
0.447637657085211
0.071138834857227
0.25330918878407
0.378073904832976
0.507920885868294
0.0346399041759081
0.0124658759568981
0.445013909256506
0.296187393807471
0.538347507265091
0.0546249661587748
0.314986532805772
0.04456905546985
0.0919595818825277
0.581871416202807
0.581975598920695
0.0521442046995659
0.0321865057569026
0.678623882390271
0.117388535541093
0.698795589933694
0.882609710042314
0.597043782577939
0.144335246759996
0.348172529983667
0.424940313302336
0.960565564106708
0.729635672310012
0.832734401282167
0.979934928763017
0.425558861699636
0.353029016953653
0.527102977748669
0.752808600483663
0.987062330530366
0.0477143041184617
0.464146014237552
0.701684583338038
0.0802054731709651
0.655938129588477
0.796728794715892
0.769229393488881
0.00447208460534971
0.533103159619821
0.543786567709948
0.631894471300436
0.504306526974731
0.82197160791975
0.902359472225367
0.763103883860956
0.231035933947926
0.0664736442696107
0.65167660225808
0.819437941364001
0.095213415621972
0.865639326124174
0.974444903982814
0.0337048340654418
0.14677564102744
0.210230069862325
0.816873444040793
0.53611770821136
0.403381846789492
0.503452364698051
0.954437553248434
0.74180009887404
0.411095760882104
0.342239202421185
0.978290484761435
0.124710486016474
0.620592778947325
0.263098070186351
0.84810732086089
0.628430348488797
0.288938128982048
0.846972553790918
0.36520673400016
0.683211832877416
0.920681546693438
0.904037718786296
0.154737121440547
0.980624398622078
0.925317021336739
0.541991668654701
0.149835032884097
0.78107023801285
0.0738299294028261
0.582251301105902
0.433856997334973
0.141070928349136
0.332011226366683
0.415669276461074
0.710779511688278
0.2810591889438
0.213269222944163
0.780776568789028
0.978756123958479
0.449947750350658
0.449755598709768
0.309926694452798
0.00359791163038982
0.425599533363293
0.80300344433028
0.902638661628198
0.476087414143768
0.0583511625474987
0.187241330887351
0.252455261258441
0.295400962542058
0.635545182674153
0.853222437191011
0.542262102467427
0.460871671360833
0.523053019196429
0.103583202435467
0.655605279373827
0.0584663971507285
0.384639108423845
0.11574086219128
0.74790792918415
0.0386795276444253
0.992727037758072
0.0250465455118263
0.11001613686552
0.663256679476636
0.870142320084484
0.6475557505252
0.00766495575550167
0.956586417294883
0.919024117426959
0.539762843816995
0.898933253574618
0.0500345885569016
0.168524226907326
0.977039231952539
0.492044772447722
0.091053924006518
0.550536749186671
0.605047045202737
0.590231695759738
0.392601036980632
0.866127664380078
0.551753862171368
0.109956187652573
0.658064063139224
0.46149329162256
0.919598652921286
0.106341611774077
0.834837472559453
0.836971518338591
0.914386938069145
0.423651659542157
0.159007076498095
0.352378948311363
0.519918040555498
0.0104678563137753
0.684109300754915
0.528191595353878
0.00976185415801294
0.68124777622676
0.841738200477915
0.935963479058444
0.194891925222998
0.409589440920503
0.0954879308298555
0.666907884523535
0.195033423426023
0.526175046730941
0.577472308784067
0.641186157436787
0.861603779957999
0.173149083260103
0.853537877981855
0.0366609352477813
0.119181154729913
0.737895271810283
0.237318606485652
0.849904860983304
0.462416637870833
0.00383549934040632
0.684074463948157
0.95570401104047
0.222049653385622
0.247419548318423
0.872423775657729
0.33281994419015
0.886940255207337
0.264022054375685
0.768212984659829
0.86324677221898
0.870837506779356
0.148161552006066
0.979028676625253
0.974009490155109
0.552381905241173
0.0226976489665213
0.667307807373988
0.886769523911187
0.304786196208171
0.392896361152348
0.912804279185643
0.214949948100882
0.925123968291125
0.351066873216358
0.505744374645964
0.0326159579771156
0.140327723556586
0.527330750747532
0.808383502522638
0.450190680140864
0.775505357924383
0.940057887039214
0.969228059274136
0.28713801540731
0.420559795187543
0.503180893926399
0.967658742004039
0.325384753578806
0.531901837018043
0.750771417104214
0.913761740909212
0.906648675623077
0.109464123747259
0.305317034290485
0.0420910716692797
0.87600569893108
0.180104474475828
0.79707919873323
0.819918552844514
0.524272262249262
0.881793559861741
0.170070015005896
0.273509073224631
0.617702537159061
0.534869110460865
0.257793382958757
0.10358757597814
0.309972753671007
0.958188608538718
0.741462150566796
0.977011629649171
0.820418842711999
0.595526529526002
0.66804033391884
0.835904231670102
0.778653445795005
0.0685323486672525
0.182727489583484
0.380425682605748
0.657345090786781
0.379635840342854
0.547805321438799
0.842505299974276
0.0948196020163081
0.391067716969573
0.264757806292254
0.525783639774075
0.0288429107057697
0.932772561319573
0.765472443760151
0.980960717491829
0.449316859237994
0.549480317171917
0.491477209195955
0.547152848419755
0.100864146616764
0.61653853766787
0.677944790096741
0.859101683665463
0.357299324831031
0.666533469809089
0.329674248670152
0.885394429550244
0.687096819361623
0.174253354553658
0.495981170093385
0.221896434449612
0.803704461446973
0.641045388728174
0.180967651830559
0.982019639854558
0.814524547808282
0.969120086932681
0.760006933710809
0.881367878069462
0.70253031327074
0.824279545612277
0.628206311171029
0.808430143401051
0.409878662896283
0.555069442848389
0.295820472191168
0.0163273142838452
0.271130791948573
0.448323061632293
0.566366250915064
0.366024921715084
0.202878566958141
0.31433204469437
0.796605112873258
0.545748148716834
0.992249476781798
0.933822326566176
0.299221383256834
0.608139066229635
0.416993608386137
0.905411807227587
0.922256914005963
0.403302882020896
0.935351442764146
0.500011888896601
0.237867040027478
0.942465614246462
0.768544842610946
0.199862745262731
0.507643609482868
0.115547170160786
0.560607273278233
0.29975411922835
0.950048452823181
0.248882889879714
0.393888762880162
0.842285992241192
0.910885832764838
0.176062080078822
0.919845711683671
0.422685972992973
0.360138102520219
0.020185537097784
0.652508405369761
0.395999053145909
0.347948724875648
0.646293929921084
0.741933608799661
0.998420444258104
0.335957622864322
0.108192969252316
0.0525095008763188
0.534242727790931
0.339365441872892
0.349086851121356
0.388749432929564
0.639851416095753
0.564764121971092
0.292874409389717
0.458213415394647
0.132706385996227
0.00197760856824804
0.587056743506643
0.0855049970100978
0.972905064047765
0.173945337754579
0.113656400025822
0.0854108342094607
0.125437408760744
0.720609101689279
0.666967685362439
0.761925372754672
0.234658015405826
0.672586902349767
0.608532923524646
0.0732787570332673
0.361533831843643
0.731201698038078
0.306267948222057
0.742977623264057
0.614389944804065
0.646717451359662
0.0542076205986941
0.425667090681284
0.183959059748002
0.549445596583517
0.577557842474976
0.175779779886634
0.484288381338939
0.0988521833432652
0.39344853108345
0.817566603444545
0.137012252462199
0.983380025880586
0.0695095706625686
0.529485212017274
0.0752684975594962
0.351931163681887
0.392469471794124
0.105754313522417
0.481027100147157
0.893155305932273
0.77545907761189
0.0265818913874703
0.904295521074398
0.816464166360573
0.137492952893359
0.903482245308309
0.802200625068605
0.772739259759667
0.816078874133922
0.368930766954998
0.568737385386552
0.0278154768222969
0.0500443156090813
0.779678417301357
0.0647474034064775
0.384417082397449
0.112439120133608
0.0137424115763168
0.68334228515923
0.8357131487046
0.184924958890087
0.130794785385222
0.938270074973309
0.498234046810436
0.829445038791448
0.495984684820619
0.0397609262714281
0.900639683547804
0.312296720618928
0.963632303772103
0.822749737606625
0.22367990293464
0.695863690163463
0.565766117421011
0.374422554400198
0.404933866602509
0.0859278502149618
0.790281541924648
0.103719182383675
0.153108670858531
0.0683140183605317
0.230956760220176
0.12996539785382
0.463858421319885
0.533113196647734
0.56760884842079
0.340060122911725
0.920320606963779
0.729182173273272
0.221780773676252
0.767257547723671
0.206618711826109
0.354651164062958
0.646591463846687
0.123455526824075
0.413717618472389
0.999136064444714
0.628775786232749
0.504854853161845
0.455778323197344
0.804928287246447
0.285401749645794
0.278665548966827
0.832889480579498
0.696837417242422
0.244048362308514
0.964109015599309
0.641304580412639
0.16347515975022
0.478121880133876
0.458448125994319
0.895772617036738
0.199217708398814
0.450463606759341
0.365771396133508
0.574992801446191
0.280658896744153
0.643076421540626
0.818647383705275
0.0922455003432644
0.518998342417247
0.113628075636762
0.457156031547504
0.418893222627284
0.821633306811001
0.230222479130649
0.236354470595045
0.0351174299820684
0.534233421128853
0.0203281456790432
0.27875583694739
0.150294902423692
0.0113530370501088
0.827481943858461
0.438934801812184
0.455319330877472
0.579180359645911
0.807718420140396
0.542786574021819
0.531879410079114
0.64807273977485
0.114603644342233
0.000392154126695663
0.329943697712163
0.341412819945163
0.460436340590207
0.585783733973672
0.881029334631183
0.0920924123077217
0.0153249574158368
0.924875800967273
0.871885004184409
0.187001196396534
0.372553132753051
0.795362135728184
0.17398528236422
0.406524898147654
0.513216330441305
0.431175663870183
0.468461909961961
0.559735189479561
0.713147929509724
0.529618671775077
0.149775940804845
0.201263925164565
0.616255965131775
0.952714170901481
0.246724381267015
0.541382522193774
0.910206287676476
0.0496783516919722
0.135830122072684
0.0460541331609298
0.298374610556701
0.725183651278209
0.227697009605528
0.969110613972877
0.187458206458689
0.198016713193948
0.121310950452831
0.711432692283683
0.271230056051109
0.0922024415793678
0.728541229179764
0.366073211738404
0.750000778611128
0.468380312710323
0.110012638690081
0.31947966202645
0.192053567339401
0.884047907446479
0.63525735141909
0.0472556345633554
0.85668118558625
0.0300594615491
0.623449620812157
0.998297773033193
0.124386094267124
0.1071738758391
0.925672686066548
0.295341793010734
0.584090000179582
0.631191636618391
0.0621210514466988
0.155545370337322
0.276260020474788
0.227074168166314
0.187126360476623
0.975159653036958
0.692179940559784
0.547806353520925
0.395310510640962
0.692837393682615
0.417668336950398
0.105492619019284
0.0433680239315496
0.145565586880953
0.977838331003308
0.273219568232749
0.457590352168457
0.904367149887044
0.998849415677223
0.0874528568632723
0.967785632870626
0.701401606186439
0.289290551188994
0.7598707797401
0.0542013833234556
0.813853506705563
0.0100180684223433
0.498048040227017
0.192297108995373
0.0258140484952144
0.607167911987091
0.727713336276766
0.0285441977889923
0.0279009978083173
0.816052704843428
0.115987518696037
0.304023311011217
0.833783100289255
0.983409701178799
0.933376444602129
0.5428016383642
0.31373993977174
0.432330100508157
0.0387914475903927
0.966258366312817
0.36404751264491
0.658878889471377
0.358478342951609
0.381856761310746
0.0158630917338902
0.911814639426272
0.717365933382701
0.690150146308924
0.782398499660214
0.761657858882708
0.692673669802199
0.640447226037187
0.153406665396722
0.522246934551591
0.517027055373402
0.517054379264406
0.482506176016036
0.111198952680521
0.434262060057476
0.294863850044761
0.0349644591039159
0.0308087388754399
0.106576378068516
0.946514817783024
0.382047683815031
0.521687274380811
0.311934949305623
0.432227759533745
0.0754234737446314
0.888586751499508
0.25109379371013
0.14334404093781
0.80770561938112
0.737862773997205
0.648807872154374
0.0818201844549
0.0175863074818978
0.853091929433463
0.833472051032378
0.539409361576285
0.255816322212491
0.171614732950832
0.710765047203456
0.753864827985864
0.77889443418311
0.67962985366679
0.185244054703107
0.242346404805253
0.148969260006335
0.550934087184222
0.240002811630148
0.426709798170874
0.362229771562903
0.759195734032
0.553307468117819
0.26444317693953
0.876532834654183
0.150407676781307
0.315885872546765
0.729560043497016
0.366522912245971
0.381266351460862
0.593091264362423
0.7964022430847
0.0911531460209186
0.00102572592741897
0.291717089929089
0.83524214353408
0.0238742475579439
0.164876408788668
0.942989906220272
0.436054932822422
0.619238119795898
0.484329442014874
0.47474307071894
0.738539757310672
0.671124852700884
0.495499109321207
0.844086361589992
0.0615153355235757
0.49951034762856
0.521906354111332
0.211721677871455
0.315419813775935
0.464359976615934
0.834908850060017
0.719477873690394
0.168837595937211
0.924355694302839
0.761442600433175
0.465228207338824
0.0976248738699499
0.47878163390373
0.0822525454015032
0.196739034571895
0.339990565639577
0.954241401149528
0.52124512490777
0.460303993352919
0.48606657231844
0.371277326955593
0.599002684229092
0.301117547769772
0.375755086899613
0.851938188851666
0.277043164609043
0.356075009752686
0.265687236201991
0.365003603268454
0.473967398922624
0.131633828590726
0.857975753055374
0.729504949187789
0.279277644741389
0.851527213533181
0.862864904401819
0.75538519517894
0.00506763877650225
0.0270963850218903
0.725290956117665
0.510495556415157
0.418281665884004
0.897376481403369
0.588296198066345
0.861232350982511
0.951846459424091
0.441132797335466
0.172388835034889
0.736819705985574
0.465231372807809
0.479621685760215
0.921997809297846
0.118029278679339
0.354647841272608
0.612453895610254
0.634380227705192
0.526731752744795
0.515583758400619
0.700307071168043
0.0656321324927016
0.748541211379411
0.879323333933192
0.80014671640987
0.0345799324323837
0.513313666147882
0.4935980466345
0.141176983052227
0.0481269271025561
0.822464542365999
0.840471249153529
0.191472986221193
0.419288625353092
0.656880241932528
0.080799956625859
0.574701847844019
0.16897558956661
0.544653074730543
0.834735050134262
0.671337255655216
0.947306215099569
0.822592356849888
0.0268604213343922
0.182394271998444
0.849469255221489
0.900007836119166
0.214960057086597
0.705520515761013
0.389992607542559
0.861255175255981
0.518484114696647
0.867156717930369
0.815367463440205
0.301132327554434
0.348084891165003
0.215882992531143
0.0626509788874841
0.0928478926653293
0.376135910999446
0.527117933337335
0.904595935519664
0.496971068773557
0.365370319889211
0.847313498145543
0.389720282651878
0.573134663658136
0.643865573137389
0.144546546141354
0.346411323370789
0.704218879909951
0.129802234476688
0.725556260356064
0.956434254682618
0.600054351137159
0.485769772466105
0.983814923191286
0.0451944128078097
0.140954915434955
0.224344392830985
0.726090489218606
0.220527538504871
0.623411800075622
0.945057349536943
0.998728265441358
0.900877914170713
0.481658899782316
0.900238662515655
0.737362451418857
0.618522863390131
0.465406016262287
0.610800371535352
0.0865939686362108
0.596775553496782
0.838209960642855
0.52151282506403
0.0762217963894023
0.0875155853455101
0.857768632809746
0.491204134161549
0.362816119323333
0.879576146241878
0.388389565416657
0.718287022102041
0.60050561411391
0.031520176561337
0.383974991815879
0.87830851429644
0.538831321447819
0.959936421931234
0.793249260012638
0.461606669339866
0.664365547962877
0.0984425521962456
0.0997535983139552
0.963359558614163
0.305611760086811
0.93409748003197
0.398099588834543
0.169987421256253
0.522472073807597
0.963201333597046
0.130771235435379
0.128046684116511
0.0498403320958183
0.561385960833728
0.800162953271019
0.0939434054339425
0.839491665690226
0.335695906856136
0.0915693832600568
0.340666276306362
0.856832136445161
0.52367050927946
0.8415561807269
0.902233445635607
0.834247599888823
0.41049804698222
0.0175542544562221
0.24468899962617
0.337143104613198
0.977641408158224
0.726565391781613
0.835807854265988
0.266076657992227
0.130430456794805
0.970946291015758
0.0623390913498957
0.649774796130948
0.478976759299242
0.235352054188435
0.839820340010026
0.379483319108418
0.0584105356252062
0.0816976512017959
0.731114748035814
0.116515436953215
0.502876720655447
0.572466048212017
0.0566593769403967
0.303064804701893
0.807467174614301
0.232148202225123
0.609300023338437
0.691179830635363
0.600900610651101
0.460141187294734
0.155284652295358
0.791178632446714
0.783779189104379
0.0506124482496141
0.512647746182532
0.0594700156862678
0.893020405989937
0.603966024759687
0.511497892523726
0.191089186395792
0.446628975026304
0.451307468092258
0.453530197238278
0.175944488288095
0.882864369714705
0.469939503704213
0.507054544220392
0.75381555118518
0.385360485171702
0.937650406073316
0.367187615102014
0.173496661518077
0.301899137788538
0.445300818016093
0.24252663440704
0.714219531108876
0.920550218842223
0.475082104453439
0.342543479494203
0.0430211137574702
0.197112083411463
0.765046835749672
0.843621326944564
0.759860503745947
0.36716381733645
0.807065231143505
0.679451054026328
0.140820554870007
0.617958618569254
0.81563854956311
0.473688887683315
0.608478101345975
0.185665313292504
0.406087224956172
0.841125860590495
0.764598157966088
0.630936287354717
0.81328844601833
0.213442457976538
0.991377691972456
0.948538002062283
0.39770812245097
0.36831189836886
0.35542762010888
0.606846392633971
0.761616367048405
0.597247277827375
0.716785744689061
0.363179034332486
0.16493578517089
0.23224934396984
0.566417432187583
0.411656012443725
0.118880724420762
0.149309001327372
0.99217165256527
0.601214556797748
0.458462612816741
0.623694289737808
0.131785532304588
0.285338098049491
0.411934801494129
0.864148374822429
0.665768064311697
0.331318471246581
0.388884326335918
0.0270828937527351
0.201878706693373
0.737480507855537
0.294444370890719
0.807981146093272
0.132326455746094
0.938359546495788
0.421229946007604
0.229709753580168
0.240091822067476
0.388707077891187
0.438864003842481
0.210810108064395
0.994507110448133
0.375498574983077
0.781513057287821
0.787196907832027
0.0263419556492402
0.930285390826045
0.728820413762652
0.233825620274654
0.285443360524928
0.591929841451876
0.917611946649675
0.737311043668605
0.642896433692399
0.917123232739921
0.790502641830072
0.674638613321882
0.709272046766558
0.0904041016678933
0.677842520439632
0.674553727709725
0.182897529916406
0.687309636306436
0.163983549408404
0.33523927406228
0.0969217602069338
0.280321441029359
0.259128504911982
0.660261365502247
0.504883689334526
0.523357599346627
0.483275357367031
0.245392156256343
0.633834320692214
0.0476868600136674
0.797413894271217
0.313798456840622
0.320009438114368
0.544721198869997
0.789652226144215
0.628258476294491
0.769640714752861
0.550135557156182
0.765912848095848
0.781882037563609
0.838184547642457
0.884267362043618
0.715251884790833
0.275515576800217
0.6467008097989
0.505132410096643
0.213251480879895
0.241230262504005
0.17623262661771
0.755421828092831
0.497027093826234
0.149353764594682
0.50745665707755
0.690790612622345
0.858626914781564
0.700372782931981
0.228498619720784
0.0499171226603775
0.685623941568174
0.559572654435215
0.194907690979053
0.871766527687046
0.946562144661605
0.684941246853368
0.464121262060046
0.884857221617148
0.687107686215312
0.276247045512558
0.726249357188363
0.784860020012529
0.82716654974992
0.590057349973306
0.876779798525265
0.821321142747529
0.490945223871611
0.153406536896666
0.965513954744675
0.0568888750628312
0.945638554868847
0.0352589315775149
0.38614305032707
0.119764953024027
0.294939698020661
0.134305814570464
0.467872273949362
0.944798667977571
0.809997774715245
0.767747492666527
0.955153748457638
0.425470540684174
0.855961449841454
0.543114678111411
0.809725238088771
0.335267909358049
0.390692265225337
0.899096895467947
0.339458555717548
0.936626566875652
0.705452969195406
0.0728885872659032
0.588486947443338
0.411982769249237
0.939463658086286
0.589072976484672
0.184620478507385
0.995912937103134
0.358374906832749
0.818776368962077
0.930061262903036
0.61460131406152
0.458600927515991
0.171578600117594
0.252110700417112
0.137196801812523
0.676802757542366
0.657867712827198
0.117007763176777
0.904226991087153
0.12781776539902
0.278194568778018
0.671481571749021
0.898604468448834
0.709006837679079
0.865415957928906
0.182302785008931
0.607396979453977
0.997780104087318
0.412946655581474
0.392348254082705
0.205861980778925
0.221100214759141
0.878020275342693
0.265004307899433
0.41919101186194
0.868128516004185
0.139644924456558
0.711238906837453
0.961354473413237
0.793670858075886
0.533603351892191
0.610519181490165
0.510394157820932
0.34036493956867
0.692451476492741
0.570040675518798
0.972946962021201
0.630290283221717
0.103379955959198
0.583642339563281
0.0161991383838251
0.0665756017505743
0.0286571900624066
0.234053597066664
0.215734631810149
0.309709429853592
0.36364989984268
0.0994504661059561
0.800884137590177
0.870272374314807
0.832494475347533
0.807384938440557
0.674473544253682
0.265595573761988
0.0478279459062205
0.128482797864894
0.47479520508744
0.403410850055123
0.299086881175842
0.117191717527469
0.75887016837341
0.909611279667439
0.776848451031882
0.911243564146083
0.611497755574758
0.475061740987077
0.114129332056408
0.693732299532891
0.930003707400293
0.539566061367422
0.969270638371272
0.999124882816219
0.141901930920889
0.910116152824354
